model_id	method_family	result_dir	checkpoint	mean_dice	hits	hit_rate	raw_like	result_hash	dice_2a	dice_2b	dice_2c	dice_2d
lobe_roi_segmentation_loss_continue_5000_to10000__semantic_v2_summary_tables__5b09b79b	lobe_roi_segmentation_loss_continue_5000_to10000	outputs/lobe_roi_segmentation_loss_continue_5000_to10000/full200/update_06000/semantic_v1_v2_strict_eval/semantic_v2_summary_tables	/common/lidxxlab/chushu/RexGroundingCT/outputs/lobe_roi_segmentation_loss_continue_5000_to10000/checkpoints/checkpoint_update_6000.pth	0.35363191436506036	298	0.7821522309711286	False	5b09b79b1ac7836e057e7fade95dbd93dddc5476507f4c262dea6ba4bee0c85d	0.3258656336221286	0.3767284551201633	0.4233902076075827	0.4025690642162002
prompt_location_u10k__semantic_A_e10_s10_fw10	prompt_location_alignment_loss_v1_noattention_from_update8000_to10000	outputs/prompt_location_alignment_loss_v1_noattention_from_update8000_to10000/full381_update10000/semantic_posthoc	/common/lidxxlab/chushu/RexGroundingCT/outputs/prompt_location_alignment_loss_v1_noattention_from_update8000_to10000/checkpoints/checkpoint_update_10000.pth	0.34797807313195694	295	0.7742782152230971	False	43d488e67b5489a8a085b96c2ec3bafa918681e93137ab6493ea3febb99c22c7	0.3394938581827743	0.3447448171156098	0.3879858614900097	0.40700210054193886
nonattention_baseline_selection__semantic_v2_summary_tables__a1b37791	nonattention_baseline_selection	outputs/nonattention_baseline_selection/full381_update10000/semantic_v1_v2_strict_eval/semantic_v2_summary_tables	/common/lidxxlab/chushu/RexGroundingCT/outputs/voxtell_v11_e1e-5_d1e-4_1gpu_bs1_acc4_10kupd/checkpoints/checkpoint_update_10000.pth	0.3473931466391062	295	0.7742782152230971	False	a1b37791e35d57fc093eb66829f79725c5c429fd151b43addac03923dd036447	0.3430538130805368	0.3446081237028939	0.3882180812836479	0.4049602422485175
resampling_fixed_d1p0_h0p7_w0p7_v1_v11_controlled_10kupd__update_10000__de0cd397	resampling_fixed_d1p0_h0p7_w0p7_v1_v11_controlled_10kupd	outputs/resampling_fixed_d1p0_h0p7_w0p7_v1_v11_controlled_10kupd/baseline/postprocess_axial_smoothing/full200_currentbaseline/sigma_0p5mm/full_volume/update_10000	/common/lidxxlab/chushu/RexGroundingCT/outputs/resampling_fixed_d1p0_h0p7_w0p7_v1_v11_controlled_10kupd/baseline/checkpoints/checkpoint_update_10000.pth	0.3457915938917155	290	0.7611548556430446	False	de0cd3974b06ba357bb2c1861c160e465c10506e3a30841b97bc97c57a69e21e	0.3343828974137074	0.361318350832211	0.3776081358410919	0.4026643861174949
resampling_fixed_d1p0_h0p7_w0p7_v1_v11_controlled_10kupd__resample_baseline_update10000__1bf09c0e	resampling_fixed_d1p0_h0p7_w0p7_v1_v11_controlled_10kupd	outputs/resampling_fixed_d1p0_h0p7_w0p7_v1_v11_controlled_10kupd/full200/resample_baseline_update10000	/common/lidxxlab/chushu/RexGroundingCT/outputs/resampling_fixed_d1p0_h0p7_w0p7_v1_v11_controlled_10kupd/baseline/checkpoints/checkpoint_update_10000.pth	0.34508090072683734	290	0.7611548556430446	True	1bf09c0e907196faa7f5dd0d700e0a5d468169f353a6ec31332ab6b2bab18b45	0.3338854989332298	0.3619962742827398	0.3778247886630567	0.4004475731610996
resampling_fixed_d1p0_h0p7_w0p7_v1_v11_controlled_10kupd__update_10000__66d820f1	resampling_fixed_d1p0_h0p7_w0p7_v1_v11_controlled_10kupd	outputs/resampling_fixed_d1p0_h0p7_w0p7_v1_v11_controlled_10kupd/baseline/postprocess_axial_smoothing/full200_currentbaseline/sigma_0p0mm/full_volume/update_10000	/common/lidxxlab/chushu/RexGroundingCT/outputs/resampling_fixed_d1p0_h0p7_w0p7_v1_v11_controlled_10kupd/baseline/checkpoints/checkpoint_update_10000.pth	0.34506245759032467	290	0.7611548556430446	False	66d820f1cf6c67202863f8232e66c290e80684f05ee2a046cdcd6f34faaa4c91	0.3338865438133548	0.3619902041131819	0.3778121341166678	0.4004049543213157
resampling_fixed_d1p0_h0p7_w0p7_v1_v11_controlled_10kupd__resample_s3_1over1_allcat_update10000__0baf1191	resampling_fixed_d1p0_h0p7_w0p7_v1_v11_controlled_10kupd	outputs/resampling_fixed_d1p0_h0p7_w0p7_v1_v11_controlled_10kupd/full200/resample_s3_1over1_allcat_update10000	/common/lidxxlab/chushu/RexGroundingCT/outputs/resampling_fixed_d1p0_h0p7_w0p7_v1_v11_controlled_10kupd/s3_1over1_allcat_h200_retry/checkpoints/checkpoint_update_10000.pth	0.34314338928422927	288	0.7559055118110236	True	0baf1191e41cd71dd5774eb1642162e952d1fdb47a726e2831e1f9e6d5eee6da	0.3320744019813798	0.3599615773327083	0.3809663459131053	0.396697045531561
resampling_fixed_d0p75_h0p7_w0p7_v1_v11_controlled_10kupd__resample_d075_baseline_update10000__e490373c	resampling_fixed_d0p75_h0p7_w0p7_v1_v11_controlled_10kupd	outputs/resampling_fixed_d0p75_h0p7_w0p7_v1_v11_controlled_10kupd/full200/resample_d075_baseline_update10000	/common/lidxxlab/chushu/RexGroundingCT/outputs/resampling_fixed_d0p75_h0p7_w0p7_v1_v11_controlled_10kupd/full200/resample_d075_baseline_update10000/voxtell_model/fold_0/checkpoint_final.pth	0.3424869880783371	297	0.7795275590551181	True	e490373c0b15f8ab367ee8d7931a4f5960d66a283826ed0003cff483c5cc6b2f	0.3422133697461759	0.3598951478609602	0.3784442556828485	0.3901996835639967
resampling_fixed_d0p75_h0p7_w0p7_v1_v11_controlled_10kupd__resample_d075_baseline_update6000__87fb07eb	resampling_fixed_d0p75_h0p7_w0p7_v1_v11_controlled_10kupd	outputs/resampling_fixed_d0p75_h0p7_w0p7_v1_v11_controlled_10kupd/full200/resample_d075_baseline_update6000	/common/lidxxlab/chushu/RexGroundingCT/outputs/resampling_fixed_d0p75_h0p7_w0p7_v1_v11_controlled_10kupd/baseline/checkpoints/checkpoint_update_6000.pth	0.3404922025776901	294	0.7716535433070866	True	87fb07ebbb00737f94120692b6f750d915e05fce2e4d1749b65970489808f21e	0.340409258274067	0.3627040735437403	0.3755810955253561	0.3907867408391663
resampling_fixed_d1p0_h0p7_w0p7_v1_v11_controlled_10kupd__resample_s3_1over1_allcat_update4000__65f82531	resampling_fixed_d1p0_h0p7_w0p7_v1_v11_controlled_10kupd	outputs/resampling_fixed_d1p0_h0p7_w0p7_v1_v11_controlled_10kupd/full200/resample_s3_1over1_allcat_update4000	/common/lidxxlab/chushu/RexGroundingCT/outputs/resampling_fixed_d1p0_h0p7_w0p7_v1_v11_controlled_10kupd/s3_1over1_allcat_h200_retry/checkpoints/checkpoint_update_4000.pth	0.33848390720702987	286	0.7506561679790026	True	65f82531055ed551cde16e03aa5f6fb8c25d315482f657a51835a9d71a8bb9e8	0.3112478932341597	0.3485293863954102	0.4073920385741706	0.3856486589369828
word_global_v11_b3_low_lr_poly_full200_selected__b3_low_lr_update5000__0b0b5171	word_global_v11_b3_low_lr_poly_full200_selected	outputs/word_global_v11_b3_low_lr_poly_full200_selected/b3_low_lr_update5000	/common/lidxxlab/chushu/RexGroundingCT/outputs/word_global_v11_b3_low_lr_poly_from4000_to5000/checkpoints/checkpoint_update_5000.pth	0.33835609873366407	293	0.7690288713910761	True	0b0b51710dd3ed376eecd31c3b89bd83de894e337494c0a134f603c3e3ae1851	0.3358631609969916	0.3539446721369281	0.3805816591096219	0.3866837793995437
sampler_ablation_restricted_vs_inclusive_5k__update_04400__1cf9a47d	sampler_ablation_restricted_vs_inclusive_5k	outputs/sampler_ablation_restricted_vs_inclusive_5k/S1_inclusive/full200_bf16_cached/update_04400		0.33809790901431325	292	0.7664041994750657	True	1cf9a47d94cf325306cb91d3e3f1f013f758e4dcb16778484629f0d79112a385	0.3228583317765039	0.3429455039880059	0.3966835486533668	0.3912098671732187
sampler_ablation_restricted_vs_inclusive_5k__update_04400__6366b010	sampler_ablation_restricted_vs_inclusive_5k	outputs/sampler_ablation_restricted_vs_inclusive_5k/S1_inclusive/full200/update_04400	/common/lidxxlab/chushu/RexGroundingCT/outputs/sampler_ablation_restricted_vs_inclusive_5k/S1_inclusive/full200_models/update_04400/fold_0/checkpoint_final.pth	0.3380612992164414	292	0.7664041994750657	True	6366b0104b5f7f1fe0630dff459e1f8dacd034a8061e6f3d9ab437e354526c66	0.3230254100902994	0.3432223639726451	0.396117950458564	0.3911963603153424
word_global_v11_b3_low_lr_poly_full200_selected__b3_low_lr_update8000__79e72982	word_global_v11_b3_low_lr_poly_full200_selected	outputs/word_global_v11_b3_low_lr_poly_full200_selected/b3_low_lr_update8000	/common/lidxxlab/chushu/RexGroundingCT/outputs/word_global_v11_b3_low_lr_poly_from5000_to8000/checkpoints/checkpoint_update_8000.pth	0.3371608851658041	293	0.7690288713910761	True	79e72982bc1b1629d1aaf06f4adca7ecd3f99e2e45b6ccdfbc46db16cb9c8f7e	0.3337614250813243	0.3541063797827538	0.3845463488279349	0.3831565201926849
word_global_v11_b3_low_lr_poly_full200_selected__b3_low_lr_update6600__8ea52dfc	word_global_v11_b3_low_lr_poly_full200_selected	outputs/word_global_v11_b3_low_lr_poly_full200_selected/b3_low_lr_update6600	/common/lidxxlab/chushu/RexGroundingCT/outputs/word_global_v11_b3_low_lr_poly_from5000_to8000/checkpoints/checkpoint_update_6600.pth	0.336337875804696	293	0.7690288713910761	True	8ea52dfcddeae504df3b4bf20adbbcf0b1ac326e8942d7a5a37e87e7674120da	0.3350878120593776	0.3515520078271208	0.3825742509799146	0.3815605268336639
s3_1over1_allcat_v11_e1e-5_d1e-4_s3e1e-4_1gpu_bs1_acc4_10kupd__update_09000__5d4fb46a	s3_1over1_allcat_v11_e1e-5_d1e-4_s3e1e-4_1gpu_bs1_acc4_10kupd	outputs/s3_1over1_allcat_v11_e1e-5_d1e-4_s3e1e-4_1gpu_bs1_acc4_10kupd/postprocess_axial_smoothing/full200_currentbaseline/sigma_0p5mm/full_volume/update_09000	/common/lidxxlab/chushu/RexGroundingCT/outputs/s3_1over1_allcat_v11_e1e-5_d1e-4_s3e1e-4_1gpu_bs1_acc4_10kupd/checkpoints/checkpoint_update_9000.pth	0.33632632482641284	289	0.7585301837270341	False	5d4fb46aed14f46367912b410a37c29645d77459c87d90d38de6b7e9d75d1d74	0.3365990465781227	0.3571175388947095	0.3861799559288098	0.3717004015020109
word_global_v11_b3_low_lr_poly_full200_selected__b3_low_lr_update6000__b93bd690	word_global_v11_b3_low_lr_poly_full200_selected	outputs/word_global_v11_b3_low_lr_poly_full200_selected/b3_low_lr_update6000	/common/lidxxlab/chushu/RexGroundingCT/outputs/word_global_v11_b3_low_lr_poly_from5000_to8000/checkpoints/checkpoint_update_6000.pth	0.33631515095530234	293	0.7690288713910761	True	b93bd690cdab2a5551e5dc18ecd6e8b4580674a2e42749e27b847f0b7d3dbd3d	0.3347597224159803	0.3542337043205324	0.3863692929224717	0.3794315632027218
word_global_v11_b3_low_lr_poly_full200_selected__b3_low_lr_update6800__280ed488	word_global_v11_b3_low_lr_poly_full200_selected	outputs/word_global_v11_b3_low_lr_poly_full200_selected/b3_low_lr_update6800	/common/lidxxlab/chushu/RexGroundingCT/outputs/word_global_v11_b3_low_lr_poly_from5000_to8000/checkpoints/checkpoint_update_6800.pth	0.33590951757405824	295	0.7742782152230971	True	280ed4880a9406a979f0b47908a212c7cdc7a2b4436c06aa3e9464d5652033a6	0.3352605420639571	0.3520960981403218	0.381784667738517	0.3803085347699958
resampling_fixed_d0p75_h0p7_w0p7_v1_v11_controlled_10kupd__resample_d075_baseline_update5000__e2494247	resampling_fixed_d0p75_h0p7_w0p7_v1_v11_controlled_10kupd	outputs/resampling_fixed_d0p75_h0p7_w0p7_v1_v11_controlled_10kupd/full200/resample_d075_baseline_update5000	/common/lidxxlab/chushu/RexGroundingCT/outputs/resampling_fixed_d0p75_h0p7_w0p7_v1_v11_controlled_10kupd/baseline/checkpoints/checkpoint_update_5000.pth	0.33583362490777063	298	0.7821522309711286	True	e2494247cf281e4fb1390c88b0e58365a57a70b570024f6b2243801570a65973	0.3263057789100633	0.3513684752490204	0.3977926281708335	0.3733026405690881
less_fan_conditioning_10k__c0_b0_update6800__21802344	less_fan_conditioning_10k	outputs/less_fan_conditioning_10k/full200_selected/c0_b0_update6800	/common/lidxxlab/chushu/RexGroundingCT/outputs/less_fan_conditioning_10k/c0_b0_continue/checkpoints/checkpoint_update_6800.pth	0.3356495726600387	296	0.7769028871391076	True	21802344efc1ab8bf41035d5cabba1088c96452626573db0545d32773d686a4d	0.3278458617255328	0.3602540400444106	0.3857838993245199	0.3783978333225322
category_continuous_router_from_s3_u9000__best__4d50029f	category_continuous_router_from_s3_u9000	outputs/category_continuous_router_from_s3_u9000/full_validation/best	/common/lidxxlab/chushu/RexGroundingCT/outputs/category_continuous_router_from_s3_u9000/evaluation_model/fold_0/checkpoint_final.pth	0.335546934464216	289	0.7585301837270341	True	4d50029fa5dbf815fd2d76254d0787e6919af4d024b6da041c5331e4b395e115	0.3358097358776266	0.3578426043263598	0.3866225419893026	0.3692651962331244
s3_1over1_allcat_v11_e1e-5_d1e-4_s3e1e-4_1gpu_bs1_acc4_10kupd__update_09000__3cd3b8eb	s3_1over1_allcat_v11_e1e-5_d1e-4_s3e1e-4_1gpu_bs1_acc4_10kupd	outputs/s3_1over1_allcat_v11_e1e-5_d1e-4_s3e1e-4_1gpu_bs1_acc4_10kupd/postprocess_axial_smoothing/full200_currentbaseline/sigma_0p0mm/full_volume/update_09000	/common/lidxxlab/chushu/RexGroundingCT/outputs/s3_1over1_allcat_v11_e1e-5_d1e-4_s3e1e-4_1gpu_bs1_acc4_10kupd/checkpoints/checkpoint_update_9000.pth	0.3355400997528429	289	0.7585301837270341	False	3cd3b8ebde6b541129699af38dc6d06ca4fa5cc276ba802e87957434b9443a6d	0.3358320875659452	0.3578408565055386	0.3865965845577218	0.3692446333401014
controlled_v11_selected_full200__s3_update9000__77cbe37f	controlled_v11_selected_full200	outputs/controlled_v11_selected_full200/s3_update9000	/common/lidxxlab/chushu/RexGroundingCT/outputs/controlled_v11_selected_full200/models/s3_update9000/fold_0/checkpoint_final.pth	0.3355345029481685	289	0.7585301837270341	True	77cbe37ff1d729d40f771f451ca17114d6e748ac365f97c49e0cde1ee1976656	0.3358308682530442	0.3578317727581574	0.3865785699516634	0.3692417537426509
category_continuous_router_from_s3_u9000__final__4c4bab38	category_continuous_router_from_s3_u9000	outputs/category_continuous_router_from_s3_u9000/full_validation/final	/common/lidxxlab/chushu/RexGroundingCT/outputs/category_continuous_router_from_s3_u9000/evaluation_model/fold_0/checkpoint_final.pth	0.3354107995679498	289	0.7585301837270341	True	4c4bab38af633409ae436da3814d68ae8f4693f2a5e5784affc880a575e79251	0.3358626168578187	0.3577814996309892	0.3865566808096635	0.3689057757781642
prompt_location_alignment_loss_v1_noattention_from_update8000_to10000__full381_update10000__476e16cb	prompt_location_alignment_loss_v1_noattention_from_update8000_to10000	outputs/prompt_location_alignment_loss_v1_noattention_from_update8000_to10000/full381_update10000	/common/lidxxlab/chushu/RexGroundingCT/outputs/prompt_location_alignment_loss_v1_noattention_from_update8000_to10000/checkpoints/checkpoint_update_10000.pth	0.33537662110356864	293	0.7690288713910761	True	476e16cb4caffb1bf9d57367b1e387666ffb098096c51c19d531737d5ad6ae51	0.3326976208828863	0.341985480300171	0.3786224312476122	0.3814541571243404
controlled_v11_selected_full200__s3_update10000__78ef6065	controlled_v11_selected_full200	outputs/controlled_v11_selected_full200/s3_update10000	/common/lidxxlab/chushu/RexGroundingCT/outputs/controlled_v11_selected_full200/models/s3_update10000/fold_0/checkpoint_final.pth	0.33520055271651383	290	0.7611548556430446	True	78ef60655b6e50466be3c85defc2747b808a29f3cb448a126e6bc9e3e2e6b682	0.3321007235275123	0.3588883835132406	0.3860034363974432	0.371123577490752
less_fan_conditioning_10k__c2_less_update9000__a2d657e4	less_fan_conditioning_10k	outputs/less_fan_conditioning_10k/full200_selected/c2_less_update9000	/common/lidxxlab/chushu/RexGroundingCT/outputs/less_fan_conditioning_10k/c2_less_encoder_conditioning/checkpoints/checkpoint_update_9000.pth	0.3347717125566298	290	0.7611548556430446	True	a2d657e4b9c60e8daf1efb58d3a537de458e5d9c51e54a6015f313b2d4029bd6	0.3293922776457458	0.3496889970884773	0.387103936848597	0.371963115782108
a2_fan_preserve_semantic_grounding_v11_continue_5000_to10000__update_09500__d5e52334	a2_fan_preserve_semantic_grounding_v11_continue_5000_to10000	outputs/a2_fan_preserve_semantic_grounding_v11_continue_5000_to10000/full_validation/update_09500	/common/lidxxlab/chushu/RexGroundingCT/outputs/a2_fan_preserve_semantic_grounding_v11_continue_5000_to10000/checkpoints/checkpoint_update_9500.pth	0.33467875428160426	291	0.7637795275590551	True	d5e523342ceb694577c587f18a2d6e489c3dc7720a0a7e770393f0d739f5552c	0.3178832686026484	0.355269357803091	0.375859043064357	0.3806524064230806
b3_bico_e345_v11__b3_bico_e345_update5000__753ef2d1	b3_bico_e345_v11	outputs/b3_bico_e345_v11/training/full200/b3_bico_e345_update5000	/common/lidxxlab/chushu/RexGroundingCT/outputs/b3_bico_e345_v11/training/checkpoints/checkpoint_update_5000.pth	0.33467684706377754	291	0.7637795275590551	True	753ef2d13ae0c8f09f9ce7fbc14f425d78e9cf694c67af08ce9b88f7794ebdab	0.3376993777315772	0.3534517836632262	0.3850163318572406	0.3734646147429686
controlled_v11_selected_full200__s3_update8000__0727e0fd	controlled_v11_selected_full200	outputs/controlled_v11_selected_full200/s3_update8000	/common/lidxxlab/chushu/RexGroundingCT/outputs/controlled_v11_selected_full200/models/s3_update8000/fold_0/checkpoint_final.pth	0.3346593624555325	289	0.7585301837270341	True	0727e0fdb8fa173c326717fd58bf876fb26db6e3a4a6aab3021d17b1a2b4bd5f	0.3393001715339313	0.3465620936855205	0.3748543578361784	0.3767548382076524
less_fan_conditioning_10k__c2_less_update10000__3cc9cecc	less_fan_conditioning_10k	outputs/less_fan_conditioning_10k/full200_selected/c2_less_update10000	/common/lidxxlab/chushu/RexGroundingCT/outputs/less_fan_conditioning_10k/c2_less_encoder_conditioning/checkpoints/checkpoint_update_10000.pth	0.33465856246210096	289	0.7585301837270341	True	3cc9cecc29c7548647547ce575b6b134bdc67eb60f6b2c82a3238f6b53dd9a7f	0.3346107702637094	0.3534828614358656	0.3787539778101363	0.3708633661601374
nonattention_baseline_selection__full381_update10000__f9c103ca	nonattention_baseline_selection	outputs/nonattention_baseline_selection/full381_update10000	/common/lidxxlab/chushu/RexGroundingCT/outputs/voxtell_v11_e1e-5_d1e-4_1gpu_bs1_acc4_10kupd/checkpoints/checkpoint_update_10000.pth	0.3344536714262334	292	0.7664041994750657	True	f9c103ca318c9aa523175eb9761b0e482fb6d032ce56e9b3f805753c0c57dc02	0.3339566468742799	0.3418389194020353	0.3762116053675713	0.3799499342767214
b3_plus_less_v11__b3_plus_less_update5000__8dc6626e	b3_plus_less_v11	outputs/b3_plus_less_v11/full200/b3_plus_less_update5000	/common/lidxxlab/chushu/RexGroundingCT/outputs/b3_plus_less_v11/checkpoints/checkpoint_update_5000.pth	0.334277122102467	292	0.7664041994750657	True	8dc6626e918b45afcff2a33722a38b5b5738c365a3f6e65dbfa0313323540cb1	0.3331687476542047	0.3457470793523562	0.4037973111859986	0.3710897476204506
b3_bico_e345_v11__b3_bico_e345_update10000__31239b51	b3_bico_e345_v11	outputs/b3_bico_e345_v11/training/full200/b3_bico_e345_update10000	/common/lidxxlab/chushu/RexGroundingCT/outputs/b3_bico_e345_v11/training_continue_5000_to10000/checkpoints/checkpoint_update_10000.pth	0.33409960090087093	294	0.7716535433070866	True	31239b514afbc9e46bbf93083d66623ed99f54403623b7ce32e1d016caac5e54	0.3341100488122764	0.3526369114019041	0.3897115747461062	0.3709743552217542
a2_fan_preserve_semantic_grounding_v11_continue_5000_to10000__update_10000__9734e859	a2_fan_preserve_semantic_grounding_v11_continue_5000_to10000	outputs/a2_fan_preserve_semantic_grounding_v11_continue_5000_to10000/full_validation/update_10000	/common/lidxxlab/chushu/RexGroundingCT/outputs/a2_fan_preserve_semantic_grounding_v11_continue_5000_to10000/checkpoints/checkpoint_update_10000.pth	0.3339598618352472	288	0.7559055118110236	True	9734e8590d10695849c88c14b8ea798af3c912a9b59918743aa8bb3a3ff7886c	0.3241663724110671	0.3485715244088602	0.3726118680536628	0.3815062442224527
controlled_v11_selected_full200__s3_cont_allcat_update12000__4b75f690	controlled_v11_selected_full200	outputs/controlled_v11_selected_full200/s3_cont_allcat_update12000	/common/lidxxlab/chushu/RexGroundingCT/outputs/controlled_v11_selected_full200/models/s3_cont_allcat_update12000/fold_0/checkpoint_final.pth	0.33365418966853333	289	0.7585301837270341	True	4b75f6903f1de5f41f965b450c85f9db4dfe70636fa91644be153decf5a97d43	0.3333905706044724	0.3540582915737035	0.384439652468241	0.3650388576062225
controlled_v11_selected_full200__s3_cont_strict2b2c_update12000__c28c0ea3	controlled_v11_selected_full200	outputs/controlled_v11_selected_full200/s3_cont_strict2b2c_update12000	/common/lidxxlab/chushu/RexGroundingCT/outputs/controlled_v11_selected_full200/models/s3_cont_strict2b2c_update12000/fold_0/checkpoint_final.pth	0.3336413251151916	289	0.7585301837270341	True	c28c0ea3adcadf1c9ff29e5457fc7fd65a431bf458f0e8a05f4c9115cbccd98c	0.3335980696760195	0.3534554264742124	0.3839585674053175	0.3653653252115408
s3_2c_scale_diagnostic_u8000__hybrid__4f85e09c	s3_2c_scale_diagnostic_u8000	outputs/s3_2c_scale_diagnostic_u8000/ablations/drop_1over1/hybrid		0.33341072933658544	295	0.7742782152230971	False	4f85e09cd0dff89b0988cb1658f046606244efacb19d973fe5d2e1a71948dd6b	0.3367278771650417	0.3620907487612661	0.3720684639692895	0.3715006433067985
s3_low_lr_full200_every1000__update_08000__be24d0fc	s3_low_lr_full200_every1000	outputs/s3_low_lr_full200_every1000/results/strict2b2c_low_lr_from_u5000/update_08000	/common/lidxxlab/chushu/RexGroundingCT/outputs/s3_multiscale_strict2b2c_from_u5000_e1e-6_d1e-5_s3e1e-5_to10kupd/voxtell_compatible_models/strict2b2c_low_lr_from_u5000_update8000/fold_0/checkpoint_final.pth	0.33336840230822057	295	0.7742782152230971	True	be24d0fc320a43283cd1524ee2366d456a222e4016cac3741f2ef608a89cc223	0.3367278771650417	0.362090748761266	0.3717996873391725	0.3715006433067985
segmote_voxtell_m0_mote_v11_5k__segmote_m0_update3400_thr0p40_full200__f3a82624	segmote_voxtell_m0_mote_v11_5k	outputs/segmote_voxtell_m0_mote_v11_5k/full200_threshold_sweep/segmote_m0_update3400_thr0p40_full200	/common/lidxxlab/chushu/RexGroundingCT/outputs/segmote_voxtell_m0_mote_v11_5k/checkpoints/checkpoint_update_3400.pth	0.33333576270309506	289	0.7585301837270341	True	f3a82624a43ce9469ad5365ad2f9dc2742c116a90bceddf7651c581c08538993	0.3211580292955654	0.3592689847803641	0.3931848977347591	0.3813306578969292
s3_low_lr_full200_every1000__update_07000__343218cf	s3_low_lr_full200_every1000	outputs/s3_low_lr_full200_every1000/results/strict2b2c_low_lr_from_u5000/update_07000	/common/lidxxlab/chushu/RexGroundingCT/outputs/s3_multiscale_strict2b2c_from_u5000_e1e-6_d1e-5_s3e1e-5_to10kupd/voxtell_compatible_models/strict2b2c_low_lr_from_u5000_update7000/fold_0/checkpoint_final.pth	0.33330695600657434	297	0.7795275590551181	True	343218cf7b2f1fff35441ffeefe69fde05d52c0520077288d7757f27eac4e447	0.332666135254074	0.3661742312046195	0.372946807824562	0.3704423291936283
s3_2c_scale_diagnostic_u8000__hybrid__26f296bd	s3_2c_scale_diagnostic_u8000	outputs/s3_2c_scale_diagnostic_u8000/ablations/drop_1over2/hybrid		0.3332164805055933	295	0.7742782152230971	False	26f296bdd89aba6aee5eb29540c7e451009155285a76dcf4a087039a83f98910	0.3367278771650417	0.3620907487612661	0.3708349838924897	0.3715006433067985
s3_low_lr_full200_every1000__update_10000__8d298f11	s3_low_lr_full200_every1000	outputs/s3_low_lr_full200_every1000/results/strict2b2c_low_lr_from_u5000/update_10000	/common/lidxxlab/chushu/RexGroundingCT/outputs/s3_multiscale_strict2b2c_from_u5000_e1e-6_d1e-5_s3e1e-5_to10kupd/voxtell_compatible_models/strict2b2c_low_lr_from_u5000_update10000/fold_0/checkpoint_final.pth	0.33306993720593353	297	0.7795275590551181	True	8d298f1149beaf7ff2038e23b9693410db09831188f0a9daeae951445330bbe4	0.3362319622125581	0.3624560429849886	0.3702868416708277	0.3710002264958237
segmote_voxtell_m0_mote_v11_5k__segmote_m0_update3400_full200__f39f3f3d	segmote_voxtell_m0_mote_v11_5k	outputs/segmote_voxtell_m0_mote_v11_5k/full200/segmote_m0_update3400_full200	/common/lidxxlab/chushu/RexGroundingCT/outputs/segmote_voxtell_m0_mote_v11_5k/checkpoints/checkpoint_update_3400.pth	0.33304587132563407	289	0.7585301837270341	True	f39f3f3d8f3897ec14e6e0f741863ac039d2dd21a56dc1a781ab2240a6f26709	0.3229070699335377	0.3578327332272546	0.391282912944734	0.3809538631080624
segmote_voxtell_m0_mote_v11_5k__segmote_m0_update3400_thr0p30_full200__72d950c5	segmote_voxtell_m0_mote_v11_5k	outputs/segmote_voxtell_m0_mote_v11_5k/full200_threshold_sweep/segmote_m0_update3400_thr0p30_full200	/common/lidxxlab/chushu/RexGroundingCT/outputs/segmote_voxtell_m0_mote_v11_5k/checkpoints/checkpoint_update_3400.pth	0.33288778136492025	289	0.7585301837270341	True	72d950c597d071c897e5c69c84d0a9fc4245d3bef1be18688e810849e44afd06	0.3185632703487766	0.3600976713108637	0.3936476628061456	0.3811791543369337
word_global_v11_0to2000__b3_u4000__4a367e79	word_global_v11_0to2000	outputs/word_global_v11_0to2000/full200_best_and_u4000/b3_u4000	/common/lidxxlab/chushu/RexGroundingCT/outputs/word_global_v11_0to2000/B3_candidates_global_router/checkpoints/checkpoint_update_4000.pth	0.3327853880592859	295	0.7742782152230971	True	4a367e790a531faaedf2084e5d3d0b67905d3d798ee76793cfaf7f693ba874cf	0.3390199430965784	0.3482394362278206	0.379223584821213	0.3766133161120665
controlled_v11_selected_full200__baseline_update8000__e5c34dba	controlled_v11_selected_full200	outputs/controlled_v11_selected_full200/baseline_update8000	/common/lidxxlab/chushu/RexGroundingCT/outputs/controlled_v11_selected_full200/models/baseline_update8000/fold_0/checkpoint_final.pth	0.33264973586171726	294	0.7716535433070866	True	e5c34dba4c32fd3fca672851327854a3ac84f39ae67090ffd0cb4a67e52e6ee8	0.3434944174036792	0.3422277664228588	0.3732044952098216	0.3710282645272563
nonattention_baseline_selection__full381_update8000__238e1e1f	nonattention_baseline_selection	outputs/nonattention_baseline_selection/full381_update8000	/common/lidxxlab/chushu/RexGroundingCT/outputs/voxtell_v11_e1e-5_d1e-4_1gpu_bs1_acc4_10kupd/checkpoints/checkpoint_update_8000.pth	0.33264910155464106	294	0.7716535433070866	True	238e1e1f82b006bc45ab98ab26516945f5d465715615391311a2f9448b41e611	0.3434919083846136	0.3422322070327875	0.3731729165376067	0.3710413151914007
controlled_v11_selected_full200__s3_update5000__dee34d96	controlled_v11_selected_full200	outputs/controlled_v11_selected_full200/s3_update5000	/common/lidxxlab/chushu/RexGroundingCT/outputs/controlled_v11_selected_full200/models/s3_update5000/fold_0/checkpoint_final.pth	0.33243166772085697	292	0.7664041994750657	True	dee34d96abfe4ef877218c9cc283c467a5d3a83d89fc993c31e146d13d49b685	0.3185441250894824	0.367456128470725	0.3848913429651732	0.3728705407749736
controlled_v11_selected_full200__s3_update5000_strict_2b2c__abf9297b	controlled_v11_selected_full200	outputs/controlled_v11_selected_full200/s3_update5000_strict_2b2c	/common/lidxxlab/chushu/RexGroundingCT/outputs/controlled_v11_selected_full200/models/s3_update5000_strict_2b2c/fold_0/checkpoint_final.pth	0.33236341120805574	291	0.7637795275590551	True	abf9297b485a57ad7ac025dac316268bf91aa20e7f1ff389d8714e49d45132dc	0.3187301524925049	0.3674604458967548	0.3848857827724526	0.3725316063063434
s3_low_lr_full200_every1000__update_09000__981daaf3	s3_low_lr_full200_every1000	outputs/s3_low_lr_full200_every1000/results/strict2b2c_low_lr_from_u5000/update_09000	/common/lidxxlab/chushu/RexGroundingCT/outputs/s3_multiscale_strict2b2c_from_u5000_e1e-6_d1e-5_s3e1e-5_to10kupd/voxtell_compatible_models/strict2b2c_low_lr_from_u5000_update9000/fold_0/checkpoint_final.pth	0.3323209894937591	293	0.7690288713910761	True	981daaf384c1745ce62050b1c9b8529cc142c66b29af7247006dce32367a1a16	0.3382345987703786	0.357583075773775	0.3710066902837292	0.372167447328539
c2_less_semantic_coadapt_v11__pathology_continue_update_7600__41e10d95	c2_less_semantic_coadapt_v11	outputs/c2_less_semantic_coadapt_v11/p_pathology_continue_full200_selected/full_validation/pathology_continue_update_7600	/common/lidxxlab/chushu/RexGroundingCT/outputs/c2_less_semantic_coadapt_v11/p_pathology_continue_5000_to10000_corrected/checkpoints/checkpoint_update_7600.pth	0.33231951750051825	284	0.7454068241469817	True	41e10d95e343481c8dbcb148f1ea4aa7bfcfad56af1ccbf08004e320e571e1f9	0.3432306621512351	0.3487259841792081	0.3769443512697888	0.3674517517729554
segmote_voxtell_m0_mote_v11_5k__segmote_m0_update3400_thr0p60_full200__646d2de3	segmote_voxtell_m0_mote_v11_5k	outputs/segmote_voxtell_m0_mote_v11_5k/full200_threshold_sweep/segmote_m0_update3400_thr0p60_full200	/common/lidxxlab/chushu/RexGroundingCT/outputs/segmote_voxtell_m0_mote_v11_5k/checkpoints/checkpoint_update_3400.pth	0.33212883569457946	289	0.7585301837270341	True	646d2de3af667133073137bba294f44cea12321b0fa76612280016731cede61a	0.3241349409922472	0.3555739101794445	0.387779571761173	0.3807662230035261
less_fan_conditioning_10k__c2_less_update3600__1dab844f	less_fan_conditioning_10k	outputs/less_fan_conditioning_10k/full200_selected/c2_less_update3600	/common/lidxxlab/chushu/RexGroundingCT/outputs/less_fan_conditioning_10k/c2_less_encoder_conditioning/checkpoints/checkpoint_update_3600.pth	0.33199599531028245	292	0.7664041994750657	True	1dab844f062a21f6389dffa37435e47f3bb637974b2de383424161dd5b286ebb	0.3150528596273967	0.3609811040629335	0.3921945336177243	0.3725673510123378
b3_plus_less_v11_continue_5000_to8000__b3_plus_less_update6600__205993e8	b3_plus_less_v11_continue_5000_to8000	outputs/b3_plus_less_v11_continue_5000_to8000/full200_selected/b3_plus_less_update6600	/common/lidxxlab/chushu/RexGroundingCT/outputs/b3_plus_less_v11_continue_5000_to8000/checkpoints/checkpoint_update_6600.pth	0.3317305247133273	290	0.7611548556430446	True	205993e815cfeab384bb6a0a804dd7cddb02576c17e5edf6b956ae0d6772f518	0.3140844669071766	0.3594140283773	0.3784816238097266	0.3763394756973115
b3_bico_e345_v11__b3_bico_e345_update7000__491b1fd3	b3_bico_e345_v11	outputs/b3_bico_e345_v11/training/full200/b3_bico_e345_update7000	/common/lidxxlab/chushu/RexGroundingCT/outputs/b3_bico_e345_v11/training_continue_5000_to10000/checkpoints/checkpoint_update_7000.pth	0.33167027383011344	284	0.7454068241469817	True	491b1fd362c14112705f7b3a9c9f1bce6540f1ca0cbcb5199260fdbd6d3d4fb0	0.3225526531962707	0.341062345761729	0.3992199837821736	0.3742889805555892
b3_plus_less_v11_continue_8000_to10000__b3_plus_less_update9200__30b60db1	b3_plus_less_v11_continue_8000_to10000	outputs/b3_plus_less_v11_continue_8000_to10000/full200/b3_plus_less_update9200	/common/lidxxlab/chushu/RexGroundingCT/outputs/b3_plus_less_v11_continue_8000_to10000/checkpoints/checkpoint_update_9200.pth	0.3316679300687309	292	0.7664041994750657	True	30b60db184d07622ace19d9c843cbad119b0e4569c8298aff2c74c3024c9deae	0.335241658127145	0.3538774357565889	0.3843066769158904	0.3649748487596348
b3_plus_less_v11_continue_5000_to8000__b3_plus_less_update7800__94792e33	b3_plus_less_v11_continue_5000_to8000	outputs/b3_plus_less_v11_continue_5000_to8000/full200_selected/b3_plus_less_update7800	/common/lidxxlab/chushu/RexGroundingCT/outputs/b3_plus_less_v11_continue_5000_to8000/checkpoints/checkpoint_update_7800.pth	0.33165899307322044	288	0.7559055118110236	True	94792e337b919cf57d58f24f11ca7fcc3d359335b02e855672d7a7ee6b619061	0.3398340347518032	0.3358510128837844	0.3755709965640151	0.3762229515949649
segmote_voxtell_m0_mote_v11_5k__segmote_m0_update3400_thr0p20_full200__3d735b90	segmote_voxtell_m0_mote_v11_5k	outputs/segmote_voxtell_m0_mote_v11_5k/full200_threshold_sweep/segmote_m0_update3400_thr0p20_full200	/common/lidxxlab/chushu/RexGroundingCT/outputs/segmote_voxtell_m0_mote_v11_5k/checkpoints/checkpoint_update_3400.pth	0.33140495554204413	289	0.7585301837270341	True	3d735b908516b5d2481e046b41d4da973ee88a477dae2182dab2c3a9227acbf9	0.314950395642545	0.3601444682467793	0.3917852133239776	0.3803656622851359
b3_bico_e345_v11__b3_bico_e345_update9000__39dce7c2	b3_bico_e345_v11	outputs/b3_bico_e345_v11/training/full200/b3_bico_e345_update9000	/common/lidxxlab/chushu/RexGroundingCT/outputs/b3_bico_e345_v11/training_continue_5000_to10000/checkpoints/checkpoint_update_9000.pth	0.3310006349390822	291	0.7637795275590551	True	39dce7c20a3698e929c0f0abb673d07c5ecb71f25fa9918db42f02d1c2ee79fe	0.3302861277721644	0.3492138242094604	0.3845954184554234	0.3666472127610735
segmote_voxtell_m0_mote_v11_5k__segmote_m0_update3400_thr0p70_full200__df7c04aa	segmote_voxtell_m0_mote_v11_5k	outputs/segmote_voxtell_m0_mote_v11_5k/full200_threshold_sweep/segmote_m0_update3400_thr0p70_full200	/common/lidxxlab/chushu/RexGroundingCT/outputs/segmote_voxtell_m0_mote_v11_5k/checkpoints/checkpoint_update_3400.pth	0.3308704909403744	289	0.7585301837270341	True	df7c04aa7c7244fe82a510a839aeaa48b1d6cac23f0a84139724f1559319c696	0.3254964060285416	0.3523031499692561	0.382090728335981	0.3814249060403804
controlled_v11_selected_full200__s3_multiscale_strict2b2c_update5000__3f4bb457	controlled_v11_selected_full200	outputs/controlled_v11_selected_full200/s3_multiscale_strict2b2c_update5000	/common/lidxxlab/chushu/RexGroundingCT/outputs/controlled_v11_selected_full200/models/s3_multiscale_strict2b2c_update5000/fold_0/checkpoint_final.pth	0.33086885199639593	294	0.7716535433070866	True	3f4bb4577f6c50044b17af7651624be3702b591b0cfd397889b609e22f352e49	0.3298761384249901	0.3625245331384111	0.3782337285694383	0.366925274626268
qwen_lora_top6_global_from_v11_low_lr_e1e-6_d1e-5_from_u5000__update_07400__82d735f1	qwen_lora_top6_global_from_v11_low_lr_e1e-6_d1e-5_from_u5000	outputs/qwen_lora_top6_global_from_v11_low_lr_e1e-6_d1e-5_from_u5000/full200_selected/update_07400	/common/lidxxlab/chushu/RexGroundingCT/outputs/qwen_lora_top6_global_from_v11_low_lr_e1e-6_d1e-5_from_u5000/checkpoints/checkpoint_update_7400.pth	0.3294091734811572	290	0.7611548556430446	True	82d735f12815c9172113b293f742ec6e8e45c072e8672114f7bbbb5d9e6f627e	0.328278194575393	0.3673851430897609	0.3844488376748095	0.359573225449048
b3_bico_e345_v11__b3_bico_e345_update8000__4ba4bf3c	b3_bico_e345_v11	outputs/b3_bico_e345_v11/training/full200/b3_bico_e345_update8000	/common/lidxxlab/chushu/RexGroundingCT/outputs/b3_bico_e345_v11/training_continue_5000_to10000/checkpoints/checkpoint_update_8000.pth	0.32933638575715574	296	0.7769028871391076	True	4ba4bf3c3fb2c24b0d86f56d628dff3c47d216ac59f0c8c5df2cd765695d52ad	0.3318319499843023	0.344732458912692	0.3770764045014242	0.3674253133070569
c2_less_semantic_coadapt_v11__pathology_continue_update_8200__bec6f65c	c2_less_semantic_coadapt_v11	outputs/c2_less_semantic_coadapt_v11/p_pathology_continue_full200_additional/full_validation/pathology_continue_update_8200	/common/lidxxlab/chushu/RexGroundingCT/outputs/c2_less_semantic_coadapt_v11/p_pathology_continue_5000_to10000_corrected/checkpoints/checkpoint_update_8200.pth	0.3291610891037251	287	0.7532808398950132	True	bec6f65c7ff5c42f745d303c1b1439e9d1751fa046a4a3c3365921aa96a5e249	0.3434773682634923	0.3557343783352064	0.3739406724651142	0.3592047831823643
attention_scale_screen_matched_comparison__base_update6000__b7f764fa	attention_scale_screen_matched_comparison	outputs/attention_scale_screen_matched_comparison/full381/base_update6000		0.3289252128343666	290	0.7611548556430446	True	b7f764fa52068b46be63308db4f66a922a10d367436bda62f0dc46d64396c0d3	0.3190960661831388	0.3653455285760879	0.3903007778262166	0.3610201661858183
s3_2c_scale_diagnostic_u8000__hybrid__276e417e	s3_2c_scale_diagnostic_u8000	outputs/s3_2c_scale_diagnostic_u8000/ablations/drop_1over4/hybrid		0.32886941287147536	292	0.7664041994750657	False	276e417e96af3121f6bd2e81b16bae02e1198484547b35605bda496db42c3821	0.3367278771650417	0.3620907487612661	0.3432311044158406	0.3715006433067985
s3_2c_scale_diagnostic_u8000__hybrid__5f1a3575	s3_2c_scale_diagnostic_u8000	outputs/s3_2c_scale_diagnostic_u8000/ablations/all_off/hybrid		0.3287719805351047	292	0.7664041994750657	False	5f1a35753d198be393be5d36148b537dfbd61e1e0b5b163029648fb4f8186e01	0.3367278771650417	0.3620907487612661	0.3426124090798869	0.3715006433067985
qwen_complementarity_full200__q0__2898dd8b	qwen_complementarity_full200	outputs/qwen_complementarity_full200/source_metrics/q0		0.3285152961288672	288	0.7559055118110236	True	2898dd8bc216fedcff781fd96660b0f691163ec00b1a031f7e6851ab9efe776a	0.3322496784215248	0.3621251705012173	0.3544397588576704	0.3746886419856025
c_global_lambda01_v11__b0_update5000__e620bf6e	c_global_lambda01_v11	outputs/c_global_lambda01_v11/full200/b0_update5000	/common/lidxxlab/chushu/RexGroundingCT/outputs/a2_fan_v11_longrun_5000/B0/checkpoints/checkpoint_update_5000.pth	0.3284072245617925	288	0.7559055118110236	True	e620bf6ea3f07a06c95f05eb21b857458129348bf633e5b69e229adc9d4885e7	0.3322108585978286	0.3620762237516217	0.3544856586141896	0.3744473815060706
s3_full200_every1000__update_06000__8a24d746	s3_full200_every1000	outputs/s3_full200_every1000/results/clean_multiscale_strict2b2c/update_06000	/common/lidxxlab/chushu/RexGroundingCT/outputs/s3_multiscale_2b2c_v11_e1e-5_d1e-4_s3e1e-4_1gpu_bs1_acc4_10kupd/voxtell_compatible_models/clean_multiscale_strict2b2c_update6000/fold_0/checkpoint_final.pth	0.32835096750513143	294	0.7716535433070866	True	8a24d74647b8ac264ae0bb10bbd7f590e0e777c70ec6f2c128b8d798b4d2478c	0.3195817379536875	0.3676216094099972	0.3901622690101776	0.3556005755237357
attention_scale_screen_control_u500__update500__bb5ba37f	attention_scale_screen_control_u500	outputs/attention_scale_screen_control_u500/full381/update500		0.32834273240910744	287	0.7532808398950132	True	bb5ba37f51a265cff81bab1ca4c1886981829bb28f180ec5ab2e358c42127b79	0.3126229151138542	0.3500690993006841	0.3914697600752099	0.3604446763242551
a2_fan_preserve_semantic_grounding_v11_continue_5000_to10000__update_08000__7a6814c6	a2_fan_preserve_semantic_grounding_v11_continue_5000_to10000	outputs/a2_fan_preserve_semantic_grounding_v11_continue_5000_to10000/full_validation/update_08000	/common/lidxxlab/chushu/RexGroundingCT/outputs/a2_fan_preserve_semantic_grounding_v11_continue_5000_to10000/checkpoints/checkpoint_update_8000.pth	0.3282799076405451	294	0.7716535433070866	True	7a6814c6f72f5eb960b993342fcb45a809edb217c92d40176b908bb42be93776	0.3163329808862453	0.3346349041337628	0.3713229145973834	0.3768536341811088
qwen_lora_top6_global_from_v11_low_lr_e1e-6_d1e-5_from_u5000__update_06400__89d92952	qwen_lora_top6_global_from_v11_low_lr_e1e-6_d1e-5_from_u5000	outputs/qwen_lora_top6_global_from_v11_low_lr_e1e-6_d1e-5_from_u5000/full200_selected/update_06400	/common/lidxxlab/chushu/RexGroundingCT/outputs/qwen_lora_top6_global_from_v11_low_lr_e1e-6_d1e-5_from_u5000/checkpoints/checkpoint_update_6400.pth	0.3280313499157216	289	0.7585301837270341	True	89d92952f6314f688877e57f5cb336da1ec87d0e83bd61513fa2a404f7fc4c9f	0.3306740839447292	0.3619719048693712	0.3817071722257042	0.3596372254008486
c2_less_semantic_coadapt_v11__pathology_continue_update_7000__566579a6	c2_less_semantic_coadapt_v11	outputs/c2_less_semantic_coadapt_v11/p_pathology_continue_full200_selected/full_validation/pathology_continue_update_7000	/common/lidxxlab/chushu/RexGroundingCT/outputs/c2_less_semantic_coadapt_v11/p_pathology_continue_5000_to10000_corrected/checkpoints/checkpoint_update_7000.pth	0.3279516287693383	285	0.7480314960629921	True	566579a6d5de4e2a77badd30023feb1648f55cae6e644bd3771d260e043ce8bc	0.3308670166874777	0.3535360268736788	0.3626101027904846	0.3657257570863985
s3_low_lr_full200_every1000__update_06000__a9e85e31	s3_low_lr_full200_every1000	outputs/s3_low_lr_full200_every1000/results/strict2b2c_low_lr_from_u5000/update_06000	/common/lidxxlab/chushu/RexGroundingCT/outputs/s3_multiscale_strict2b2c_from_u5000_e1e-6_d1e-5_s3e1e-5_to10kupd/voxtell_compatible_models/strict2b2c_low_lr_from_u5000_update6000/fold_0/checkpoint_final.pth	0.327775461534017	293	0.7690288713910761	True	a9e85e31098f4d049ab6fe8e45426eda1ffb39d3df8e6ff030330f379b8a3455	0.3337130957255023	0.3668331811275218	0.3666416739856712	0.3582446677101858
word_global_v11_0to2000__b3_u5000__3883efc1	word_global_v11_0to2000	outputs/word_global_v11_0to2000/full200_selected_late/b3_u5000	/common/lidxxlab/chushu/RexGroundingCT/outputs/word_global_v11_0to2000/B3_candidates_global_router/checkpoints/checkpoint_update_5000.pth	0.32760805491727446	291	0.7637795275590551	True	3883efc149f30fbb8df56b0295b14f311ec7c330119a6e48e1f723c5f217ec5d	0.3368116090636768	0.3492201901658174	0.3884788264229268	0.35801951108749
c_global_lambda01_v11__b0_update3000__c0cf4519	c_global_lambda01_v11	outputs/c_global_lambda01_v11/full200/b0_update3000	/common/lidxxlab/chushu/RexGroundingCT/outputs/a2_fan_v11_longrun_5000/B0/checkpoints/checkpoint_update_3000.pth	0.3275225407146697	281	0.7375328083989501	True	c0cf45198c177b94b73681971f86f371833c164f4f56e9260f40b57a67b726eb	0.310562480003819	0.366695436634926	0.3827058966284983	0.3707386956931552
sampler_ablation_restricted_vs_inclusive_5k__update_04000__5a034f23	sampler_ablation_restricted_vs_inclusive_5k	outputs/sampler_ablation_restricted_vs_inclusive_5k/S1_inclusive/full200/update_04000	/common/lidxxlab/chushu/RexGroundingCT/outputs/sampler_ablation_restricted_vs_inclusive_5k/S1_inclusive/full200_models/update_04000/fold_0/checkpoint_final.pth	0.3275188173781966	290	0.7611548556430446	True	5a034f2366d648dbbe4f2bb7b8fd0356fe1e037da7c1f94ef0edbaa8bb5d6e9d	0.3045813769419535	0.3422761247468891	0.360425184739883	0.3870062615816746
current_best_full200_validation__e3_semantic_update3600_best_fixed30__6cac124c	current_best_full200_validation	outputs/current_best_full200_validation/e3_semantic_update3600_best_fixed30	/common/lidxxlab/chushu/RexGroundingCT/outputs/a2_fan_preserve_semantic_grounding_v11_5000/checkpoints/checkpoint_update_3600.pth	0.326806686887125	294	0.7716535433070866	True	6cac124c5f66cb7747eaaac26265b07f637cad0a2595fdf52164f64f2a0a74c2	0.3110419754528685	0.3617060271498753	0.3800474790953075	0.3630591652504438
attention_scale_screen_1_2_u500__update500__646afe72	attention_scale_screen_1_2_u500	outputs/attention_scale_screen_1_2_u500/full381/update500		0.32658874396275234	287	0.7532808398950132	True	646afe726f7bb78973350736972f90b60f623df16a0df26e60a3d85388499a12	0.3091653826213931	0.3552365754329062	0.3931295329605228	0.3553487858125125
s3_full200_every1000__update_07000__9e34fee4	s3_full200_every1000	outputs/s3_full200_every1000/results/clean_multiscale_strict2b2c/update_07000	/common/lidxxlab/chushu/RexGroundingCT/outputs/s3_multiscale_2b2c_v11_e1e-5_d1e-4_s3e1e-4_1gpu_bs1_acc4_10kupd/voxtell_compatible_models/clean_multiscale_strict2b2c_update7000/fold_0/checkpoint_final.pth	0.3257282096492377	284	0.7454068241469817	True	9e34fee434713a1577aac1c0d1b684bb1e0fdc487339b58fe5a47ffce76cfb2b	0.320169493228951	0.341057445436202	0.3744675367697713	0.3702448423548276
b3_bico_e345_v11__b3_bico_e345_update4200__94e0f62c	b3_bico_e345_v11	outputs/b3_bico_e345_v11/training/full200/b3_bico_e345_update4200	/common/lidxxlab/chushu/RexGroundingCT/outputs/b3_bico_e345_v11/training/checkpoints/checkpoint_update_4200.pth	0.32556956519635044	290	0.7611548556430446	True	94e0f62c6622c193202da15d450d67690a49e40f1931bcbf347c1cad2ea1268d	0.3167254040272871	0.3480637645644113	0.3994455770760332	0.3505226287812882
c2_less_semantic_coadapt_v11__pathology_continue_update_6200__b7cf925a	c2_less_semantic_coadapt_v11	outputs/c2_less_semantic_coadapt_v11/p_pathology_continue_full200_selected/full_validation/pathology_continue_update_6200	/common/lidxxlab/chushu/RexGroundingCT/outputs/c2_less_semantic_coadapt_v11/p_pathology_continue_5000_to10000_corrected/checkpoints/checkpoint_update_6200.pth	0.325331991332329	286	0.7506561679790026	True	b7cf925a2971cd7d820a571c3b27aba564d848a96a6b1f6ae93f32fdec76cf37	0.3333058086038759	0.3403077246533946	0.3657773557626385	0.3590214581524055
b3_plus_less_v11__b3_plus_less_update4000__3c1619e7	b3_plus_less_v11	outputs/b3_plus_less_v11/full200/b3_plus_less_update4000	/common/lidxxlab/chushu/RexGroundingCT/outputs/b3_plus_less_v11/checkpoints/checkpoint_update_4000.pth	0.325308119515913	297	0.7795275590551181	True	3c1619e799decd19fff2aafbd31bce216ffcce58c260a464de54a3d57f8c7b83	0.335276523301025	0.3341240722858005	0.3595096052310182	0.3699425331676354
qwen_early_coadaptation_from_v11__C1_update_5000__92378e4c	qwen_early_coadaptation_from_v11	outputs/qwen_early_coadaptation_from_v11/full_validation_selected_checkpoints/full_validation/C1_update_5000	/common/lidxxlab/chushu/RexGroundingCT/outputs/qwen_lora_top6_global_from_v11/checkpoints/checkpoint_update_5000.pth	0.3251869783409958	292	0.7664041994750657	True	92378e4cdb4f77344a805e19fd5bfd3e5235435744164afe09bc5e3cf6f5e1ec	0.3203378715801163	0.3625134776618576	0.3733683257031036	0.3638332307379338
c2_less_semantic_coadapt_v11__pathology_update_5000__992ee118	c2_less_semantic_coadapt_v11	outputs/c2_less_semantic_coadapt_v11/full_validation_selected_checkpoints/full_validation/pathology_update_5000	/common/lidxxlab/chushu/RexGroundingCT/outputs/c2_less_semantic_coadapt_v11/p_pathology/checkpoints/checkpoint_update_5000.pth	0.32510234006959243	288	0.7559055118110236	True	992ee118c8af2162259086e9eff46f34a331df84d5ace44b479c6cc930b178e7	0.3185427168124217	0.3774898102563476	0.3777297015234134	0.356735757885104
b3_plus_less_v11__b3_plus_less_update3400__5de7aa55	b3_plus_less_v11	outputs/b3_plus_less_v11/full200/b3_plus_less_update3400	/common/lidxxlab/chushu/RexGroundingCT/outputs/b3_plus_less_v11/checkpoints/checkpoint_update_3400.pth	0.32505589684607566	292	0.7664041994750657	True	5de7aa552b9fe949b1252cc7b6a840d181480c0e01e8d7df5d37c74871a3ef53	0.3214128766753676	0.3553898135327468	0.3831131041805476	0.3637123934771489
word_global_v11_0to2000__b3_u4400__a48fc131	word_global_v11_0to2000	outputs/word_global_v11_0to2000/full200_selected_late/b3_u4400	/common/lidxxlab/chushu/RexGroundingCT/outputs/word_global_v11_0to2000/B3_candidates_global_router/checkpoints/checkpoint_update_4400.pth	0.3249726682099882	289	0.7585301837270341	True	a48fc131472e41b03a56335488efeb73232c563dc5c1a4f12f1391dd39145c79	0.324624454442256	0.3626636484871599	0.3778129571596334	0.3558554486160061
c2_less_semantic_coadapt_v11__pathology_continue_update_9000__6bcbe4ca	c2_less_semantic_coadapt_v11	outputs/c2_less_semantic_coadapt_v11/p_pathology_continue_full200_additional/full_validation/pathology_continue_update_9000	/common/lidxxlab/chushu/RexGroundingCT/outputs/c2_less_semantic_coadapt_v11/p_pathology_continue_5000_to10000_corrected/checkpoints/checkpoint_update_9000.pth	0.32490627806321387	281	0.7375328083989501	True	6bcbe4ca35fd0cb252ad43c6f6af255decd2597f64322f33bfd305cd582fb249	0.3324832762063482	0.346561001917929	0.3577230331774494	0.3632213373804803
c2_less_semantic_coadapt_v11__pathology_continue_update_8600__fd0d7bc7	c2_less_semantic_coadapt_v11	outputs/c2_less_semantic_coadapt_v11/p_pathology_continue_full200_additional/full_validation/pathology_continue_update_8600	/common/lidxxlab/chushu/RexGroundingCT/outputs/c2_less_semantic_coadapt_v11/p_pathology_continue_5000_to10000_corrected/checkpoints/checkpoint_update_8600.pth	0.3243978780590319	288	0.7559055118110236	True	fd0d7bc7433d83fefbe11f04db34c3de95a4e9196036a645bfda08a6a998b161	0.3358022184291592	0.3365357197553721	0.3657155038368397	0.3579013819651894
c_global_lambda01_v11__c_global_update5000__fb795369	c_global_lambda01_v11	outputs/c_global_lambda01_v11/full200/c_global_update5000	/common/lidxxlab/chushu/RexGroundingCT/outputs/c_global_lambda01_v11/checkpoints/inference_original_update_5000.pth	0.32434366634589074	290	0.7611548556430446	True	fb795369993d4aeb3b23e211ddd5a75b7039d6d413cfad4c7e13835a8b75a58c	0.3342767470513992	0.3666017976992049	0.3664294363906838	0.3531870722624587
sampler_ablation_restricted_vs_inclusive_5k__update_05000__fe23dc47	sampler_ablation_restricted_vs_inclusive_5k	outputs/sampler_ablation_restricted_vs_inclusive_5k/S1_inclusive/full200/update_05000	/common/lidxxlab/chushu/RexGroundingCT/outputs/sampler_ablation_restricted_vs_inclusive_5k/S1_inclusive/full200_models/update_05000/fold_0/checkpoint_final.pth	0.32422314483419	299	0.7847769028871391	True	fe23dc47b8bde813f21e3c49730fe3f9c3d676fb10e1c179bdf871a9cbf84776	0.3176548486365297	0.3329658576113137	0.359015729396497	0.3749996957970858
sampler_ablation_restricted_vs_inclusive_5k__update_05000__62100e9b	sampler_ablation_restricted_vs_inclusive_5k	outputs/sampler_ablation_restricted_vs_inclusive_5k/S0_restricted/full200/update_05000	/common/lidxxlab/chushu/RexGroundingCT/outputs/sampler_ablation_restricted_vs_inclusive_5k/S0_restricted/full200_models/update_05000/fold_0/checkpoint_final.pth	0.32415595235674055	291	0.7637795275590551	True	62100e9bd5353aa7088418f9690fa8e19ae5f188678731f9b2ec73b2c9120738	0.3349094465723869	0.3548645855615157	0.3690876270215703	0.356735709895159
word_global_v11_0to2000__b2_u4000__cc2370df	word_global_v11_0to2000	outputs/word_global_v11_0to2000/full200_best_and_u4000/b2_u4000	/common/lidxxlab/chushu/RexGroundingCT/outputs/word_global_v11_0to2000/B2_word_query_prompt_decoder/checkpoints/checkpoint_update_4000.pth	0.3237222916491534	291	0.7637795275590551	True	cc2370dfab627b9aefbf346e168b68a2d377d0c11e04707205c1f0f9465b7446	0.3246231618349637	0.3407787160586176	0.3793479537684233	0.3583593525858087
b3_bico_e345_v11__b3_bico_e345_update6000__29a3d7ae	b3_bico_e345_v11	outputs/b3_bico_e345_v11/training/full200/b3_bico_e345_update6000	/common/lidxxlab/chushu/RexGroundingCT/outputs/b3_bico_e345_v11/training_continue_5000_to10000/checkpoints/checkpoint_update_6000.pth	0.32368028943958743	289	0.7585301837270341	True	29a3d7ae007d0673b665015111ad54282c4c5ad9560960ea7186fe7662432635	0.292801876391309	0.356637074239139	0.3982486926985854	0.3613972802227208
qwen_early_coadaptation_from_v11__C2_update_5000__f882a98a	qwen_early_coadaptation_from_v11	outputs/qwen_early_coadaptation_from_v11/full_validation_selected_checkpoints/full_validation/C2_update_5000	/common/lidxxlab/chushu/RexGroundingCT/outputs/qwen_lora_top6_bica_stage3_from_v11/checkpoints/checkpoint_update_5000.pth	0.3236339790374054	291	0.7637795275590551	True	f882a98ac002d4f2e97bfe3f353b9e8ee183a1d5ba72acd4f553541d9cc4fda8	0.3257088314237522	0.3522906620316383	0.3689967608348751	0.3609758792831441
a2_fan_v11_longrun_5000__fan_bypass__69576799	a2_fan_v11_longrun_5000	outputs/a2_fan_v11_longrun_5000/preserve2800_full_causal_validation/causal_full/fan_bypass	/common/lidxxlab/chushu/RexGroundingCT/outputs/a2_fan_v11_longrun_5000/Preserve/checkpoints/checkpoint_update_2800.pth	0.3233148456657241	288	0.7559055118110236	False	69576799fca2f243cf4411a2628d13c1cea69a5532078ff6a91049a84d9631cc	0.319140208831523	0.3296970010126452	0.3799940136012194	0.3704728826915362
current_best_full200_validation__preserve_update4800__a2aaa012	current_best_full200_validation	outputs/current_best_full200_validation/preserve_update4800	/common/lidxxlab/chushu/RexGroundingCT/outputs/a2_fan_v11_longrun_5000/Preserve/checkpoints/checkpoint_update_4800.pth	0.323226285442378	289	0.7585301837270341	True	a2aaa012832229142a0d66d51fba2980119e954fab42c369c3643e8fcb684b1c	0.3242454612730111	0.3301652685971329	0.3684818586193691	0.3626505168081339
s3_full200_every1000__update_05750__d4272dbb	s3_full200_every1000	outputs/s3_full200_every1000/results/weakdiffuse_multiscale_cont/update_05750	/common/lidxxlab/chushu/RexGroundingCT/outputs/s3_multiscale_weakdiffuse_u3750_1gpu_acc4_lr10x_2kupd/voxtell_compatible_models/weakdiffuse_multiscale_cont_update5750/fold_0/checkpoint_final.pth	0.3231091335589863	289	0.7585301837270341	True	d4272dbb4fe37415da599abf2ae8f69cb10757c48e2b6157220b0814957b125d	0.3109134627196458	0.3340823207203769	0.3724494962400937	0.3707920044820387
sera_functional_experts_v11_5k__S1_FUNC__417cbfb2	sera_functional_experts_v11_5k	outputs/sera_functional_experts_v11_5k/full381_update3000/S1_FUNC	/common/lidxxlab/chushu/RexGroundingCT/sera_functional_experts_worktree/outputs/sera_functional_experts_v11_5k/full381_update3000/S1_FUNC/model/fold_0/checkpoint_final.pth	0.3229843024058165	288	0.7559055118110236	True	417cbfb22974a3f88523131e42b80fc5e884189611fa0230d85f1ccd1d6f91ce	0.3329288872016347	0.3597224386627213	0.368245624281473	0.3498683788944424
current_best_full200_validation__e3_semantic_update5000_best_after5000_fixed30__e646f489	current_best_full200_validation	outputs/current_best_full200_validation/e3_semantic_update5000_best_after5000_fixed30	/common/lidxxlab/chushu/RexGroundingCT/outputs/a2_fan_preserve_semantic_grounding_v11_5000/checkpoints/checkpoint_update_5000.pth	0.3227451954931035	284	0.7454068241469817	True	e646f4894389873d8a14cdaa89339ca2efe68d61f631c53d2c6d2e1dd377e20a	0.3285713530306994	0.3273147601089351	0.3478664815505362	0.3737619779617417
sera_functional_experts_v11_5k__B0__8ec0f1cd	sera_functional_experts_v11_5k	outputs/sera_functional_experts_v11_5k/full381_update3000/B0	/common/lidxxlab/chushu/RexGroundingCT/sera_functional_experts_worktree/outputs/sera_functional_experts_v11_5k/full381_update3000/B0/model/fold_0/checkpoint_final.pth	0.32257097763350906	285	0.7480314960629921	True	8ec0f1cd7359e8825666253cf69e44ab7fa75cbc4757233b60b3e28415e64306	0.308235508208395	0.3619865834768189	0.3746361075216538	0.3622031848740253
attention_scale_screen_1_4_u500__update500__9a879693	attention_scale_screen_1_4_u500	outputs/attention_scale_screen_1_4_u500/full381/update500		0.32233244178736115	283	0.7427821522309711	True	9a87969338e4fc6d8752a3fa27cf43259c184a683d0ba090e1075fbd94e12689	0.3127717790935167	0.3484946996171038	0.3838471067337621	0.3518861968355772
a2_fan_preserve_semantic_grounding_v11_continue_5000_to10000__update_05500__2062fed5	a2_fan_preserve_semantic_grounding_v11_continue_5000_to10000	outputs/a2_fan_preserve_semantic_grounding_v11_continue_5000_to10000/full_validation/update_05500	/common/lidxxlab/chushu/RexGroundingCT/outputs/a2_fan_preserve_semantic_grounding_v11_continue_5000_to10000/checkpoints/checkpoint_update_5500.pth	0.3220673463447167	292	0.7664041994750657	True	2062fed5379699362099e25f52c82971e22ecb70188d1f4db0d852bd2e123ea5	0.3165758704477817	0.358135737335341	0.3719867307844984	0.3532885082412965
sampler_ablation_restricted_vs_inclusive_5k__update_03400__75f4c66d	sampler_ablation_restricted_vs_inclusive_5k	outputs/sampler_ablation_restricted_vs_inclusive_5k/S0_restricted/full200/update_03400	/common/lidxxlab/chushu/RexGroundingCT/outputs/sampler_ablation_restricted_vs_inclusive_5k/S0_restricted/full200_models/update_03400/fold_0/checkpoint_final.pth	0.3220299254435718	284	0.7454068241469817	True	75f4c66d00d5d47e74ec0530fff302801b8beafbcd891be881b2ae027eb8745c	0.301803704937407	0.361081054257841	0.3899212338923823	0.3548965735179239
a2_fan_v11_longrun_5000__token_shuffle__cd5c9440	a2_fan_v11_longrun_5000	outputs/a2_fan_v11_longrun_5000/preserve2800_full_causal_validation/causal_full/token_shuffle	/common/lidxxlab/chushu/RexGroundingCT/outputs/a2_fan_v11_longrun_5000/Preserve/checkpoints/checkpoint_update_2800.pth	0.3213934162014183	286	0.7506561679790026	False	cd5c9440d29d57682d574d5e1b5258c8bbe7729b63797f9794d838f354b62c14	0.3147816297988076	0.3310001303526992	0.3794211971373294	0.3668245014854284
a2_fan_v11_longrun_5000__preserve2800__c478340f	a2_fan_v11_longrun_5000	outputs/a2_fan_v11_longrun_5000/preserve2800_full_causal_validation/full_validation/preserve2800	/common/lidxxlab/chushu/RexGroundingCT/outputs/a2_fan_v11_longrun_5000/Preserve/checkpoints/checkpoint_update_2800.pth	0.3213664388493516	286	0.7506561679790026	False	c478340f640dd3fa31e203bf74530e1aa4dae127a7f0603dc25e555708b04992	0.3147598334164349	0.3310280500798854	0.3794318106171378	0.3667593677119519
a2_fan_v11_longrun_5000__token_neutral__5511d9de	a2_fan_v11_longrun_5000	outputs/a2_fan_v11_longrun_5000/preserve2800_full_causal_validation/causal_full/token_neutral	/common/lidxxlab/chushu/RexGroundingCT/outputs/a2_fan_v11_longrun_5000/Preserve/checkpoints/checkpoint_update_2800.pth	0.3213589495174729	286	0.7506561679790026	False	5511d9de386f31642e11c502da38fc9a861749627e1ceddff0102fdaeff3c083	0.3147308317954581	0.3309610261042171	0.3793499958358827	0.3668496063604783
a2_fan_v11_longrun_5000__cross_category_shuffle__5b0675f2	a2_fan_v11_longrun_5000	outputs/a2_fan_v11_longrun_5000/preserve2800_full_causal_validation/causal_full/cross_category_shuffle	/common/lidxxlab/chushu/RexGroundingCT/outputs/a2_fan_v11_longrun_5000/Preserve/checkpoints/checkpoint_update_2800.pth	0.3213412339343728	286	0.7506561679790026	False	5b0675f25724d665d49ff62b6655a097a7e343fea40d76b167cc1cc4f9fe1fe3	0.3147738316184858	0.331042923057771	0.3793708403888428	0.3667184372821383
c2_less_semantic_coadapt_v11__anatomy_update_3400__5e73de87	c2_less_semantic_coadapt_v11	outputs/c2_less_semantic_coadapt_v11/full_validation_selected_checkpoints/full_validation/anatomy_update_3400	/common/lidxxlab/chushu/RexGroundingCT/outputs/c2_less_semantic_coadapt_v11/a_anatomy/checkpoints/checkpoint_update_3400.pth	0.3212619615577753	284	0.7454068241469817	True	5e73de87c914b82d0b1c0fc662dd708fc2b912bd9cb7b1308ff672ce8eefae8c	0.3142887055934036	0.3514561663402625	0.3843194321271589	0.3585855994158623
b3_candidate_router_ablation_v11__functional_k1_u4000__b822578d	b3_candidate_router_ablation_v11	outputs/b3_candidate_router_ablation_v11/full200/functional_k1_u4000	/common/lidxxlab/chushu/RexGroundingCT/outputs/b3_candidate_router_ablation_v11/functional_k1_first/checkpoints/checkpoint_update_4000.pth	0.32122835070031397	291	0.7637795275590551	True	b822578d15a2cedeb11625ce51c131c7644ce02da28677c4860a0d5cfb737ff9	0.3368381041488397	0.3340065299291019	0.373992542644601	0.3499197290411098
s3_full200_every1000__update_03000__abda82ad	s3_full200_every1000	outputs/s3_full200_every1000/results/clean_multiscale_strict2b2c/update_03000	/common/lidxxlab/chushu/RexGroundingCT/outputs/s3_multiscale_2b2c_v11_e1e-5_d1e-4_s3e1e-4_1gpu_bs1_acc4_10kupd/voxtell_compatible_models/clean_multiscale_strict2b2c_update3000/fold_0/checkpoint_final.pth	0.32119480144617424	288	0.7559055118110236	True	abda82ada1da7f16f42f4e0b13c3ed952524fb009a212855de6eac5439bcf5b5	0.2980933998334833	0.360496965261984	0.3841229219198821	0.3572058876391407
b3_plus_less_v11__b3_plus_less_update3000__e95cc4e6	b3_plus_less_v11	outputs/b3_plus_less_v11/full200/b3_plus_less_update3000	/common/lidxxlab/chushu/RexGroundingCT/outputs/b3_plus_less_v11/checkpoints/checkpoint_update_3000.pth	0.32053633680609783	285	0.7480314960629921	True	e95cc4e67cc35b528891c71b27ef4d784818188a3f7a7b81e1dc1cd43546e0d4	0.2818805733016801	0.3546058597059489	0.3875689934422013	0.3634404922348657
c2_less_semantic_coadapt_v11__pathology_update_2800__b863167c	c2_less_semantic_coadapt_v11	outputs/c2_less_semantic_coadapt_v11/full_validation_selected_checkpoints/full_validation/pathology_update_2800	/common/lidxxlab/chushu/RexGroundingCT/outputs/c2_less_semantic_coadapt_v11/p_pathology/checkpoints/checkpoint_update_2800.pth	0.32008546155484613	284	0.7454068241469817	True	b863167ca2776abaa9af748840bb8ec96f52ab74011b111c08edb47a69912de0	0.3258788734045257	0.3355448355188201	0.3840950949481572	0.3553862912205104
b3_bico_e345_v11__b3_bico_e345_update3200__bf976ad0	b3_bico_e345_v11	outputs/b3_bico_e345_v11/training/full200/b3_bico_e345_update3200	/common/lidxxlab/chushu/RexGroundingCT/outputs/b3_bico_e345_v11/training/checkpoints/checkpoint_update_3200.pth	0.3198605614585194	288	0.7559055118110236	True	bf976ad007a4e399c02ea799fb14d045b5cfc4d1b26f38e26a2070df559adebd	0.302031320973944	0.3372276555127479	0.396266860656152	0.356215326268269
qwen_early_coadaptation_from_v11__C2_update_2400__fc3b156c	qwen_early_coadaptation_from_v11	outputs/qwen_early_coadaptation_from_v11/full_validation_selected_checkpoints/full_validation/C2_update_2400	/common/lidxxlab/chushu/RexGroundingCT/outputs/qwen_lora_top6_bica_stage3_from_v11/checkpoints/checkpoint_update_2400.pth	0.31981526189057347	289	0.7585301837270341	True	fc3b156c5316dd312b7d5f255b6aceba713826c5470e6ffc94391ed6ae5bdb06	0.307556181887666	0.3569259914728702	0.3575839892186046	0.3601773779579602
b3_candidate_router_ablation_v11__k4_uniform_u4000__6d13edee	b3_candidate_router_ablation_v11	outputs/b3_candidate_router_ablation_v11/full200/k4_uniform_u4000	/common/lidxxlab/chushu/RexGroundingCT/outputs/b3_candidate_router_ablation_v11/k4_uniform_router_disabled/checkpoints/checkpoint_update_4000.pth	0.31941263037870066	288	0.7559055118110236	True	6d13edeed133deff7dcaab374fb4f198eaaca05e2fb8d0f41be790587691ca0e	0.3278368958514656	0.3118042120947015	0.3700305690970029	0.3613143363183593
attention_scale_screen_1_1_u500__update500__5210c979	attention_scale_screen_1_1_u500	outputs/attention_scale_screen_1_1_u500/full381/update500		0.31893185885429703	288	0.7559055118110236	True	5210c979b0cdcef656b00fadafa58e93af2a360824d20eab063e0925fa7d160b	0.3080524471652428	0.347511856395325	0.38866694897625	0.3390751295690229
less_fan_conditioning_10k__c3_faithful_fan_update7000__46b89ede	less_fan_conditioning_10k	outputs/less_fan_conditioning_10k/full200_selected/c3_faithful_fan_update7000	/common/lidxxlab/chushu/RexGroundingCT/outputs/less_fan_conditioning_10k/c3_faithful_fan/checkpoints/checkpoint_update_7000.pth	0.3188934150030687	284	0.7454068241469817	True	46b89ede8b3661ed844e9c4be055f79069c6bcf6f9e96ef8deca13be4823bd72	0.3203245103030503	0.3123412294720336	0.3660076576137406	0.3653683901289893
word_global_v11_0to2000__b1_u4000__486db70f	word_global_v11_0to2000	outputs/word_global_v11_0to2000/full200_best_and_u4000/b1_u4000	/common/lidxxlab/chushu/RexGroundingCT/outputs/word_global_v11_0to2000/B1_late_word_ca/checkpoints/checkpoint_update_4000.pth	0.3188654660573244	287	0.7532808398950132	True	486db70f13e02f6c2df6cccfe5c8b4dfaac5c0695c5b3e1463db4c9583afda6d	0.3376217299377361	0.3397576964679504	0.3729079580931461	0.3434841877382181
c2_less_semantic_coadapt_v11__anatomy_update_5000__d9c65b44	c2_less_semantic_coadapt_v11	outputs/c2_less_semantic_coadapt_v11/full_validation_selected_checkpoints/full_validation/anatomy_update_5000	/common/lidxxlab/chushu/RexGroundingCT/outputs/c2_less_semantic_coadapt_v11/a_anatomy/checkpoints/checkpoint_update_5000.pth	0.3188568985246214	287	0.7532808398950132	True	d9c65b44c7a1328ea58309f19f6ed999f8938fee4b26469c7400226345dd7282	0.3212327016639303	0.3559605227821127	0.3495247601343514	0.3545957566676056
less_fan_conditioning_10k__c1_direct_update5400__3314d2ef	less_fan_conditioning_10k	outputs/less_fan_conditioning_10k/full200_selected/c1_direct_update5400	/common/lidxxlab/chushu/RexGroundingCT/outputs/less_fan_conditioning_10k/c1_a2_direct_continue/checkpoints/checkpoint_update_5400.pth	0.318832631408768	287	0.7532808398950132	True	3314d2ef82ae4424047a64aa1132e52c50c93af5ecb1e2a765a551f8343c3ee4	0.326256361568378	0.3243506080166521	0.364083858145355	0.3588147083645013
b3_bico_e345_v11__b3_bico_e345_update4400__997d860c	b3_bico_e345_v11	outputs/b3_bico_e345_v11/training/full200/b3_bico_e345_update4400	/common/lidxxlab/chushu/RexGroundingCT/outputs/b3_bico_e345_v11/training/checkpoints/checkpoint_update_4400.pth	0.3187915870687718	289	0.7585301837270341	True	997d860c9765465702d32b90a13bf3890c96c3d5cf607a0eae15f42c23e53d27	0.3011554756124679	0.3571491345053769	0.3874699064622794	0.3462012034611773
a2_fan_v11_longrun_5000__b0_2800__70c82ec1	a2_fan_v11_longrun_5000	outputs/a2_fan_v11_longrun_5000/preserve2800_full_causal_validation/full_validation/b0_2800	/common/lidxxlab/chushu/RexGroundingCT/outputs/a2_fan_v11_longrun_5000/B0/checkpoints/checkpoint_update_2800.pth	0.3186386463846627	287	0.7532808398950132	False	70c82ec173e4318613bda7e6290198c000f40dd5bba75e125224cfd55d9f5b3e	0.3086217629964544	0.3470010945826415	0.3814479336006183	0.354525239726741
less_fan_conditioning_10k__c1_direct_update7000__be9fb3eb	less_fan_conditioning_10k	outputs/less_fan_conditioning_10k/full200_selected/c1_direct_update7000	/common/lidxxlab/chushu/RexGroundingCT/outputs/less_fan_conditioning_10k/c1_a2_direct_continue/checkpoints/checkpoint_update_7000.pth	0.31732112533041534	287	0.7532808398950132	True	be9fb3ebe62e5986ae1c917b1002f1b8acda738cba8d585b6098098457a769cf	0.3197856239206735	0.3265523725154753	0.3643903116274111	0.354418008847965
b3_candidate_router_ablation_v11__functional_k1_u2000__fbe7c216	b3_candidate_router_ablation_v11	outputs/b3_candidate_router_ablation_v11/full200/functional_k1_u2000	/common/lidxxlab/chushu/RexGroundingCT/outputs/b3_candidate_router_ablation_v11/functional_k1_first/checkpoints/checkpoint_update_2000.pth	0.3170593876538682	295	0.7742782152230971	True	fbe7c216340ff44477fd319b9400c6bae1952fbb9f1b66d04de2d533c53697d0	0.2962578122620305	0.3401571737307536	0.3696551374839619	0.3605140922291765
segmote_voxtell_m1_bidir_v11_5k__segmote_m1_update2400_full200__c08224a0	segmote_voxtell_m1_bidir_v11_5k	outputs/segmote_voxtell_m1_bidir_v11_5k/full200/segmote_m1_update2400_full200	/common/lidxxlab/chushu/RexGroundingCT/outputs/segmote_voxtell_m1_bidir_v11_5k/checkpoints/checkpoint_update_2400.pth	0.31684001563114766	288	0.7559055118110236	True	c08224a0e557cb4db3814980dca08c0431021dca33d9fea674d01873e7c704eb	0.3039724905131648	0.3499015052067344	0.3664385980878964	0.3523899560427447
word_global_v11_0to2000__b3_best_fixed30_u2000__55354c09	word_global_v11_0to2000	outputs/word_global_v11_0to2000/full200_best_and_u4000/b3_best_fixed30_u2000	/common/lidxxlab/chushu/RexGroundingCT/outputs/word_global_v11_0to2000/B3_candidates_global_router/checkpoints/checkpoint_update_2000.pth	0.3168332268541032	290	0.7611548556430446	True	55354c093ac2f9a44f1e3fd72d799aa429e615199d025569d97ed1149eb7bb85	0.2962535043430282	0.3389511842157244	0.3645030719742512	0.3645674358328383
pbt_cls_fullval_qwen_complementarity__E2_qwen_heavy__9f4f0726	pbt_cls_fullval_qwen_complementarity	outputs/pbt_cls_fullval_qwen_complementarity/ensembles/E2_qwen_heavy		0.3163121779649272	287	0.7532808398950132	True	9f4f0726fbdf39550ff6cd3f70de4fec1a1fc53ed4fd351704e4c33cea700578	0.3249458695925261	0.3338339880585297	0.3439402758485461	0.356554565333197
c_global_lambda01_v11__c_global_update4000__3738055d	c_global_lambda01_v11	outputs/c_global_lambda01_v11/full200/c_global_update4000	/common/lidxxlab/chushu/RexGroundingCT/outputs/c_global_lambda01_v11/checkpoints/inference_original_update_4000.pth	0.3158602432217688	283	0.7427821522309711	True	3738055d04a3be58f1e51574ae7bb992374260c39a23c9636a097149353eddc1	0.3344039718961019	0.3493173455616011	0.3773790608353421	0.3334987798857814
qwen_early_coadaptation_from_v11__C1_update_3400__8fa0876c	qwen_early_coadaptation_from_v11	outputs/qwen_early_coadaptation_from_v11/full_validation_selected_checkpoints/full_validation/C1_update_3400	/common/lidxxlab/chushu/RexGroundingCT/outputs/qwen_lora_top6_global_from_v11/checkpoints/checkpoint_update_3400.pth	0.3157476487855356	282	0.7401574803149606	True	8fa0876cd8b86b2b940906b17a5229604146feb0dcc8b9aff40a61f3315fe091	0.2917680638265425	0.3543660830453157	0.3936944846610279	0.347140410542819
a2_fan_preserve_semantic_grounding_e3b_v11_5000__update_02200__196b8417	a2_fan_preserve_semantic_grounding_e3b_v11_5000	outputs/a2_fan_preserve_semantic_grounding_e3b_v11_5000/full_validation/update_02200	/common/lidxxlab/chushu/RexGroundingCT/outputs/a2_fan_preserve_semantic_grounding_e3b_v11_5000/checkpoints/checkpoint_update_2200.pth	0.3157134195043904	289	0.7585301837270341	True	196b84174f8edf36c953da8128504ea8f90c2159ddd2163920783e210ef208da	0.2912457049736921	0.3386627525748104	0.3905498855185084	0.3514845888163023
word_global_v11_0to2000__b1_best_fixed30_u2600__f59a3f54	word_global_v11_0to2000	outputs/word_global_v11_0to2000/full200_best_and_u4000/b1_best_fixed30_u2600	/common/lidxxlab/chushu/RexGroundingCT/outputs/word_global_v11_0to2000/B1_late_word_ca/checkpoints/checkpoint_update_2600.pth	0.3155820915573532	289	0.7585301837270341	True	f59a3f5452dbbd02cb05b9a1e98bab620c7336e169e107c6ae1d59b4dd3e1378	0.3158454553907456	0.3447385016239433	0.3520747834693853	0.3553030844183467
a2_fan_v11_longrun_5000__b0_best4000__5af6bc9c	a2_fan_v11_longrun_5000	outputs/a2_fan_v11_longrun_5000/preserve2800_full_causal_validation/full_validation/b0_best4000	/common/lidxxlab/chushu/RexGroundingCT/outputs/a2_fan_v11_longrun_5000/B0/checkpoints/checkpoint_update_4000.pth	0.3141142389206675	287	0.7532808398950132	False	5af6bc9cc369fb0cb1436f3e5e206cfc3d6ed705c41fcadeeb19f58f96b6b438	0.3240042125515295	0.3310070581885476	0.3394566453475374	0.3543369838390351
c_global_lambda01_v11__b0_update4000__a904ac6b	c_global_lambda01_v11	outputs/c_global_lambda01_v11/full200/b0_update4000	/common/lidxxlab/chushu/RexGroundingCT/outputs/a2_fan_v11_longrun_5000/B0/checkpoints/checkpoint_update_4000.pth	0.3140727266848098	287	0.7532808398950132	True	a904ac6b2cfe8b5d4325af2b17ae46751b5adaa6c4cfc78b6cdb77727c65fe06	0.3238848896106939	0.3310070816324918	0.3394733398437489	0.3543114447808322
pbt_cls_fullval_qwen_complementarity__E1_equal__733b65c0	pbt_cls_fullval_qwen_complementarity	outputs/pbt_cls_fullval_qwen_complementarity/ensembles/E1_equal		0.3139969398464278	282	0.7401574803149606	True	733b65c027f9eec67fcbf9911b3234dacfee15486c6bfb53b3a299f1f3499cef	0.3125325232836031	0.3381129546008342	0.3541921374557502	0.3635725849690618
segmote_voxtell_m1_bidir_v11_5k__segmote_m1_update2800_full200__272a7529	segmote_voxtell_m1_bidir_v11_5k	outputs/segmote_voxtell_m1_bidir_v11_5k/full200/segmote_m1_update2800_full200	/common/lidxxlab/chushu/RexGroundingCT/outputs/segmote_voxtell_m1_bidir_v11_5k/checkpoints/checkpoint_update_2800.pth	0.3136647866968848	279	0.7322834645669292	True	272a7529efadf6eea5615f1ec87d30b991eda16de4e066893cd995decdd572ef	0.330504074201901	0.3256899126019838	0.3803978381109801	0.3367527043382097
segmote_voxtell_p0_ppt_v11_5k__segmote_p0_update4200_full200__79b2a4c7	segmote_voxtell_p0_ppt_v11_5k	outputs/segmote_voxtell_p0_ppt_v11_5k/full200/segmote_p0_update4200_full200	/common/lidxxlab/chushu/RexGroundingCT/outputs/segmote_voxtell_p0_ppt_v11_5k/checkpoints/checkpoint_update_4200.pth	0.31242546179093167	280	0.7349081364829396	True	79b2a4c78bbcd4c13f3ebbfbba3fd2928b19ac0c350577b8d1c7314f432ba799	0.2938195403564171	0.3489264241839378	0.3806785838851961	0.3392637603371922
word_global_v11_0to2000__b1_u4800__cfa120a8	word_global_v11_0to2000	outputs/word_global_v11_0to2000/full200_best_and_u4000/b1_u4800	/common/lidxxlab/chushu/RexGroundingCT/outputs/word_global_v11_0to2000/B1_late_word_ca/checkpoints/checkpoint_update_4800.pth	0.31230162981847553	288	0.7559055118110236	True	cfa120a880e752f443fe924653c425482838c7088db0e86bc481d3721a9b1e6f	0.3138875359664617	0.2995591599439281	0.3352516310777993	0.3632326635830087
a2_fan_preserve_semantic_grounding_e3b_v11_5000__update_02800__eae68902	a2_fan_preserve_semantic_grounding_e3b_v11_5000	outputs/a2_fan_preserve_semantic_grounding_e3b_v11_5000/full_validation/update_02800	/common/lidxxlab/chushu/RexGroundingCT/outputs/a2_fan_preserve_semantic_grounding_e3b_v11_5000/checkpoints/checkpoint_update_2800.pth	0.31170865887887156	285	0.7480314960629921	True	eae689021ef62c8c3804dfb8d5f7102449f436c21517c86886f8ca07ecf1cdf6	0.2717627243904776	0.344123462674939	0.3802602408038302	0.359761687359076
word_global_v11_0to2000__b2_best_fixed30_u2000__59f64e5c	word_global_v11_0to2000	outputs/word_global_v11_0to2000/full200_best_and_u4000/b2_best_fixed30_u2000	/common/lidxxlab/chushu/RexGroundingCT/outputs/word_global_v11_0to2000/B2_word_query_prompt_decoder/checkpoints/checkpoint_update_2000.pth	0.3116400479488084	288	0.7559055118110236	True	59f64e5c141ed44a564481b0edde7412b66cfaff09c52e16461499c72137265a	0.2799656076218959	0.3329241040079829	0.3668684102464963	0.3568494504955039
a2_fan_preserve_semantic_grounding_e3b_v11_5000__update_03400__6c826b71	a2_fan_preserve_semantic_grounding_e3b_v11_5000	outputs/a2_fan_preserve_semantic_grounding_e3b_v11_5000/full_validation/update_03400	/common/lidxxlab/chushu/RexGroundingCT/outputs/a2_fan_preserve_semantic_grounding_e3b_v11_5000/checkpoints/checkpoint_update_3400.pth	0.311620718194387	281	0.7375328083989501	True	6c826b71eb4e6f59e557d6acb3b64164a2de52d048aedc7e58cb949dc37941aa	0.2879957342521411	0.3314255849531988	0.3763042056373232	0.3547708131256816
bidir_prompt_decoder_v11_5000__update_03400__297c60ff	bidir_prompt_decoder_v11_5000	outputs/bidir_prompt_decoder_v11_5000/E1_old_fusion/full_validation/update_03400	/common/lidxxlab/chushu/RexGroundingCT/outputs/bidir_prompt_decoder_v11_5000/E1_old_fusion/checkpoints/checkpoint_update_3400.pth	0.31095875933006	283	0.7427821522309711	True	297c60ffb17987b46930203f092a241726ba0a38235a4ad2781ced5de4dd75bc	0.2959302026807268	0.3218049648926911	0.3683963671541444	0.3598132294046747
global_image_to_text_v11_5000__global_i2t_update5000__14aad8b0	global_image_to_text_v11_5000	outputs/global_image_to_text_v11_5000/full200_selected/global_i2t_update5000	/common/lidxxlab/chushu/RexGroundingCT/outputs/global_image_to_text_v11_5000/checkpoints/checkpoint_update_5000.pth	0.31068032426414294	282	0.7401574803149606	True	14aad8b0a8598eb0df758d62b9d8aa779c8292ac69c302a530724706648fe16e	0.3197181534658751	0.3268830913753627	0.3584793053354738	0.3449086155969815
sampler_ablation_restricted_vs_inclusive_5k__update_04000__db8988c1	sampler_ablation_restricted_vs_inclusive_5k	outputs/sampler_ablation_restricted_vs_inclusive_5k/S0_restricted/full200/update_04000	/common/lidxxlab/chushu/RexGroundingCT/outputs/sampler_ablation_restricted_vs_inclusive_5k/S0_restricted/full200_models/update_04000/fold_0/checkpoint_final.pth	0.3097594092828651	286	0.7506561679790026	True	db8988c199678c15a19f1798e4b6ff4367e9cfe5cdf8f2dac5e098255c520c9d	0.3342663262347293	0.3322762634819902	0.34453733728339	0.3324748937548062
c2_less_semantic_coadapt_v11__anatomy_update_2800__6f5d5b10	c2_less_semantic_coadapt_v11	outputs/c2_less_semantic_coadapt_v11/full_validation_selected_checkpoints/full_validation/anatomy_update_2800	/common/lidxxlab/chushu/RexGroundingCT/outputs/c2_less_semantic_coadapt_v11/a_anatomy/checkpoints/checkpoint_update_2800.pth	0.3090758873617205	281	0.7375328083989501	True	6f5d5b10dbf23a7d6353bda2b332a507be284c94d02043f2e43163ee08352edf	0.3159772182286041	0.339087769372009	0.3841196862788253	0.3262777339162527
a2_fan_v11_longrun_5000__direct_update4200__e5e015fa	a2_fan_v11_longrun_5000	outputs/a2_fan_v11_longrun_5000/direct_full_validation/direct_update4200	/common/lidxxlab/chushu/RexGroundingCT/outputs/a2_fan_v11_longrun_5000/Direct/checkpoints/checkpoint_update_4200.pth	0.30817063314648774	285	0.7480314960629921	True	e5e015fa73b3d172d3379e4960bc917e142efa7ef13942f66bb7efa1203d0172	0.2872144343288538	0.3177315336061688	0.3643656237094125	0.3487553555253266
mome_residual_stage2__A1R__89c6481f	mome_residual_stage2	outputs/mome_residual_stage2/evaluations/full381/A1R	/common/lidxxlab/chushu/RexGroundingCT/outputs/mome_residual_stage2/evaluations/full381/A1R/model/fold_0/checkpoint_final.pth	0.3078844339014098	274	0.7191601049868767	True	89c6481fe0003ac8f4b35e74beb8332ffc6020b5b6d77c30d44acd765fe14fba	0.3152722414347554	0.3244133235142853	0.3628476668450616	0.3439495465531937
locate_daft_streamlined__L2__27ac7623	locate_daft_streamlined	outputs/locate_daft_streamlined/evaluations/full381/L2	/common/lidxxlab/chushu/RexGroundingCT_daft_worktree/outputs/locate_daft_streamlined/evaluations/full381/L2/model/fold_0/checkpoint_final.pth	0.30786354036317803	275	0.7217847769028871	True	27ac762371477d0282b1ea6015732798446b83fb657dfe5bad6e5c13d266cab6	0.3152126458379743	0.3250746308307397	0.3630186647115427	0.3435867168223407
lobe_roi_segmentation_loss_continue_5000_to10000__update_08000__dae46206	lobe_roi_segmentation_loss_continue_5000_to10000	outputs/lobe_roi_segmentation_loss_continue_5000_to10000/full200/update_08000	/common/lidxxlab/chushu/RexGroundingCT/outputs/lobe_roi_segmentation_loss_continue_5000_to10000/checkpoints/checkpoint_update_8000.pth	0.30780064519064687	279	0.7322834645669292	True	dae46206297e4fde00d81276bcf1dbf4b2e1a3eb3c443539952f967525825d91	0.32514362386223	0.3393665736508026	0.3552228203242066	0.3255845525959648
b3_plus_less_v11__b3_plus_less_update2000__43566ca1	b3_plus_less_v11	outputs/b3_plus_less_v11/full200/b3_plus_less_update2000	/common/lidxxlab/chushu/RexGroundingCT/outputs/b3_plus_less_v11/checkpoints/checkpoint_update_2000.pth	0.3077529555878153	287	0.7532808398950132	True	43566ca1452d1e0e0bdd8a09b0454fc3c328598d4950d2dd6c1786dc689e6034	0.2951361337669786	0.3403418804932248	0.3678977199316727	0.3369802572376506
locate_daft_streamlined__L1__cdfd95dd	locate_daft_streamlined	outputs/locate_daft_streamlined/evaluations/full381/L1	/common/lidxxlab/chushu/RexGroundingCT_daft_worktree/outputs/locate_daft_streamlined/evaluations/full381/L1/model/fold_0/checkpoint_final.pth	0.307589486179559	275	0.7217847769028871	True	cdfd95dd3d45710ebaf9f591fd6d3a84a7410cfbfc986563eba9cb7460a9f653	0.3151836079494101	0.324675596437865	0.3626123234927474	0.3431381824621557
mome_core_stage1__B0__c5057502	mome_core_stage1	outputs/mome_core_stage1/evaluations/full381/B0	/common/lidxxlab/chushu/RexGroundingCT/outputs/mome_core_stage1/evaluations/full381/B0/model/fold_0/checkpoint_final.pth	0.30756771503226876	275	0.7217847769028871	True	c505750207afa485077b36ce8a116739faf0a13e55f35006218b5e958081e465	0.3150205660658828	0.325021389294952	0.3631467927208422	0.3428726600339966
mome_residual_stage2__A1U__93512f52	mome_residual_stage2	outputs/mome_residual_stage2/evaluations/full381/A1U	/common/lidxxlab/chushu/RexGroundingCT/outputs/mome_residual_stage2/evaluations/full381/A1U/model/fold_0/checkpoint_final.pth	0.3074653357862447	275	0.7217847769028871	True	93512f52986fa87d06cfc1368f48764fa50e6a84d1f26b427dc0adcc8b9d89ef	0.3150961344528454	0.3246309874519247	0.362836446065056	0.3428135701210736
c_global_lambda01_v11__c_global_update3000__c2165444	c_global_lambda01_v11	outputs/c_global_lambda01_v11/full200/c_global_update3000	/common/lidxxlab/chushu/RexGroundingCT/outputs/c_global_lambda01_v11/checkpoints/inference_original_update_3000.pth	0.30731285086060733	278	0.7296587926509186	True	c2165444c6d1943aae5270b234fffade62b5dc2d0e48a8b938cdd69822b6134c	0.3119058878856016	0.3604526428669717	0.3685040425154966	0.3227077833729859
lobe_roi_segmentation_loss_continue_5000_to10000__update_09000__dce3e35a	lobe_roi_segmentation_loss_continue_5000_to10000	outputs/lobe_roi_segmentation_loss_continue_5000_to10000/full200/update_09000	/common/lidxxlab/chushu/RexGroundingCT/outputs/lobe_roi_segmentation_loss_continue_5000_to10000/checkpoints/checkpoint_update_9000.pth	0.30577331648553313	281	0.7375328083989501	True	dce3e35a041f4b74b474d4602b350f8385a53c51875099ee6291788bb31879cf	0.307418718112512	0.3359937037246701	0.3559484049669849	0.3256884055655002
a2_fan_preserve_semantic_grounding_e3b_v11_5000__update_04200__a48a087a	a2_fan_preserve_semantic_grounding_e3b_v11_5000	outputs/a2_fan_preserve_semantic_grounding_e3b_v11_5000/full_validation/update_04200	/common/lidxxlab/chushu/RexGroundingCT/outputs/a2_fan_preserve_semantic_grounding_e3b_v11_5000/checkpoints/checkpoint_update_4200.pth	0.30360889848647965	281	0.7375328083989501	True	a48a087abc4836be4cf6112cd19124d2b98bac135483b7420fab36777b0fad8a	0.2782481607400211	0.3235777075992243	0.3730433655111779	0.3363255602527392
zoom_out_256_matched__s3_allcategory_1over1_step6000__41ddedf7	zoom_out_256_matched	outputs/zoom_out_256_matched/fullvol_evaluation/s3_allcategory_1over1_step6000	/common/lidxxlab/chushu/RexGroundingCT/outputs/zoom_out_256_matched/s3_allcategory_1over1_from_update3250_10000microsteps_patchval500/checkpoints/checkpoint_best_val_dice_step_6000.pth	0.3031991049738247	274	0.7191601049868767	True	41ddedf7d2cef79ef0b072c6ef894cb8e239320351950993e8af0d60c4ab30f6	0.3034723264367521	0.3250115746400276	0.3743539012162082	0.3307674384107923
prompt_location_alignment_loss_v1_allcat1over1_step6000__full381_update250__9f26ba1d	prompt_location_alignment_loss_v1_allcat1over1_step6000	outputs/prompt_location_alignment_loss_v1_allcat1over1_step6000/full381_update250	/common/lidxxlab/chushu/RexGroundingCT/outputs/prompt_location_alignment_loss_v1_allcat1over1_step6000/checkpoints/checkpoint_update_250.pth	0.3026651293956853	274	0.7191601049868767	True	9f26ba1defe601babbc194bb411f9104da82c5e0d0925d925a59c5e99415fec6	0.2978250049902091	0.3287315254459285	0.3686423261383741	0.3339537374237883
zoom_out_256_matched__control_highlr_native192_update3750__b55adca2	zoom_out_256_matched	outputs/zoom_out_256_matched/fullvol_evaluation/control_highlr_native192_update3750	/common/lidxxlab/chushu/RexGroundingCT/outputs/zoom_out_256_matched/control_highlr_continue_10000microsteps_patchval500/from_update3250_add10000microsteps/checkpoints/checkpoint_update_3750.pth	0.30263829155602207	277	0.7270341207349081	True	b55adca2759f4c1118f27674a9ac130585be7c461b36157b647744a806c4fa08	0.2964062207797742	0.339109789075354	0.3676056480369788	0.3319099847160195
lobe_roi_segmentation_loss_continue_5000_to10000__update_10000__8866cbf6	lobe_roi_segmentation_loss_continue_5000_to10000	outputs/lobe_roi_segmentation_loss_continue_5000_to10000/full200/update_10000	/common/lidxxlab/chushu/RexGroundingCT/outputs/lobe_roi_segmentation_loss_continue_5000_to10000/checkpoints/checkpoint_update_10000.pth	0.3018194788245037	277	0.7270341207349081	True	8866cbf644a6b1524301ef60b5d470a69ab6a32779a5d13fe1401699394c45df	0.2992079592231703	0.3462339634674597	0.3503392141811465	0.3207392308030853
original_voxtell_semantic_screen_1k__full200_1000__9b94b235	original_voxtell_semantic_screen_1k	outputs/original_voxtell_semantic_screen_1k/b0_original/full200_1000	/common/lidxxlab/chushu/RexGroundingCT/outputs/original_voxtell_semantic_screen_1k/b0_original/full200_exports/checkpoint_update_1000_inference.pth	0.3016030709501826	282	0.7401574803149606	True	9b94b2354a65463b47db0cf6e0b8eaa628b4ac24274fce174d879b92a0f807c7	0.2836934021294839	0.3347234661913467	0.3716021218253231	0.3302600693080071
archived_experiment_records__update_50__d38b395b	archived_experiment_records	outputs/archived_experiment_records/20260728/result_folder_first_wave/closed_negative_experiments/prompt_residual_adapter_s3_early_checkpoint_diagnostic/full_eval/multiscale_2b2c/update_50	/common/lidxxlab/chushu/RexGroundingCT/outputs/prompt_residual_adapter_s3_early_checkpoint_diagnostic/full_eval/multiscale_2b2c/eval_base_model/fold_0/checkpoint_final.pth	0.30121814463251523	277	0.7270341207349081	True	d38b395b5cdb0d71cd3adc542de18ee8755f84c432fc5a3c99f10bfcd620879a	0.2929259512724722	0.3355604101259807	0.3628656854828671	0.332704821670048
s3_full200_every1000__update_04750__c25dfbbe	s3_full200_every1000	outputs/s3_full200_every1000/results/weakdiffuse_multiscale_cont/update_04750	/common/lidxxlab/chushu/RexGroundingCT/outputs/s3_multiscale_weakdiffuse_u3750_1gpu_acc4_lr10x_2kupd/voxtell_compatible_models/weakdiffuse_multiscale_cont_update4750/fold_0/checkpoint_final.pth	0.300981479135875	289	0.7585301837270341	True	c25dfbbe711aaab2c8d90939136f664266408db62fc0f3f71b2013d82242c475	0.2894351961855769	0.3353978469020177	0.3578367686635948	0.333682839819076
roi_aware_weighted_seg_v2strict_full381_update100_update250_eval__update250_control__1e60e06e	roi_aware_weighted_seg_v2strict_full381_update100_update250_eval	outputs/roi_aware_weighted_seg_v2strict_full381_update100_update250_eval/update250_control	/common/lidxxlab/chushu/RexGroundingCT/outputs/roi_aware_weighted_seg_v2strict_lowLR_alpha0_allcat1over1_step6000/checkpoints/checkpoint_update_250.pth	0.30043548980047197	277	0.7270341207349081	True	1e60e06e2e80c543da2f0b3c457724927997212f7fa6f522ed4f2cd4393b1184	0.3023461710851956	0.3315836075702653	0.3565128679047877	0.329365323644881
archived_experiment_records__update_25__4021792a	archived_experiment_records	outputs/archived_experiment_records/20260728/result_folder_first_wave/closed_negative_experiments/prompt_residual_adapter_s3_early_checkpoint_diagnostic/full_eval/multiscale_2b2c/update_25	/common/lidxxlab/chushu/RexGroundingCT/outputs/prompt_residual_adapter_s3_early_checkpoint_diagnostic/full_eval/multiscale_2b2c/eval_base_model/fold_0/checkpoint_final.pth	0.30042272333877296	277	0.7270341207349081	True	4021792a6b24a80ce4fffb440314a99ffe1c2b1a60b515dad45206186d721651	0.2922400776732378	0.3360744925028023	0.3622494758274103	0.3306302724298279
roi_aware_weighted_seg_v2strict_full381_update100_update250_eval__update250_treatment__45e544ca	roi_aware_weighted_seg_v2strict_full381_update100_update250_eval	outputs/roi_aware_weighted_seg_v2strict_full381_update100_update250_eval/update250_treatment	/common/lidxxlab/chushu/RexGroundingCT/outputs/roi_aware_weighted_seg_v2strict_lowLR_outmult2_allcat1over1_step6000/checkpoints/checkpoint_update_250.pth	0.3003895888113488	277	0.7270341207349081	True	45e544ca5a74beb6c2a178d09e417b509f29290fc0a1277c33e0f1577e9e922b	0.3022584899548913	0.3315473349962751	0.3564778818612891	0.3293209930212258
zoom_out_256_matched__control_highlr_native192_update4000__a2f17b56	zoom_out_256_matched	outputs/zoom_out_256_matched/fullvol_evaluation/control_highlr_native192_update4000	/common/lidxxlab/chushu/RexGroundingCT/outputs/zoom_out_256_matched/control_highlr_continue_10000microsteps_patchval500/from_update3250_add10000microsteps/checkpoints/checkpoint_update_4000.pth	0.3002742546171864	278	0.7296587926509186	True	a2f17b562f394d7ee6bcef5b8e85db9a2bc0160aadae9bcc6810d36df96a56a4	0.2979126072484582	0.3294756587957105	0.3670118710651083	0.3274303063630358
prompt_location_alignment_loss_v1_allcat1over1_step6000__full381_update500__e855ff11	prompt_location_alignment_loss_v1_allcat1over1_step6000	outputs/prompt_location_alignment_loss_v1_allcat1over1_step6000/full381_update500	/common/lidxxlab/chushu/RexGroundingCT/outputs/prompt_location_alignment_loss_v1_allcat1over1_step6000/checkpoints/checkpoint_update_500.pth	0.3001594781185426	273	0.7165354330708661	True	e855ff110027c205d47b0b75b52cd15dd7315977f900e1b29924cdce4f41b2ef	0.3044117396974605	0.3205420403674662	0.3510573495173851	0.3320096983621557
roi_aware_weighted_seg_v2strict_full381_update100_update250_eval__update100_control__38d0b404	roi_aware_weighted_seg_v2strict_full381_update100_update250_eval	outputs/roi_aware_weighted_seg_v2strict_full381_update100_update250_eval/update100_control	/common/lidxxlab/chushu/RexGroundingCT/outputs/roi_aware_weighted_seg_v2strict_lowLR_alpha0_allcat1over1_step6000/checkpoints/checkpoint_update_100.pth	0.2994972241200777	272	0.7139107611548556	True	38d0b404f4c0412a1e7bd458b504b8f44ff7274a6d72e239697866528e3287a7	0.3052402127763294	0.3150481072257495	0.3539547993646963	0.3323146536008781
roi_aware_weighted_seg_v2strict_full381_update100_update250_eval__update100_treatment__4f3550ee	roi_aware_weighted_seg_v2strict_full381_update100_update250_eval	outputs/roi_aware_weighted_seg_v2strict_full381_update100_update250_eval/update100_treatment	/common/lidxxlab/chushu/RexGroundingCT/outputs/roi_aware_weighted_seg_v2strict_lowLR_outmult2_allcat1over1_step6000/checkpoints/checkpoint_update_100.pth	0.2994356346707571	273	0.7165354330708661	True	4f3550eefc40eb3768e237052234e72928c88b9870739127872ad7f8b5934258	0.3052128869827031	0.314813348882674	0.3535740477800184	0.3324587190046258
archived_experiment_records__update_25__696488fd	archived_experiment_records	outputs/archived_experiment_records/20260728/result_folder_first_wave/closed_negative_experiments/prompt_residual_adapter_s3_early_checkpoint_diagnostic/full_eval/allcategory_1over1/update_25	/common/lidxxlab/chushu/RexGroundingCT/outputs/prompt_residual_adapter_s3_early_checkpoint_diagnostic/full_eval/allcategory_1over1/eval_base_model/fold_0/checkpoint_final.pth	0.299407189629457	272	0.7139107611548556	True	696488fdf31801c309c452755a023a9a68efe09866ef0f63266942a39edd6b32	0.3002004424073776	0.319625669360401	0.3584000763685545	0.3304653975428104
archived_experiment_records__update_50__2a67f141	archived_experiment_records	outputs/archived_experiment_records/20260728/result_folder_first_wave/closed_negative_experiments/prompt_residual_adapter_s3_early_checkpoint_diagnostic/full_eval/allcategory_1over1/update_50	/common/lidxxlab/chushu/RexGroundingCT/outputs/prompt_residual_adapter_s3_early_checkpoint_diagnostic/full_eval/allcategory_1over1/eval_base_model/fold_0/checkpoint_final.pth	0.29926828841396813	272	0.7139107611548556	True	2a67f141c3785c0a24d616082d0a2a9c5ea434392f2456d3f6e1beef1524be5d	0.3005114101963372	0.3202496594495457	0.3562056406606693	0.3308600707221518
c_global_lambda01_v11__c_global_update2000__326bd418	c_global_lambda01_v11	outputs/c_global_lambda01_v11/full200/c_global_update2000	/common/lidxxlab/chushu/RexGroundingCT/outputs/c_global_lambda01_v11/checkpoints/inference_original_update_2000.pth	0.29890572875675986	280	0.7349081364829396	True	326bd41849297dc7dcee656b61c0a1607b2329d6d8993d75fd2feca6e17536b6	0.2845306894151417	0.3050472727716153	0.3498823085280135	0.3376863191786631
archived_experiment_records__update_100__6720b002	archived_experiment_records	outputs/archived_experiment_records/20260728/result_folder_first_wave/closed_negative_experiments/prompt_residual_adapter_s3_early_checkpoint_diagnostic/full_eval/allcategory_1over1/update_100		0.2983825222028077	271	0.7112860892388452	True	6720b002d939916e05283a150d486a5d1e00b4e26ec2ff17a8e92a381c732dfb	0.2995788542911176	0.3217861845994255	0.3553837970103589	0.3275512069466557
original_voxtell_semantic_screen_1k__full200_1000__2aed6051	original_voxtell_semantic_screen_1k	outputs/original_voxtell_semantic_screen_1k/lobe_direct/full200_1000	/common/lidxxlab/chushu/RexGroundingCT/outputs/original_voxtell_semantic_screen_1k/lobe_direct/full200_exports/checkpoint_update_1000_inference.pth	0.29764735657610214	284	0.7454068241469817	True	2aed6051d642b6afaeb5426e69c79c655faaef360d39dac8456821821a462bb3	0.2814345142211231	0.3184596753175367	0.3739439210401893	0.3278627649353053
c2_less_semantic_coadapt_v11__anatomy_update_2000__5b64bf3b	c2_less_semantic_coadapt_v11	outputs/c2_less_semantic_coadapt_v11/full_validation_selected_checkpoints/full_validation/anatomy_update_2000	/common/lidxxlab/chushu/RexGroundingCT/outputs/c2_less_semantic_coadapt_v11/a_anatomy/checkpoints/checkpoint_update_2000.pth	0.29756762655608043	276	0.7244094488188977	True	5b64bf3b2e0f4e4997cf65d21dc44ca1dd350522bd8105d6d176aef2ab01f02f	0.2605633115204379	0.2879678466428589	0.356849824173315	0.3526853510381817
zoom_out_256_matched__control_highlr_native192_update4125__c82121fb	zoom_out_256_matched	outputs/zoom_out_256_matched/fullvol_evaluation/control_highlr_native192_update4125	/common/lidxxlab/chushu/RexGroundingCT/outputs/zoom_out_256_matched/control_highlr_continue_10000microsteps_patchval500/from_update3250_add10000microsteps/checkpoints/checkpoint_best_val_positive_dice_step_27000.pth	0.29709750845986677	282	0.7401574803149606	True	c82121fb4d068bf517f22f05533006f04bf3b5da6b97b2642b8025992a8c9b3a	0.3014414584662885	0.3305336522154505	0.3555420550894593	0.3215030620002891
zoom_out_256_matched__s3_allcategory_1over1_step7000__2fe42546	zoom_out_256_matched	outputs/zoom_out_256_matched/fullvol_evaluation/s3_allcategory_1over1_step7000	/common/lidxxlab/chushu/RexGroundingCT/outputs/zoom_out_256_matched/s3_allcategory_1over1_from_update3250_10000microsteps_patchval500/checkpoints/checkpoint_best_val_positive_dice_step_7000.pth	0.2969762687845065	276	0.7244094488188977	True	2fe42546de08e9cb454335a64578f173435060db63e4a8944b874f2a95fe9f00	0.3045298736727115	0.3302768121916702	0.3585482067601879	0.3176956132058993
archived_experiment_records__update_100__b095cba6	archived_experiment_records	outputs/archived_experiment_records/20260728/result_folder_first_wave/closed_negative_experiments/prompt_residual_adapter_s3_early_checkpoint_diagnostic/full_eval/multiscale_2b2c/update_100		0.29645950987576547	272	0.7139107611548556	True	b095cba6167bb16ffae100aa49f0718163998cdb23c462e0d866861b369924af	0.2906174778904091	0.3293334713904343	0.3428389114228293	0.3316382085057695
original_voxtell_semantic_screen_1k__full200_500__aa03c2d6	original_voxtell_semantic_screen_1k	outputs/original_voxtell_semantic_screen_1k/b0_original/full200_500	/common/lidxxlab/chushu/RexGroundingCT/outputs/original_voxtell_semantic_screen_1k/b0_original/full200_exports/checkpoint_update_500_inference.pth	0.2949849215315338	273	0.7165354330708661	True	aa03c2d6c8c6b6697c07f41c1e2db13035e4c4dc18ed6f99de6cf6e108e3bdf2	0.2695413926614231	0.2993719792427519	0.3799547345867308	0.3329103741596473
global_image_to_text_v11_5000__global_i2t_update2800__9f6e083a	global_image_to_text_v11_5000	outputs/global_image_to_text_v11_5000/full200_selected/global_i2t_update2800	/common/lidxxlab/chushu/RexGroundingCT/outputs/global_image_to_text_v11_5000/checkpoints/checkpoint_update_2800.pth	0.2947286807968824	277	0.7270341207349081	True	9f6e083aa8dc029f256f9cbe46b4b0a5b78346607021f0bd03e3682e01d3c3b7	0.2887234599515823	0.2720486220032023	0.367774270586702	0.3299105120653434
c_global_lambda01_v11__c_global_update1000__b3c0f34e	c_global_lambda01_v11	outputs/c_global_lambda01_v11/full200/c_global_update1000	/common/lidxxlab/chushu/RexGroundingCT/outputs/c_global_lambda01_v11/checkpoints/inference_original_update_1000.pth	0.2931191328468423	281	0.7375328083989501	True	b3c0f34efe42bb2a4bf0a796677ca86a90994c9e2b91008c337e66baedc58e2a	0.252743606531196	0.3402471493667602	0.3658957523378363	0.328099502090542
zoom_out_256_matched__control_highlr_native192_update3250__4142b126	zoom_out_256_matched	outputs/zoom_out_256_matched/fullvol_evaluation/control_highlr_native192_update3250	/common/lidxxlab/chushu/RexGroundingCT/outputs/zoom_out_256_matched/control_highlr_continue_5000microsteps/control_from_step15000_e1e-6_d1e-5_s3e1e-5_add5000microsteps/checkpoints/checkpoint_update_3250.pth	0.29283614930744084	270	0.7086614173228346	True	4142b126fc0368f496feacb1dbdf42e1dddb2e27105b950007fd14ea1d532a1b	0.2805576674480134	0.3309648905120487	0.3695180726216677	0.31326946602975
c_global_lambda01_v11__b0_update2000__afe760f7	c_global_lambda01_v11	outputs/c_global_lambda01_v11/full200/b0_update2000	/common/lidxxlab/chushu/RexGroundingCT/outputs/a2_fan_v11_longrun_5000/B0/checkpoints/checkpoint_update_2000.pth	0.29255150155017173	275	0.7217847769028871	True	afe760f70316089cd7d83f99262f22d52a83d2c9310dcd4db372853fbcf20dbd	0.2739404074426967	0.3117481279611975	0.3521929752983563	0.3233983277187449
lobe_roi_segmentation_loss_continue_5000_to10000__update_07000__c63dafe8	lobe_roi_segmentation_loss_continue_5000_to10000	outputs/lobe_roi_segmentation_loss_continue_5000_to10000/full200/update_07000	/common/lidxxlab/chushu/RexGroundingCT/outputs/lobe_roi_segmentation_loss_continue_5000_to10000/checkpoints/checkpoint_update_7000.pth	0.28759197603302367	270	0.7086614173228346	True	c63dafe83c13d71e52b0ef7253b4f8458205507b15775399b0f76999ef86ffad	0.2939453093037473	0.3396907789508021	0.3399705859649373	0.2945377021012119
original_voxtell_semantic_screen_1k__full200_500__e17f466a	original_voxtell_semantic_screen_1k	outputs/original_voxtell_semantic_screen_1k/lobe_direct/full200_500	/common/lidxxlab/chushu/RexGroundingCT/outputs/original_voxtell_semantic_screen_1k/lobe_direct/full200_exports/checkpoint_update_500_inference.pth	0.2867470548906822	264	0.6929133858267716	True	e17f466a65c3384543f2cfafda15c89958e58637f1b1424ec5b7b8f07dbe5d48	0.3011706505395946	0.2574326877270097	0.3650120201380001	0.3195343663602782
original_voxtell_semantic_screen_1k__full200_1000__03584dbf	original_voxtell_semantic_screen_1k	outputs/original_voxtell_semantic_screen_1k/a5_contrast_e4/full200_1000	/common/lidxxlab/chushu/RexGroundingCT/outputs/original_voxtell_semantic_screen_1k/a5_contrast_e4/full200_exports/checkpoint_update_1000_inference.pth	0.28535922133268327	278	0.7296587926509186	True	03584dbf25b25c7943b433e5ca9534239fa95350484f1e2a53b906e485c41474	0.2490479912564822	0.3274492238890881	0.3641439643536703	0.3070950116389332
lobe_roi_segmentation_loss_5k_cached__update_04000__3ce6073d	lobe_roi_segmentation_loss_5k_cached	outputs/lobe_roi_segmentation_loss_5k_cached/full200/update_04000	/common/lidxxlab/chushu/RexGroundingCT/outputs/lobe_roi_segmentation_loss_5k_cached/checkpoints/checkpoint_update_4000.pth	0.28456596712116156	269	0.7060367454068242	True	3ce6073d6ff8429f6895c61ccb3164289f01baaef5f094d244579bfccd90cd1f	0.2840005961866864	0.3181557415802233	0.3670378998122117	0.2859960442521529
b3_s1_lobe_roi_resampling_8k__update_02000__e0dace3e	b3_s1_lobe_roi_resampling_8k	outputs/b3_s1_lobe_roi_resampling_8k/native_no_resampling/full200/update_02000	/common/lidxxlab/chushu/RexGroundingCT/outputs/b3_s1_lobe_roi_resampling_8k/native_no_resampling/full200/models/update_02000/fold_0/checkpoint_final.pth	0.28449050165551387	273	0.7165354330708661	True	e0dace3e51ed25f980989c96aa4d51e451511aae173ec26d5a3c960bc485378d	0.2776738591395961	0.2887312865609159	0.3624483854145564	0.3055909963888539
c_global_lambda01_v11__b0_update1000__0e9a4d42	c_global_lambda01_v11	outputs/c_global_lambda01_v11/full200/b0_update1000	/common/lidxxlab/chushu/RexGroundingCT/outputs/a2_fan_v11_longrun_5000/B0/checkpoints/checkpoint_update_1000.pth	0.28310561605648404	278	0.7296587926509186	True	0e9a4d42815dc9da98361499ad140f5d35acaf5ae5b20afc98f9a90458784ed7	0.2407842663646086	0.333950247535585	0.364553991900216	0.3125580969167317
lobe_roi_segmentation_loss_5k_cached__update_05000__65895b67	lobe_roi_segmentation_loss_5k_cached	outputs/lobe_roi_segmentation_loss_5k_cached/full200/update_05000	/common/lidxxlab/chushu/RexGroundingCT/outputs/lobe_roi_segmentation_loss_5k_cached/checkpoints/checkpoint_update_5000.pth	0.2819664698188762	274	0.7191601049868767	True	65895b67e05fffcae531d32591799b2d82b1f04193392d37b1b514946977a6fd	0.2697383401789388	0.3463190415845434	0.3335840988966949	0.2900315399829078
lobe_roi_segmentation_loss_continue_5000_to10000__update_06000__a863699d	lobe_roi_segmentation_loss_continue_5000_to10000	outputs/lobe_roi_segmentation_loss_continue_5000_to10000/full200/update_06000	/common/lidxxlab/chushu/RexGroundingCT/outputs/lobe_roi_segmentation_loss_continue_5000_to10000/checkpoints/checkpoint_update_6000.pth	0.2818660147942527	270	0.7086614173228346	True	a863699d88c493cf1a389ee9ee362093a204795dee0a3ca789e86d24706eba59	0.2525324539430261	0.3416261624901258	0.3671421034382203	0.2832168079038846
prompt_residual_adapter_best_s3_frozen__update_100__98caef32	prompt_residual_adapter_best_s3_frozen	outputs/prompt_residual_adapter_best_s3_frozen/full_eval/update_100	/common/lidxxlab/chushu/RexGroundingCT/outputs/prompt_residual_adapter_best_s3_frozen/full_eval/eval_base_model/fold_0/checkpoint_final.pth	0.28137608559042876	266	0.6981627296587927	True	98caef3298442ec5bd576a0ccb262fa1ef9b8b051ba182e476e6654acbcc58c6	0.2542366735512288	0.3262543409696287	0.3730383922888824	0.2947307629256657
original_voxtell_semantic_screen_1k__full200_1000__36771800	original_voxtell_semantic_screen_1k	outputs/original_voxtell_semantic_screen_1k/a5_dense_e4/full200_1000	/common/lidxxlab/chushu/RexGroundingCT/outputs/original_voxtell_semantic_screen_1k/a5_dense_e4/full200_exports/checkpoint_update_1000_inference.pth	0.27988527605798186	271	0.7112860892388452	True	36771800cdbe1c63c6307109ba147bc679258999ee86770e533c43a9c836de2d	0.2377731535056936	0.3271259112915812	0.3607561280037957	0.30288062848722
original_voxtell_semantic_screen_1k__full200_500__afe95819	original_voxtell_semantic_screen_1k	outputs/original_voxtell_semantic_screen_1k/a5_contrast_e4/full200_500	/common/lidxxlab/chushu/RexGroundingCT/outputs/original_voxtell_semantic_screen_1k/a5_contrast_e4/full200_exports/checkpoint_update_500_inference.pth	0.27981496235653314	273	0.7165354330708661	True	afe958194f37e8992858504adcb0346d25cd292a23024455540cf759c932b81a	0.2566246207309674	0.2996539195096218	0.375236720039749	0.2987570949299148
s3_full200_every1000__update_01000__67a55085	s3_full200_every1000	outputs/s3_full200_every1000/results/clean_multiscale_strict2b2c/update_01000	/common/lidxxlab/chushu/RexGroundingCT/outputs/s3_multiscale_2b2c_v11_e1e-5_d1e-4_s3e1e-4_1gpu_bs1_acc4_10kupd/voxtell_compatible_models/clean_multiscale_strict2b2c_update1000/fold_0/checkpoint_final.pth	0.2792935178850708	281	0.7375328083989501	True	67a55085739e78869fd269ef6732bd0891655243ada17eb683d37b7683618f50	0.2663970095910052	0.3227080746848643	0.3580419548631905	0.2864447848176905
c_global_lambda01_v11__c_global_update500__6dde6b1d	c_global_lambda01_v11	outputs/c_global_lambda01_v11/full200/c_global_update500	/common/lidxxlab/chushu/RexGroundingCT/outputs/c_global_lambda01_v11/checkpoints/inference_original_update_500.pth	0.2785404226972036	257	0.6745406824146981	True	6dde6b1dd92693c98e6ab6c1fc4a527df11f4a04ea01acc76fa10aafd8cd591f	0.2763939203967724	0.2810564578845604	0.3690510718467166	0.2904042662545438
original_voxtell_semantic_screen_1k__full200_1000__d1f91033	original_voxtell_semantic_screen_1k	outputs/original_voxtell_semantic_screen_1k/p_d3/full200_1000	/common/lidxxlab/chushu/RexGroundingCT/outputs/original_voxtell_semantic_screen_1k/p_d3/full200_exports/checkpoint_update_1000_inference.pth	0.2783146653188323	272	0.7139107611548556	True	d1f9103386d557a7afef0d02d7cd4283476cc5eeea6ef6b599758a8a9455389a	0.2431507998284011	0.3214185465513824	0.368634942111172	0.2922692428441658
prompt_standardization_rule_only_v1__hybrid_combined_1c1d_2a2e_canonical_visual__c6fc6277	prompt_standardization_rule_only_v1	outputs/prompt_standardization_rule_only_v1/s3_step6000_hybrid_canonical_visual/hybrid_combined_1c1d_2a2e_canonical_visual		0.27651166390257886	257	0.6745406824146981	False	c6fc6277745b0f5ccfd8aa41aa29ac2f098592edd11e877336f454d93845fd25	0.2382599771555864	0.3291623578045182	0.3652162489570806	0.2948529831701303
prompt_standardization_rule_only_v1__hybrid_fullon_2a2e_canonical_visual__2f7b7636	prompt_standardization_rule_only_v1	outputs/prompt_standardization_rule_only_v1/s3_step6000_hybrid_canonical_visual/hybrid_fullon_2a2e_canonical_visual		0.2764940415411608	257	0.6745406824146981	False	2f7b7636765167ff72fb36c9010a0f5619df79abdd5bbf09ad1bb3eb961283ec	0.2382599771555864	0.3291623578045182	0.3652162489570806	0.2948529831701303
prompt_standardization_rule_only_v1__hybrid_fullstrong_1c1d_canonical_visual__a493bbf8	prompt_standardization_rule_only_v1	outputs/prompt_standardization_rule_only_v1/s3_step6000_hybrid_canonical_visual/hybrid_fullstrong_1c1d_canonical_visual		0.27638401992435047	257	0.6745406824146981	False	a493bbf8470692bf62bab2321a90fc73319774b5ce9941223e5d7556c1956082	0.2375086156866519	0.3291623578045182	0.3652162489570806	0.2948529831701303
original_voxtell_semantic_screen_1k__full200_1000__c1b55335	original_voxtell_semantic_screen_1k	outputs/original_voxtell_semantic_screen_1k/p_d4/full200_1000	/common/lidxxlab/chushu/RexGroundingCT/outputs/original_voxtell_semantic_screen_1k/p_d4/full200_exports/checkpoint_update_1000_inference.pth	0.27576228482533854	277	0.7270341207349081	True	c1b553355b431cab51d0b9c638000ab78d4da7e90faa755dcacc01ac6364539c	0.2456904331095399	0.3110981685230549	0.3486843656996235	0.2968688748911631
original_voxtell_semantic_screen_1k__full200_500__0fd4ce9c	original_voxtell_semantic_screen_1k	outputs/original_voxtell_semantic_screen_1k/p_d3/full200_500	/common/lidxxlab/chushu/RexGroundingCT/outputs/original_voxtell_semantic_screen_1k/p_d3/full200_exports/checkpoint_update_500_inference.pth	0.2753784401068106	269	0.7060367454068242	True	0fd4ce9cba56392099d17112b9606a076c440d3c743ccb8f45c98a45e7be99d8	0.2533328110234983	0.281551436000829	0.3609335980514674	0.3012264901805433
zoom_out_256_matched__zoomout_mix_update2625__1e9ad3a1	zoom_out_256_matched	outputs/zoom_out_256_matched/fullvol_evaluation/zoomout_mix_update2625	/common/lidxxlab/chushu/RexGroundingCT/outputs/zoom_out_256_matched/zoomout_256mix_5000microsteps/zoomout_from_duals3_step10000_native256_to192_p0.5_add5000microsteps/checkpoints/checkpoint_update_2625.pth	0.2745761506740783	261	0.6850393700787402	True	1e9ad3a11c4056c23d26e094a55328d2e4ce59f1f1dd7fb221727e075ce24b2f	0.2413304739737181	0.3273298571231227	0.3671713378294468	0.28717240472553
archived_experiment_records__B_current__2b944a33	archived_experiment_records	outputs/archived_experiment_records/20260728/result_folder_first_wave/closed_negative_experiments/single_s3_adaptive_rho_policy_audit/full_eval/B_current	/common/lidxxlab/chushu/RexGroundingCT/outputs/single_s3_adaptive_rho_BCD/eval_base_model/fold_0/checkpoint_final.pth	0.27454697064059846	260	0.6824146981627297	True	2b944a338a35d04a8cef2649658b7e1be8e6b2a795e04fde0ac9e29dd4ebb662	0.2417496300427808	0.3238786060256122	0.3642361518842585	0.2912644301224534
zoom_out_256_matched__control_native192_update2625__a1518b4a	zoom_out_256_matched	outputs/zoom_out_256_matched/fullvol_evaluation/control_native192_update2625	/common/lidxxlab/chushu/RexGroundingCT/outputs/zoom_out_256_matched/control_192_only_5000microsteps/control_from_duals3_step10000_native192_zoomoutp0_add5000microsteps/checkpoints/checkpoint_update_2625.pth	0.27452842614027273	261	0.6850393700787402	True	a1518b4a55132e3824f054654279e03fc62e11acc75befa419fad571873d4231	0.2408236626746675	0.3271453901194329	0.367969123998312	0.2869861855168224
archived_experiment_records__baseline__4a3721c5	archived_experiment_records	outputs/archived_experiment_records/20260728/result_folder_first_wave/closed_negative_experiments/single_s3_adaptive_rho_BCD/full_eval/baseline	/common/lidxxlab/chushu/RexGroundingCT/outputs/single_s3_adaptive_rho_BCD/eval_base_model/fold_0/checkpoint_final.pth	0.2744221931076731	261	0.6850393700787402	True	4a3721c58d1427327107761f80c209f4cd27a34e8e8c7da3b94413a34a3ec875	0.2390455286536292	0.3257469548776864	0.3632590273240078	0.2913681775049242
prompt_residual_adapter_best_s3_frozen__baseline__4e9157a1	prompt_residual_adapter_best_s3_frozen	outputs/prompt_residual_adapter_best_s3_frozen/full_eval/baseline	/common/lidxxlab/chushu/RexGroundingCT/outputs/prompt_residual_adapter_best_s3_frozen/full_eval/eval_base_model/fold_0/checkpoint_final.pth	0.27440555489401486	261	0.6850393700787402	True	4e9157a13af0c1ad5ece6e73a5621252baf66dbc7bf99e4f6408b30a02639f64	0.2390887058852707	0.3257333418590055	0.3632675920725101	0.2912902412186562
archived_experiment_records__B_strict__1fe0dfdc	archived_experiment_records	outputs/archived_experiment_records/20260728/result_folder_first_wave/closed_negative_experiments/single_s3_adaptive_rho_policy_audit/full_eval/B_strict		0.27433203163612374	261	0.6850393700787402	True	1fe0dfdc087ecd153f62a06bee105da6004f1e551ab7fb34a2d4a8255b54e2c3	0.2390455286536292	0.3238738825695001	0.3642161776980218	0.2913681775049242
dual_s3_multifov__full_volume_update2000_globalonly_dual_s3_context_only_update2000__ccd78262	dual_s3_multifov	outputs/dual_s3_multifov/from_s3_step6000_update1500_focal96_bf16_2h100_to_update6500/full_volume_update2000_globalonly_dual_s3_context_only_update2000	/common/lidxxlab/chushu/RexGroundingCT/outputs/dual_s3_multifov/from_s3_step6000_update1500_focal96_bf16_2h100_to_update6500/voxtell_compatible_models/update2000_dual_s3_context_only_update2000/fold_0/checkpoint_final.pth	0.27423774459920863	261	0.6850393700787402	True	ccd78262febbcaa4f15e123d618a9c727770b86804c130d6b3583a97753945d1	0.2417243360862455	0.3265466263768135	0.3674359019060161	0.2869564604624277
archived_experiment_records__hybrid_combined_1c1d_2a2e__cb7fabe7	archived_experiment_records	outputs/archived_experiment_records/20260728/result_folder_first_wave/closed_negative_experiments/s3_per_scale_control_step6000/hybrid_combined_1c1d_2a2e		0.2741089876471169	259	0.6797900262467191	False	cb7fabe7e8c765e20598b80f2065f3994ec99d40e2997d0aeaac19f6f8bf1f6b	0.2400630661501157	0.3253989350602588	0.3651480511293266	0.2898668733158335
archived_experiment_records__hybrid_fullon_2a2e__97f42f73	archived_experiment_records	outputs/archived_experiment_records/20260728/result_folder_first_wave/closed_negative_experiments/s3_per_scale_control_step6000/hybrid_fullon_2a2e		0.2741043234638819	259	0.6797900262467191	False	97f42f73aa7b22a052c52322200c645764eabecb0da3e0b77d893c1b97614b52	0.2400630661501157	0.3253989350602588	0.3651480511293266	0.2898668733158335
archived_experiment_records__hybrid_fullstrong_1c1d__5f82da1e	archived_experiment_records	outputs/archived_experiment_records/20260728/result_folder_first_wave/closed_negative_experiments/s3_per_scale_control_step6000/hybrid_fullstrong_1c1d		0.2740299830734681	259	0.6797900262467191	False	5f82da1e1bd25e488e9b683a499aa654dca987510df2876d607e803516318c17	0.23959589990794	0.3253989350602588	0.3651480511293266	0.2898668733158335
dual_s3_smoke__baseline_step6000_summary_check__098b2aa2	dual_s3_smoke	outputs/dual_s3_smoke/baseline_step6000_summary_check		0.2740197185538815	259	0.6797900262467191	True	098b2aa2c935289c028e3da0f3a9715a4920066bde114368f4c3f9ae0e2556a5	0.23959589990794	0.3253989350602588	0.3651480511293266	0.2898668733158335
archived_experiment_records__full_volume_final_globalonly_joint_fusion_2b2c__b4a742ba	archived_experiment_records	outputs/archived_experiment_records/20260728/result_folder_first_wave/historical_predictions/s3_joint_residual_fusion_from_control_step6000/fusion_2b2c_1000/full_volume_final_globalonly_joint_fusion_2b2c	/common/lidxxlab/chushu/RexGroundingCT/outputs/s3_joint_residual_fusion_from_control_step6000/fusion_2b2c_1000/voxtell_compatible_models/final/fold_0/checkpoint_final.pth	0.27397913365723736	259	0.6797900262467191	True	b4a742ba7c6539635ca92afd1b46457eac510fa6ccdc118cf94a68b1d5840f27	0.239602235064357	0.3253965466487586	0.365060937711671	0.2897876360283453
archived_experiment_records__full_volume_step1000_globalonly_negative_softplus__e516e56b	archived_experiment_records	outputs/archived_experiment_records/20260728/result_folder_first_wave/historical_predictions/s3_anchor_to_negative_softplus_from_control_step6000_2h100/control_2b2c_anchorC_3000/full_volume_step1000_globalonly_negative_softplus	/common/lidxxlab/chushu/RexGroundingCT/outputs/s3_anchor_to_negative_softplus_from_control_step6000_2h100/control_2b2c_anchorC_3000/checkpoints/checkpoint_step_1000.pth	0.27370769758380753	260	0.6824146981627297	True	e516e56b6fb703484058d04d05c8f6c010a3ed34cd884ebdba19d748d18c23b7	0.2400035138585976	0.3261778539373999	0.3639921984466708	0.2887651034115127
s3d_matched_continue_from_weakdiffuse_control_step1000__category_analysis__440e1ba2	s3d_matched_continue_from_weakdiffuse_control_step1000	outputs/s3d_matched_continue_from_weakdiffuse_control_step1000/allcat_1over1_only_to_step6000/full_volume_step6000_globalonly_allcat_1over1_step6000/category_analysis	/common/lidxxlab/chushu/RexGroundingCT/outputs/s3d_matched_continue_from_weakdiffuse_control_step1000/allcat_1over1_only_to_step6000/voxtell_compatible_models/step6000_allcat_1over1_step6000/fold_0/checkpoint_final.pth	0.27360043496553166	261	0.6850393700787402	True	440e1ba2e9917e722977fbc2980695cafd083fba182372519600b9a233dc951d	0.2479657009581175	0.3213101706654609	0.3664973722717493	0.284729223653378
archived_experiment_records__D_update_0__7f13d6b4	archived_experiment_records	outputs/archived_experiment_records/20260728/result_folder_first_wave/closed_negative_experiments/single_s3_adaptive_rho_BCD/full_eval/D_update_0	/common/lidxxlab/chushu/RexGroundingCT/outputs/single_s3_adaptive_rho_BCD/eval_base_model/fold_0/checkpoint_final.pth	0.27341237740594815	261	0.6850393700787402	True	7f13d6b44999baa24188fdb267b2e12a2672d3be2408ba6e6d683813ad70dd40	0.2494231296974734	0.3090406274099843	0.3621504446044313	0.2908282519985423
original_voxtell_semantic_screen_1k__full200_500__2bc30a87	original_voxtell_semantic_screen_1k	outputs/original_voxtell_semantic_screen_1k/p_d4/full200_500	/common/lidxxlab/chushu/RexGroundingCT/outputs/original_voxtell_semantic_screen_1k/p_d4/full200_exports/checkpoint_update_500_inference.pth	0.27337192414081235	263	0.6902887139107612	True	2bc30a87c8476900edd62dd6818f42d74367b8b70bc3eeca6c3c68b46fd322d5	0.2624563787697843	0.2942657665825998	0.3680165417168154	0.2818203808243767
s3d_matched_continue_from_weakdiffuse_control_step1000__category_analysis__c4f2523c	s3d_matched_continue_from_weakdiffuse_control_step1000	outputs/s3d_matched_continue_from_weakdiffuse_control_step1000/control_2b2c_multiscale_to_step6000/full_volume_step3000_globalonly_control_2b2c_step3000/category_analysis	/common/lidxxlab/chushu/RexGroundingCT/outputs/s3d_matched_continue_from_weakdiffuse_control_step1000/control_2b2c_multiscale_to_step6000/voxtell_compatible_models/step3000_control_2b2c_step3000/fold_0/checkpoint_final.pth	0.27317100242738007	255	0.6692913385826772	True	c4f2523ce9b047f4f707c67880fd5c10e1a4a1493406ed04e28404ed5d19d5d0	0.2342975960493279	0.3248915716041393	0.3645253132603845	0.2899982474387583
s3d_matched_continue_from_weakdiffuse_control_step1000__category_analysis__2454db85	s3d_matched_continue_from_weakdiffuse_control_step1000	outputs/s3d_matched_continue_from_weakdiffuse_control_step1000/allcat_1over1_only_to_step6000/full_volume_step3000_globalonly_allcat_1over1_step3000/category_analysis	/common/lidxxlab/chushu/RexGroundingCT/outputs/s3d_matched_continue_from_weakdiffuse_control_step1000/allcat_1over1_only_to_step6000/voxtell_compatible_models/step3000_allcat_1over1_step3000/fold_0/checkpoint_final.pth	0.2723673455912138	260	0.6824146981627297	True	2454db85329b45e98b730bcd65c9fe8793d77c152020a623e9d78c5589437a58	0.2431033380894546	0.3228326986297183	0.3682037186769479	0.2823840153909696
archived_experiment_records__C_strict__f15f8f45	archived_experiment_records	outputs/archived_experiment_records/20260728/result_folder_first_wave/closed_negative_experiments/single_s3_adaptive_rho_policy_audit/full_eval/C_strict		0.27209903035415073	260	0.6824146981627297	True	f15f8f4526f08088a226dd93c1fb2bbd9d24421d1b377ee8aa1af75880e980eb	0.2390455286536292	0.3090406274099843	0.3621504446044313	0.2913681775049242
s3_diffuse_coverage_tv_matched_from_s3d_step400__category_analysis__a5c43bec	s3_diffuse_coverage_tv_matched_from_s3d_step400	outputs/s3_diffuse_coverage_tv_matched_from_s3d_step400/weakdiffuse_gate_control/full_volume_step1000_globalonly_weakdiffuse_gate_control/category_analysis	/common/lidxxlab/chushu/RexGroundingCT/outputs/s3_diffuse_coverage_tv_matched_from_s3d_step400/weakdiffuse_gate_control/voxtell_compatible_models/step1000_weakdiffuse_gate_control/fold_0/checkpoint_final.pth	0.271812342823036	254	0.6666666666666666	True	a5c43bec095409214e2161769b0e5de5b7cbd4cf3a560847d1fbbbe29a8dc43f	0.2260355426910966	0.3266523656009253	0.3633156719419529	0.2907333856759142
s3d_multiscale_2b2c_train_nowrong_from_adaptive_step600__full_volume_step400_globalonly_2b2c__a412c184	s3d_multiscale_2b2c_train_nowrong_from_adaptive_step600	outputs/s3d_multiscale_2b2c_train_nowrong_from_adaptive_step600/full_volume_step400_globalonly_2b2c	/common/lidxxlab/chushu/RexGroundingCT/outputs/s3d_multiscale_2b2c_train_nowrong_from_adaptive_step600/voxtell_compatible_models/step400_2b2c/fold_0/checkpoint_final.pth	0.2710225483145534	253	0.6640419947506562	True	a412c1843f3884b2e40d917a714e89dd5defe88cb1b366dace10f2a4ca106e0a	0.2273227333203439	0.3208466029635128	0.3687967634475626	0.2892853662534403
archived_experiment_records__s3_v2_pooled_align_2b2c_step800_fullvol_val_predictions__43b76185	archived_experiment_records	outputs/archived_experiment_records/20260728/result_folder_first_wave/historical_predictions/s3_v2_pooled_align_2b2c_step800_fullvol_val_predictions	/common/lidxxlab/chushu/RexGroundingCT/outputs/s3_v2_pooled_align_2b2c_from_adaptive_step600/voxtell_compatible_models/step800_2b2c_only/fold_0/checkpoint_final.pth	0.26978855038786104	252	0.6614173228346457	True	43b76185e5f265d31f9da2ac35f14bad6aae0ad67f10683b58eaab2661aa7f13	0.2283005418973082	0.3183263353338633	0.3648322548055238	0.2877369515983523
archived_experiment_records__s3_v2_pooled_align_2c_only_step800_fullvol_val_predictions__5091f6b5	archived_experiment_records	outputs/archived_experiment_records/20260728/result_folder_first_wave/historical_predictions/s3_v2_pooled_align_2c_only_step800_fullvol_val_predictions	/common/lidxxlab/chushu/RexGroundingCT/outputs/s3_v2_pooled_align_2c_only_from_adaptive_step600/voxtell_compatible_models/step800_2c_only/fold_0/checkpoint_final.pth	0.2697809398971677	252	0.6614173228346457	True	5091f6b5a26d8f2cb8d69ed61c74c9554d49f513785330fe114b756eec0d623e	0.2283122948604982	0.3185186133352459	0.3651790621178606	0.287514773471506
archived_experiment_records__s3_v2_pooled_align_fullres_sampled_2c_only_step800_fullvol_val_predictions__93361841	archived_experiment_records	outputs/archived_experiment_records/20260728/result_folder_first_wave/historical_predictions/s3_v2_pooled_align_fullres_sampled_2c_only_step800_fullvol_val_predictions	/common/lidxxlab/chushu/RexGroundingCT/outputs/s3_v2_pooled_align_fullres_sampled_2c_only_from_adaptive_step600/voxtell_compatible_models/step800_2c_only/fold_0/checkpoint_final.pth	0.26977231457242246	252	0.6614173228346457	True	93361841cdcecd932e40ffc0bf8a4c60303708501f2111f8128e24df2ad7dabb	0.2282956108730989	0.3185115860013677	0.3651656698255727	0.2875220495192996
archived_experiment_records__full_volume_step400_globalonly_2cgate__b76ed60f	archived_experiment_records	outputs/archived_experiment_records/20260728/result_folder_first_wave/historical_predictions/native_response_attention_minipilot_v1/s3v2_fullres_allpositive_800/full_volume_step400_globalonly_2cgate	/common/lidxxlab/chushu/RexGroundingCT/outputs/native_response_attention_minipilot_v1/s3v2_fullres_allpositive_800/voxtell_compatible_models/step400_2c_only/fold_0/checkpoint_final.pth	0.2696785152474041	252	0.6614173228346457	True	b76ed60fe3cf2a1fa8667854b10c6c4c6b4a3eac737e2f91e231da848fe69f1c	0.2281549541122977	0.3179272081308937	0.3652542503728485	0.2876273012050039
archived_experiment_records__full_volume_step800_globalonly_2cgate__5437ce50	archived_experiment_records	outputs/archived_experiment_records/20260728/result_folder_first_wave/historical_predictions/native_response_attention_minipilot_v1/s3v2_fullres_allpositive_800/full_volume_step800_globalonly_2cgate	/common/lidxxlab/chushu/RexGroundingCT/outputs/native_response_attention_minipilot_v1/s3v2_fullres_allpositive_800/voxtell_compatible_models/step800_2c_only/fold_0/checkpoint_final.pth	0.2694419334276164	252	0.6614173228346457	True	5437ce50e2c5685266d08a88a061771349d56aee07db31e129b3dabfedc33cf6	0.2282751340296704	0.3185907373540826	0.3648568299026534	0.2865400664673916
b3_s1_lobe_roi_resampling_8k__update_03000__6c6785d1	b3_s1_lobe_roi_resampling_8k	outputs/b3_s1_lobe_roi_resampling_8k/native_no_resampling/full200/update_03000	/common/lidxxlab/chushu/RexGroundingCT/outputs/b3_s1_lobe_roi_resampling_8k/native_no_resampling/full200/models/update_03000/fold_0/checkpoint_final.pth	0.26939256348891055	266	0.6981627296587927	True	6c6785d101178b3828c00e2ec215cd8b760e24055afb4aaf6f1c3a9ef1c00fc5	0.2373434550615716	0.2849437637680202	0.3693679424942394	0.2862030358476013
s3d_multiscale_2b2c_train_nowrong_from_adaptive_step600__full_volume_step400_globalonly_gamma0_alloff__b53750de	s3d_multiscale_2b2c_train_nowrong_from_adaptive_step600	outputs/s3d_multiscale_2b2c_train_nowrong_from_adaptive_step600/full_volume_step400_globalonly_gamma0_alloff	/common/lidxxlab/chushu/RexGroundingCT/outputs/s3d_multiscale_2b2c_train_nowrong_from_adaptive_step600/voxtell_compatible_models/step400_gamma0_alloff/fold_0/checkpoint_final.pth	0.2692616640564858	252	0.6614173228346457	True	b53750de5d43ee3f2723b5626d29769016b07fc4b989ba68510675792aaaad37	0.2273227333203439	0.3172554145967325	0.360547952241704	0.2892853662534403
archived_experiment_records__step600__3f3dc727	archived_experiment_records	outputs/archived_experiment_records/20260728/result_folder_first_wave/historical_predictions/category_adaptive_tversky_full200/adaptive/step600	/common/lidxxlab/chushu/RexGroundingCT/outputs/loss_adaptive_cat_tversky_short/voxtell_compatible_models/step600/fold_0/checkpoint_final.pth	0.2688977199243892	250	0.6561679790026247	True	3f3dc727122b1fd67b5c0fd6d124e9185aeaacbdc1e21681c4a51536d19307da	0.2276245932854065	0.3165076560241611	0.3660589207805628	0.286626125601775
archived_experiment_records__s2_step1000_inference_2b2c_both_scales_fullvol_val_predictions__6d5c0ce1	archived_experiment_records	outputs/archived_experiment_records/20260728/result_folder_first_wave/historical_predictions/s2_step1000_inference_2b2c_both_scales_fullvol_val_predictions	/common/lidxxlab/chushu/RexGroundingCT/outputs/s2_localized_multiscale_attention_2c_anchor85_step3800/voxtell_compatible_models/s2_step1000_2b2c_both_scales/fold_0/checkpoint_final.pth	0.2688755735536951	254	0.6666666666666666	True	6d5c0ce143e7fc487d6b3346b6af87f301278eebeb20a5f2e50506ee49774f45	0.2280306991784249	0.3211620818435631	0.3687663813334902	0.2824955567323405
archived_experiment_records__s2c_prompt_contrast_step800_fullvol_val_predictions__beb4185d	archived_experiment_records	outputs/archived_experiment_records/20260728/result_folder_first_wave/historical_predictions/s2c_prompt_contrast_step800_fullvol_val_predictions	/common/lidxxlab/chushu/RexGroundingCT/outputs/s2c_prompt_contrast_selected/voxtell_compatible_models/s2c_step800/fold_0/checkpoint_final.pth	0.26880061491282675	254	0.6666666666666666	True	beb4185db2840b402bdf6889ef3749fac28e5b87d59a8939a363d3a1136a4dd5	0.2289170471783494	0.3218819461256208	0.3700117927132387	0.2810320478260794
archived_experiment_records__s2b_selected_step800_fullvol_val_predictions__2f900208	archived_experiment_records	outputs/archived_experiment_records/20260728/result_folder_first_wave/historical_predictions/s2b_selected_step800_fullvol_val_predictions	/common/lidxxlab/chushu/RexGroundingCT/outputs/s2b_autonomous_selected/voxtell_compatible_models/s2b_step800/fold_0/checkpoint_final.pth	0.26879103229473517	254	0.6666666666666666	True	2f9002081fa5280b1e4d510d9d5b1865f255bea28e76ae319abb97f8dfd83324	0.2289380731827831	0.3218749028924944	0.3699671898831179	0.2810190635388288
archived_experiment_records__step800__rho0p50__policy_2c_only__8b59aa5e	archived_experiment_records	outputs/archived_experiment_records/20260728/result_folder_first_wave/historical_predictions/s3_inference_only_rho_sweep_full200/step800__rho0p50__policy_2c_only	/common/lidxxlab/chushu/RexGroundingCT/outputs/s3_inference_only_rho_sweep_full200/voxtell_compatible_models/step800_rho0p50_2c_only/fold_0/checkpoint_final.pth	0.2687689530465589	249	0.6535433070866141	True	8b59aa5e74cfd3db7d7f805c15947e84cda2bf20c367345b19df17d13f3ad641	0.2282993110549256	0.317405926033493	0.3715975969494842	0.2832487647879824
archived_experiment_records__s2c_prompt_contrast_step400_fullvol_val_predictions__27242457	archived_experiment_records	outputs/archived_experiment_records/20260728/result_folder_first_wave/historical_predictions/s2c_prompt_contrast_step400_fullvol_val_predictions	/common/lidxxlab/chushu/RexGroundingCT/outputs/s2c_prompt_contrast_selected/voxtell_compatible_models/s2c_step400/fold_0/checkpoint_final.pth	0.26876413725183856	253	0.6640419947506562	True	27242457440e6f41fe1f18c2abded13776634e53aad5bd00084ad983d390a3c0	0.2288581473844505	0.3203552666632056	0.3703442027921149	0.2817519770513133
archived_experiment_records__s2b_selected_step400_fullvol_val_predictions__4df5c983	archived_experiment_records	outputs/archived_experiment_records/20260728/result_folder_first_wave/historical_predictions/s2b_selected_step400_fullvol_val_predictions	/common/lidxxlab/chushu/RexGroundingCT/outputs/s2b_autonomous_selected/voxtell_compatible_models/s2b_step400/fold_0/checkpoint_final.pth	0.2687412913722329	253	0.6640419947506562	True	4df5c983b2eb1fa367bd0d4c4d6c1266b7d9c394e2e677e7aaf215d484e513ca	0.2288279647485694	0.320347922717653	0.3703289629804054	0.2817124936953468
archived_experiment_records__step800__eta0p05__policy_2c_only__703379ac	archived_experiment_records	outputs/archived_experiment_records/20260728/result_folder_first_wave/historical_predictions/s3_inference_only_logit_refinement_sweep_full200/step800__eta0p05__policy_2c_only	/common/lidxxlab/chushu/RexGroundingCT/outputs/s3_inference_only_logit_refinement_sweep_full200/voxtell_compatible_models/step800_eta0p05_2c_only/fold_0/checkpoint_final.pth	0.2686714071677515	249	0.6535433070866141	True	703379acbb2e07abef981bfb5ccf9e60a3c1578debb036f107e3912efb284b0e	0.2282896685519777	0.3174126156469801	0.3709074037186978	0.2832716799152684
archived_experiment_records__threshold_0p45__af3fcf0e	archived_experiment_records	outputs/archived_experiment_records/20260728/result_folder_first_wave/historical_predictions/category_adaptive_tversky_threshold_sweep_full200/adaptive/threshold_0p45	/common/lidxxlab/chushu/RexGroundingCT/outputs/loss_adaptive_cat_tversky_short/voxtell_compatible_models/step600/fold_0/checkpoint_final.pth	0.268662672334039	250	0.6561679790026247	True	af3fcf0ecbfd84769374d7c5886bcbbdbd4b1ecdc598ef071a5b1e2b1b6c3296	0.2274126556266927	0.3160176554924535	0.3662154042403479	0.2865073406783122
prompt_standardization_rule_only_v1__hybrid_combined_1c1d_2a2e_structured_voxtell_text_v3__b63700cc	prompt_standardization_rule_only_v1	outputs/prompt_standardization_rule_only_v1/s3_step6000_hybrid_structured_voxtell_text_v3/hybrid_combined_1c1d_2a2e_structured_voxtell_text_v3		0.26866257666135407	255	0.6692913385826772	False	b63700cc61a62b73e84e63273c7be12f2b50e660736d5711c1956057c789eaee	0.2334893218189607	0.3146854224130717	0.3716633011692142	0.2877730221930291
archived_experiment_records__step400__eta0p10__policy_2c_only__d30291da	archived_experiment_records	outputs/archived_experiment_records/20260728/result_folder_first_wave/historical_predictions/s3_inference_only_logit_refinement_sweep_full200/step400__eta0p10__policy_2c_only	/common/lidxxlab/chushu/RexGroundingCT/outputs/s3_inference_only_logit_refinement_sweep_full200/voxtell_compatible_models/step400/fold_0/checkpoint_final.pth	0.268648738420972	249	0.6535433070866141	True	d30291da5b700c1be8a81bba100c0a15431c74c587bff74c2bb46f796b0c24fc	0.2282993110549256	0.317405926033493	0.3708342340770073	0.2832487647879824
archived_experiment_records__step400__eta0p05__policy_2c_only__3fe12d0a	archived_experiment_records	outputs/archived_experiment_records/20260728/result_folder_first_wave/historical_predictions/s3_inference_only_logit_refinement_sweep_full200/step400__eta0p05__policy_2c_only	/common/lidxxlab/chushu/RexGroundingCT/outputs/s3_inference_only_logit_refinement_sweep_full200/voxtell_compatible_models/step400/fold_0/checkpoint_final.pth	0.2686476201483535	249	0.6535433070866141	True	3fe12d0a9fd3955ad43a28a25e71cb76f943b5ba8730857e9ed61243da246dec	0.2283014772124819	0.3173932157195187	0.3708514350244395	0.2832416932920916
archived_experiment_records__step400__eta0p20__policy_2c_only__45d469ae	archived_experiment_records	outputs/archived_experiment_records/20260728/result_folder_first_wave/historical_predictions/s3_inference_only_logit_refinement_sweep_full200/step400__eta0p20__policy_2c_only	/common/lidxxlab/chushu/RexGroundingCT/outputs/s3_inference_only_logit_refinement_sweep_full200/voxtell_compatible_models/step400/fold_0/checkpoint_final.pth	0.26864692506939847	249	0.6535433070866141	True	45d469aec00210a82537a622e22f4a851fa47302e1a66e91c386f3614ab0642a	0.2282963792519134	0.3173953370863047	0.3708788034184858	0.2832290652285951
archived_experiment_records__step400__eta0p20__policy_2b2c_only__01a1a8e3	archived_experiment_records	outputs/archived_experiment_records/20260728/result_folder_first_wave/historical_predictions/s3_inference_only_logit_refinement_sweep_full200/step400__eta0p20__policy_2b2c_only	/common/lidxxlab/chushu/RexGroundingCT/outputs/s3_inference_only_logit_refinement_sweep_full200/voxtell_compatible_models/step400_eta0p20_2b2c_only/fold_0/checkpoint_final.pth	0.2686374402246602	250	0.6561679790026247	True	01a1a8e364c2db939e0ca7b2945da06c453c8f985d78602076bbd14744c8d74b	0.2282963792519134	0.3173215875792576	0.3708788034184858	0.2832290652285951
archived_experiment_records__step400__eta0p05__policy_2b2c_only__cad41ba3	archived_experiment_records	outputs/archived_experiment_records/20260728/result_folder_first_wave/historical_predictions/s3_inference_only_logit_refinement_sweep_full200/step400__eta0p05__policy_2b2c_only	/common/lidxxlab/chushu/RexGroundingCT/outputs/s3_inference_only_logit_refinement_sweep_full200/voxtell_compatible_models/step400_eta0p05_2b2c_only/fold_0/checkpoint_final.pth	0.26862543906671754	250	0.6561679790026247	True	cad41ba3997df8f5bfb73c5b835cc3f25ba0254b965095713302afab81882c79	0.2282905729800099	0.3171426630463265	0.3708444926508774	0.2832796582329602
archived_experiment_records__step400__eta0p10__policy_2b2c_only__aac9a20b	archived_experiment_records	outputs/archived_experiment_records/20260728/result_folder_first_wave/historical_predictions/s3_inference_only_logit_refinement_sweep_full200/step400__eta0p10__policy_2b2c_only	/common/lidxxlab/chushu/RexGroundingCT/outputs/s3_inference_only_logit_refinement_sweep_full200/voxtell_compatible_models/step400_eta0p10_2b2c_only/fold_0/checkpoint_final.pth	0.26861659444138214	250	0.6561679790026247	True	aac9a20b55fd81db197c10eb20a54361bbbbc514863976ed76d29c9f7b9935bf	0.2282963792519134	0.3172275794748465	0.3708232059799392	0.2832290652285951
archived_experiment_records__s3_voxel_text_matching_2b2c_step400_fullvol_val_predictions__dbbfa96c	archived_experiment_records	outputs/archived_experiment_records/20260728/result_folder_first_wave/historical_predictions/s3_voxel_text_matching_2b2c_step400_fullvol_val_predictions	/common/lidxxlab/chushu/RexGroundingCT/outputs/s3_voxel_text_matching_2b2c_focus_from_hardneg70_step500/voxtell_compatible_models/step400/fold_0/checkpoint_final.pth	0.2686155271498904	250	0.6561679790026247	True	dbbfa96c99dd77a380f251d88a52aa887057a612536654004f58ea5043b1fd59	0.2282956709405783	0.3170808148230118	0.3707985467664464	0.2832922862964567
archived_experiment_records__s3_voxel_text_matching_2b2c_step800_fullvol_val_predictions__a2e1673b	archived_experiment_records	outputs/archived_experiment_records/20260728/result_folder_first_wave/historical_predictions/s3_voxel_text_matching_2b2c_step800_fullvol_val_predictions	/common/lidxxlab/chushu/RexGroundingCT/outputs/s3_voxel_text_matching_2b2c_focus_from_hardneg70_step500/voxtell_compatible_models/step800/fold_0/checkpoint_final.pth	0.26860160573243114	250	0.6561679790026247	True	a2e1673b66ca852fce3a1eb5f2a19cf60245f2308c94941af796cd39adc12922	0.2282839320575989	0.3169774742892339	0.3709009425100785	0.2832451050936065
archived_experiment_records__anchor85_hardneg70_no_topk_step500_fullvol_val_predictions__bd194019	archived_experiment_records	outputs/archived_experiment_records/20260728/result_folder_first_wave/historical_predictions/anchor85_hardneg70_no_topk_step500_fullvol_val_predictions	/common/lidxxlab/chushu/RexGroundingCT/outputs/anchor85_hardneg70_no_topk/voxtell_compatible_models/step500/fold_0/checkpoint_final.pth	0.2684963473675352	250	0.6561679790026247	True	bd1940198283a42f57ba89259fc0c6d85e6f676fa0ce0d6e5e3327d51c4c95e4	0.2282905944260417	0.3174050678525321	0.3698128288800679	0.2832778591177322
archived_experiment_records__step400__eta0p20__policy_2b_only__22407ec0	archived_experiment_records	outputs/archived_experiment_records/20260728/result_folder_first_wave/historical_predictions/s3_inference_only_logit_refinement_sweep_full200/step400__eta0p20__policy_2b_only	/common/lidxxlab/chushu/RexGroundingCT/outputs/s3_inference_only_logit_refinement_sweep_full200/voxtell_compatible_models/step400_eta0p20_2b_only/fold_0/checkpoint_final.pth	0.2684904702194313	251	0.6587926509186351	True	22407ec02aeca683a3c7c14c2207ffdae6b64a206c0044ce533f296ac2a6c35d	0.2282905729800099	0.3173336034339872	0.3698315058206869	0.2832796582329602
archived_experiment_records__step400__eta0p10__policy_2b_only__14985353	archived_experiment_records	outputs/archived_experiment_records/20260728/result_folder_first_wave/historical_predictions/s3_inference_only_logit_refinement_sweep_full200/step400__eta0p10__policy_2b_only	/common/lidxxlab/chushu/RexGroundingCT/outputs/s3_inference_only_logit_refinement_sweep_full200/voxtell_compatible_models/step400/fold_0/checkpoint_final.pth	0.2684726877483247	251	0.6587926509186351	True	14985353c942680b7abecdd8bafebe8ee607d47045aefaa11dc4180d7b9cb962	0.228286863860611	0.317218760371341	0.3698378265268491	0.2832648046529938
archived_experiment_records__step400__eta0p05__policy_2b_only__6521b733	archived_experiment_records	outputs/archived_experiment_records/20260728/result_folder_first_wave/historical_predictions/s3_inference_only_logit_refinement_sweep_full200/step400__eta0p05__policy_2b_only	/common/lidxxlab/chushu/RexGroundingCT/outputs/s3_inference_only_logit_refinement_sweep_full200/voxtell_compatible_models/step400/fold_0/checkpoint_final.pth	0.2684602150281778	251	0.6587926509186351	True	6521b7335b110e2f8e12c21a1dd162686b47dbc53ddf0db474f88946adef5521	0.2282890300181673	0.3171427235548827	0.3698346433761709	0.283257733157103
archived_experiment_records__step800__eta0p20__policy_2b_only__6062f44e	archived_experiment_records	outputs/archived_experiment_records/20260728/result_folder_first_wave/historical_predictions/s3_inference_only_logit_refinement_sweep_full200/step800__eta0p20__policy_2b_only	/common/lidxxlab/chushu/RexGroundingCT/outputs/s3_inference_only_logit_refinement_sweep_full200/voxtell_compatible_models/step800/fold_0/checkpoint_final.pth	0.2684568386141215	251	0.6587926509186351	True	6062f44eca52784bc2b4b8eb1140eff60346f6b060c85f00a8a1f57841fc31e4	0.2283014772124819	0.3171511326217699	0.3698376734785614	0.2832416932920916
archived_experiment_records__s2_localized_multiscale_attention_2c_step1000_fullvol_val_predictions__95637039	archived_experiment_records	outputs/archived_experiment_records/20260728/result_folder_first_wave/historical_predictions/s2_localized_multiscale_attention_2c_step1000_fullvol_val_predictions	/common/lidxxlab/chushu/RexGroundingCT/outputs/s2_localized_multiscale_attention_2c_anchor85_step3800/voxtell_compatible_models/step1000/fold_0/checkpoint_final.pth	0.2683800670357256	253	0.6640419947506562	True	95637039a10f2113d919647daf3ee22672b2b3a6b9a25b9aaf0313cc25dbe46b	0.226986557211732	0.321181829460889	0.3687766171230072	0.2825406378675836
archived_experiment_records__threshold_0p4__b2f1bc26	archived_experiment_records	outputs/archived_experiment_records/20260728/result_folder_first_wave/historical_predictions/category_adaptive_tversky_threshold_sweep_full200/adaptive/threshold_0p4	/common/lidxxlab/chushu/RexGroundingCT/outputs/loss_adaptive_cat_tversky_short/voxtell_compatible_models/step600/fold_0/checkpoint_final.pth	0.2683215814525501	250	0.6561679790026247	True	b2f1bc2641919a2716235c75521aefdc8f50ec4be1335f2b990b432f4f1abebd	0.2271615497289809	0.3154212472478489	0.3662503043084679	0.2861859177874936
archived_experiment_records__anchor85_hardneg70_no_topk_step800_fullvol_val_predictions__58cdbec8	archived_experiment_records	outputs/archived_experiment_records/20260728/result_folder_first_wave/historical_predictions/anchor85_hardneg70_no_topk_step800_fullvol_val_predictions	/common/lidxxlab/chushu/RexGroundingCT/outputs/anchor85_hardneg70_no_topk/voxtell_compatible_models/step800/fold_0/checkpoint_final.pth	0.268211925903129	250	0.6561679790026247	True	58cdbec8428436a5acc3f26db1923eaf6fe6dc8a5bf47fb84bd10edc68fbb4df	0.2285438740566208	0.3184246942012587	0.3693785686808482	0.2819453042912341
archived_experiment_records__category_prompt_original_seed2026_step800_fullvol_val_predictions__45859692	archived_experiment_records	outputs/archived_experiment_records/20260728/result_folder_first_wave/historical_predictions/category_prompt_experiment/category_prompt_original_seed2026_step800_fullvol_val_predictions	/common/lidxxlab/chushu/RexGroundingCT/outputs/category_prompt_experiment/category_prompt_original_seed2026/voxtell_compatible_models/step800/fold_0/checkpoint_final.pth	0.26818230602232734	250	0.6561679790026247	True	45859692895ae55a068fe484157615b5c02722ccb076b9217e2ee146d832ef88	0.2285210619769706	0.3184327873121996	0.3693843641060897	0.2818622472543244
archived_experiment_records__s2_localized_multiscale_attention_2c_step500_fullvol_val_predictions__b8d504c9	archived_experiment_records	outputs/archived_experiment_records/20260728/result_folder_first_wave/historical_predictions/s2_localized_multiscale_attention_2c_step500_fullvol_val_predictions	/common/lidxxlab/chushu/RexGroundingCT/outputs/s2_localized_multiscale_attention_2c_anchor85_step3800/voxtell_compatible_models/step500/fold_0/checkpoint_final.pth	0.26809447995624414	250	0.6561679790026247	True	b8d504c9b2badc48d351d1cf217a1c352d5855e6afcf41005522fce993e44cf6	0.2249621994557278	0.3179266448984774	0.369811384959975	0.2841625548710582
archived_experiment_records__category_focaloff_2c_on__18fa90c6	archived_experiment_records	outputs/archived_experiment_records/20260728/result_folder_first_wave/historical_predictions/spatial_attention_ablation_s1_beta1p5_step1000/category_focaloff_2c_on	/common/lidxxlab/chushu/RexGroundingCT/outputs/H-S1_beta1p5_step1000_inference_model/fold_0/checkpoint_final.pth	0.2680563276992179	253	0.6640419947506562	True	18fa90c647d328404a7ba4aecd4f360a3f5633b9ba675bb6879f58a37f7efab0	0.2290392497880694	0.3239181055343773	0.3633660309715202	0.2807164150175472
archived_experiment_records__hardneg70_catbalanced_aggressive_step300_fullvol_val_predictions__5deb4d0d	archived_experiment_records	outputs/archived_experiment_records/20260728/result_folder_first_wave/historical_predictions/hardneg70_catbalanced_aggressive_step300_fullvol_val_predictions	/common/lidxxlab/chushu/RexGroundingCT/outputs/hardneg70_catbalanced_aggressive_twopos_noattention/voxtell_compatible_models/step300/fold_0/checkpoint_final.pth	0.26803188592431715	250	0.6561679790026247	True	5deb4d0d8deb5093e940293525796308d42f546f5ccba91dfaa0696359890776	0.2283359093842872	0.3183441234154036	0.3693943013082743	0.2815611655580396
archived_experiment_records__s2_step1000_inference_2b2c_half_only_fullvol_val_predictions__1be120e6	archived_experiment_records	outputs/archived_experiment_records/20260728/result_folder_first_wave/historical_predictions/s2_step1000_inference_2b2c_half_only_fullvol_val_predictions	/common/lidxxlab/chushu/RexGroundingCT/outputs/s2_localized_multiscale_attention_2c_anchor85_step3800/voxtell_compatible_models/s2_step1000_2b2c_half_only/fold_0/checkpoint_final.pth	0.2679700762070823	252	0.6614173228346457	True	1be120e6bf9cede4493f5498d022c7460486276c2f75d08725d1faa35e53ea07	0.2280201584866082	0.3191056739010405	0.3646152245847414	0.282535907851896
archived_experiment_records__category_only_2d_off__6fb8f84c	archived_experiment_records	outputs/archived_experiment_records/20260728/result_folder_first_wave/historical_predictions/spatial_attention_ablation_s1_beta1p5_step1000/category_only_2d_off	/common/lidxxlab/chushu/RexGroundingCT/outputs/H-S1_beta1p5_step1000_inference_model/fold_0/checkpoint_final.pth	0.2679279830924082	253	0.6640419947506562	True	6fb8f84ca71f76b9e6ecde22dcb02de8c50c43a1552f61204e20fd4547513f14	0.2290388364216969	0.3239247130330891	0.3633456380867178	0.2806611787382921
archived_experiment_records__s2_localized_multiscale_attention_2c_step1000_attention_alloff_fullvol_val_predictions__b0645817	archived_experiment_records	outputs/archived_experiment_records/20260728/result_folder_first_wave/historical_predictions/s2_localized_multiscale_attention_2c_step1000_attention_alloff_fullvol_val_predictions	/common/lidxxlab/chushu/RexGroundingCT/outputs/s2_localized_multiscale_attention_2c_anchor85_step3800/voxtell_compatible_models/step1000/fold_0/checkpoint_final.pth	0.26776919488862705	252	0.6614173228346457	True	b0645817b3e3ad8f17b77251bc2065617ab3a56581a12ac00d4ab7318450ec9f	0.2280158671050726	0.3189341404531706	0.3634003135138361	0.2825836127155135
archived_experiment_records__hardneg70_catbalanced_aggressive_step500_fullvol_val_predictions__5bc4c4e0	archived_experiment_records	outputs/archived_experiment_records/20260728/result_folder_first_wave/historical_predictions/hardneg70_catbalanced_aggressive_step500_fullvol_val_predictions	/common/lidxxlab/chushu/RexGroundingCT/outputs/hardneg70_catbalanced_aggressive_twopos_noattention/voxtell_compatible_models/step500/fold_0/checkpoint_final.pth	0.2677302371844699	250	0.6561679790026247	True	5bc4c4e078167fdf1e794511bc8604fe277942ac175c2ca53949939b3453e324	0.2283187415537636	0.3187979202934853	0.3688689467360304	0.2805767554287718
archived_experiment_records__category_focaloff_2c_on__9f858294	archived_experiment_records	outputs/archived_experiment_records/20260728/result_folder_first_wave/historical_predictions/spatial_attention_ablation_s1_beta1p5_step600/category_focaloff_2c_on	/common/lidxxlab/chushu/RexGroundingCT/outputs/H-S1_beta1p5_step600_inference_model/fold_0/checkpoint_final.pth	0.2677066473448072	253	0.6640419947506562	True	9f858294d11bdbd67ceb8f5d7b150e40c4a72fd1736cdd3f1a24cace48236876	0.226964507762913	0.3201774805332831	0.3673624493839361	0.2814907727739837
archived_experiment_records__category_only_2d_off__f6f92bce	archived_experiment_records	outputs/archived_experiment_records/20260728/result_folder_first_wave/historical_predictions/spatial_attention_ablation_s1_beta1p5_step600/category_only_2d_off	/common/lidxxlab/chushu/RexGroundingCT/outputs/H-S1_beta1p5_step600_inference_model/fold_0/checkpoint_final.pth	0.26754889729596226	253	0.6640419947506562	True	f6f92bceb56129cb7d9323690433d39a2baad07f52cc37a80891b9bdf2139e30	0.2269869868808407	0.3201829756963747	0.3673456714081793	0.2814738769164918
archived_experiment_records__gamma_0p00__27f3b03b	archived_experiment_records	outputs/archived_experiment_records/20260728/result_folder_first_wave/historical_predictions/spatial_attention_ablation_s1_beta1p5_step600/global_rho_sweep/gamma_0p00	/common/lidxxlab/chushu/RexGroundingCT/outputs/H-S1_beta1p5_step600_inference_model/fold_0/checkpoint_final.pth	0.2674784212996125	251	0.6587926509186351	True	27f3b03be876ecef005b8955880e947194c5c5e5cfa6e174e5bd7e3e1fbcf402	0.2280807807554658	0.3185188058978077	0.3649194718812156	0.2814872033374929
archived_experiment_records__step600__ab308e7e	archived_experiment_records	outputs/archived_experiment_records/20260728/result_folder_first_wave/historical_predictions/category_adaptive_tversky_full200/control/step600	/common/lidxxlab/chushu/RexGroundingCT/outputs/loss_control_cat_tversky_short/voxtell_compatible_models/step600/fold_0/checkpoint_final.pth	0.26744553781154073	250	0.6561679790026247	True	ab308e7ea4fba9c5fd7a9d2118dd9336ec45dab7a43779ee94156513d444bcce	0.2272183084341736	0.3162564326876881	0.3679237078949727	0.2823661989980898
archived_experiment_records__category_focaloff__6fe72dff	archived_experiment_records	outputs/archived_experiment_records/20260728/result_folder_first_wave/historical_predictions/spatial_attention_ablation_s1_beta1p5_step1000/category_focaloff	/common/lidxxlab/chushu/RexGroundingCT/outputs/H-S1_beta1p5_step1000_inference_model/fold_0/checkpoint_final.pth	0.2674249930363278	253	0.6640419947506562	True	6fe72dffbe282cb25c3a98af752449925cfa0b7e531c3e25b9430a5cc67fe9d3	0.2290347613401445	0.3239240356683097	0.3594799629096918	0.2806494848309313
archived_experiment_records__category_focaloff__d212dfff	archived_experiment_records	outputs/archived_experiment_records/20260728/result_folder_first_wave/historical_predictions/spatial_attention_ablation_s1_beta1p5_step600/category_focaloff	/common/lidxxlab/chushu/RexGroundingCT/outputs/H-S1_beta1p5_step600_inference_model/fold_0/checkpoint_final.pth	0.2673362443218033	252	0.6614173228346457	True	d212dfff6f0f9dcf50cfc57bc31d25e0f39c6c441125ec0833486310d7af4983	0.22697373674693	0.320185228657506	0.3649336699874939	0.2815045814766354
archived_experiment_records__gamma_0p00__b18edc2a	archived_experiment_records	outputs/archived_experiment_records/20260728/result_folder_first_wave/historical_predictions/spatial_attention_ablation_s1_beta1p5_step1000/global_rho_sweep/gamma_0p00	/common/lidxxlab/chushu/RexGroundingCT/outputs/H-S1_beta1p5_step1000_inference_model/fold_0/checkpoint_final.pth	0.2671968941690344	253	0.6640419947506562	True	b18edc2a592c40a916f30748814cbf69b424bf499248f7fddda1c1c24d032bd5	0.2288615869507069	0.3208825048706071	0.3594799629096918	0.2806494848309313
archived_experiment_records__voxtell_rex_anchor85_step3800_bestval_fullvol_val_predictions__6177e95d	archived_experiment_records	outputs/archived_experiment_records/20260728/result_folder_first_wave/historical_predictions/voxtell_rex_anchor85_step3800_bestval_fullvol_val_predictions		0.26705717465237927	248	0.6509186351706037	True	6177e95d4d7365b7452282f08f0c336f5d016f7334e553a72e1680a8dbda1b5b	0.2261308660791252	0.3132333212669969	0.3676817170267251	0.2839660066201893
archived_experiment_records__baseline__3bbf63e9	archived_experiment_records	outputs/archived_experiment_records/20260728/result_folder_first_wave/closed_negative_experiments/prompt_residual_adapter_normal_voxtell_step3800_pilot/fullval_update200/baseline	/common/lidxxlab/chushu/RexGroundingCT/outputs/prompt_residual_adapter_normal_voxtell_step3800_pilot/fullval_update200/eval_base_model/fold_0/checkpoint_final.pth	0.2670388399102458	248	0.6509186351706037	True	3bbf63e9c1bae6c48afef5b681d68f1e75a26c3ce3bc1fe254737ecf65ca5c9e	0.2261191229202039	0.3132403441029056	0.3676914169522746	0.2839174851520133
archived_experiment_records__no_gate__74359889	archived_experiment_records	outputs/archived_experiment_records/20260728/result_folder_first_wave/historical_predictions/presence_v2_category_gating_step600/no_gate	/common/lidxxlab/chushu/RexGroundingCT/outputs/presence_v2_step600_inference_model/fold_0/checkpoint_final.pth	0.2670189195440447	251	0.6587926509186351	True	74359889d861780dcbd467d7ec067e0ffa8a8e5ad18afc9a41814d60943e22fd	0.2282126352925449	0.3190195643927394	0.3689581001112422	0.2786713180888169
archived_experiment_records__threshold_0p45__99797bec	archived_experiment_records	outputs/archived_experiment_records/20260728/result_folder_first_wave/historical_predictions/category_adaptive_tversky_threshold_sweep_full200/control/threshold_0p45	/common/lidxxlab/chushu/RexGroundingCT/outputs/loss_control_cat_tversky_short/voxtell_compatible_models/step600/fold_0/checkpoint_final.pth	0.26699427324545805	251	0.6587926509186351	True	99797becfe31552550a0bf3c932ee41657a0cda478990a7cb028dd3be4beccef	0.2268513889413233	0.3156137076705425	0.3676643711570668	0.2819468556256495
archived_experiment_records__gamma_0p25__8ff0bd1b	archived_experiment_records	outputs/archived_experiment_records/20260728/result_folder_first_wave/historical_predictions/spatial_attention_ablation_s1_beta1p5_step600/global_rho_sweep/gamma_0p25	/common/lidxxlab/chushu/RexGroundingCT/outputs/H-S1_beta1p5_step600_inference_model/fold_0/checkpoint_final.pth	0.26685437947338075	250	0.6561679790026247	True	8ff0bd1bc3ae54341b363319cd1ca240022795afce76738677e45abfd1f06971	0.2281715193107883	0.3192180214646455	0.3659167162912501	0.2790413000844848
archived_experiment_records__category_prompt_prefix_seed2026_step800_fullvol_val_predictions__3dee4b36	archived_experiment_records	outputs/archived_experiment_records/20260728/result_folder_first_wave/historical_predictions/category_prompt_experiment/category_prompt_prefix_seed2026_step800_fullvol_val_predictions	/common/lidxxlab/chushu/RexGroundingCT/outputs/category_prompt_experiment/category_prompt_prefix_seed2026/voxtell_compatible_models/step800/fold_0/checkpoint_final.pth	0.26653489538176794	252	0.6614173228346457	True	3dee4b367cf8142a32fbf99fb9cffb621b6150a669eabcd5b235fe7be758a750	0.2277371850521577	0.3290478509385106	0.3606013433323689	0.2803588997006754
archived_experiment_records__threshold_0p4__63700a25	archived_experiment_records	outputs/archived_experiment_records/20260728/result_folder_first_wave/historical_predictions/category_adaptive_tversky_threshold_sweep_full200/control/threshold_0p4	/common/lidxxlab/chushu/RexGroundingCT/outputs/loss_control_cat_tversky_short/voxtell_compatible_models/step600/fold_0/checkpoint_final.pth	0.2664887534882623	251	0.6587926509186351	True	63700a25e4543618e5b1d4950b8bb444a1eb2ac6bb47fd385ec51b7d4a9a8689	0.2265617435999563	0.3148487703794423	0.3672484058068907	0.2814946537250867
archived_experiment_records__gamma_0p50__6041da2b	archived_experiment_records	outputs/archived_experiment_records/20260728/result_folder_first_wave/historical_predictions/spatial_attention_ablation_s1_beta1p5_step600/global_rho_sweep/gamma_0p50	/common/lidxxlab/chushu/RexGroundingCT/outputs/H-S1_beta1p5_step600_inference_model/fold_0/checkpoint_final.pth	0.26640824245557715	251	0.6587926509186351	True	6041da2b082abc26a38c5120c0539022cee04e097f139c95102c38acc7295ff4	0.2278269423790502	0.3197960468882181	0.3665668675937873	0.2777023019705305
archived_experiment_records__no_gate__d6c53579	archived_experiment_records	outputs/archived_experiment_records/20260728/result_folder_first_wave/historical_predictions/presence_v2_category_gating_step1500/no_gate	/common/lidxxlab/chushu/RexGroundingCT/outputs/presence_v2_step1500_inference_model/fold_0/checkpoint_final.pth	0.26635346790503495	253	0.6640419947506562	True	d6c53579f34418ac534d1b17f63692bfa17ae75690b424ef80bc2c12400a651b	0.2314933970863345	0.3248715853184429	0.3659101362042004	0.2725619286729503
biomedclip_cls__biomedclip_cls_update7000__0989866a	biomedclip_cls	outputs/biomedclip_cls/matched_from_voxtell_init/full200_selected/biomedclip_cls_update7000	/common/lidxxlab/chushu/RexGroundingCT/outputs/biomedclip_cls/matched_from_voxtell_init/checkpoints/checkpoint_update_7000.pth	0.2658974177686638	265	0.6955380577427821	True	0989866ac08670d50ff6dcb7675061a9d80e5d809d5b8b98d5b1af07a6c27c0a	0.2199378925788308	0.2575318087376608	0.3682860219264938	0.3117175166927086
archived_experiment_records__update_200__c5f3c92b	archived_experiment_records	outputs/archived_experiment_records/20260728/result_folder_first_wave/closed_negative_experiments/prompt_residual_adapter_normal_voxtell_step3800_pilot/fullval_update200/update_200	/common/lidxxlab/chushu/RexGroundingCT/outputs/prompt_residual_adapter_normal_voxtell_step3800_pilot/fullval_update200/eval_base_model/fold_0/checkpoint_final.pth	0.26568171463300994	261	0.6850393700787402	True	c5f3c92b9f67750a1a331f256bf0afcfacb9403d312cae61aca48f76df4fcd69	0.2464267869465581	0.3155747402726276	0.3433494927870209	0.2738761106890461
archived_experiment_records__gamma1__59e0fe60	archived_experiment_records	outputs/archived_experiment_records/20260728/result_folder_first_wave/historical_predictions/spatial_attention_ablation_s1_beta1p5_step1000/gamma1	/common/lidxxlab/chushu/RexGroundingCT/outputs/H-S1_beta1p5_step1000_inference_model/fold_0/checkpoint_final.pth	0.26484136009094617	252	0.6614173228346457	True	59e0fe60e37bffca898e0971377c2f5772b9904d8446e01bd28bf21294a285fc	0.2290347613401445	0.3239240356683097	0.3633601727177688	0.2717483676658518
archived_experiment_records__multiply_gate_gamma0p5__150b45cc	archived_experiment_records	outputs/archived_experiment_records/20260728/result_folder_first_wave/historical_predictions/presence_v2_category_gating_step600/multiply_gate_gamma0p5	/common/lidxxlab/chushu/RexGroundingCT/outputs/presence_v2_step600_inference_model/fold_0/checkpoint_final.pth	0.2646555678403138	251	0.6587926509186351	True	150b45cc1a21a8c882203d29b426d2144f89078efea2d18e0553259e7a419c18	0.2299920697137513	0.3116664140446739	0.3647211058463082	0.2764527355460976
archived_experiment_records__H-S1_beta1p5_step600_fullvol_val_predictions__40e46f36	archived_experiment_records	outputs/archived_experiment_records/20260728/result_folder_first_wave/historical_predictions/H-S1_beta1p5_step600_fullvol_val_predictions		0.2646543851197175	253	0.6640419947506562	True	40e46f36f56f88db7fbc852198d692d2aa2e287830f6571b5c0e8d9210d06148	0.2269773892940325	0.3201898700794567	0.367327539679363	0.2731220935145289
archived_experiment_records__multiply_gate_gamma0p5__20d90995	archived_experiment_records	outputs/archived_experiment_records/20260728/result_folder_first_wave/historical_predictions/presence_v2_category_gating_step1500/multiply_gate_gamma0p5	/common/lidxxlab/chushu/RexGroundingCT/outputs/presence_v2_step1500_inference_model/fold_0/checkpoint_final.pth	0.26463114647023556	250	0.6561679790026247	True	20d909957463c81ef82e796ced9f8ea3fbd3a8dca3097809b0bffac462ea7764	0.231193195948499	0.3215323672815297	0.3611548836911837	0.2719783561126242
archived_experiment_records__hard_gate_tau0p1__dc233ff5	archived_experiment_records	outputs/archived_experiment_records/20260728/result_folder_first_wave/historical_predictions/presence_v2_category_gating_step600/hard_gate_tau0p1	/common/lidxxlab/chushu/RexGroundingCT/outputs/presence_v2_step600_inference_model/fold_0/checkpoint_final.pth	0.26445529346108226	251	0.6587926509186351	True	dc233ff5391fa481e9ee3e82947190e1df0f7a3b88f94a5d257631f996d22391	0.2297614382638389	0.3167467707390655	0.3662626040401767	0.2738858685182828
archived_experiment_records__hard_gate_tau0p3__a4160598	archived_experiment_records	outputs/archived_experiment_records/20260728/result_folder_first_wave/historical_predictions/presence_v2_category_gating_step600/hard_gate_tau0p3	/common/lidxxlab/chushu/RexGroundingCT/outputs/presence_v2_step600_inference_model/fold_0/checkpoint_final.pth	0.26445207484691235	251	0.6587926509186351	True	a416059867676061f59a2c41ca1e677fb53d3a13e2e5e7977d617e6daee19e4b	0.2297602635358683	0.3167508729403975	0.3662525231192898	0.2738774526667967
qwen_complementarity_full200__bc__7d45e1bb	qwen_complementarity_full200	outputs/qwen_complementarity_full200/source_metrics/bc		0.2644518506990583	265	0.6955380577427821	True	7d45e1bb8e780cc98edd7754abc3304b90c17e9c55fa64965c6b8ab193c51228	0.2200823632714386	0.2336143676591338	0.3503327853596755	0.3269508187133449
archived_experiment_records__hard_gate_tau0p2__d66f5f52	archived_experiment_records	outputs/archived_experiment_records/20260728/result_folder_first_wave/historical_predictions/presence_v2_category_gating_step600/hard_gate_tau0p2	/common/lidxxlab/chushu/RexGroundingCT/outputs/presence_v2_step600_inference_model/fold_0/checkpoint_final.pth	0.2644405836942377	251	0.6587926509186351	True	d66f5f5228db1cd142f639e1e436bf2a23e22ec9de789c92c5e3448f241db231	0.2297683247130507	0.3167487377384048	0.3662577653273865	0.2738393153058659
archived_experiment_records__full_volume_step400_globalonly_all__1118a72a	archived_experiment_records	outputs/archived_experiment_records/20260728/result_folder_first_wave/historical_predictions/s3d_multiscale_all_train_nowrong_from_adaptive_step600/full_volume_step400_globalonly_all	/common/lidxxlab/chushu/RexGroundingCT/outputs/s3d_multiscale_all_train_nowrong_from_adaptive_step600/voxtell_compatible_models/step400_all/fold_0/checkpoint_final.pth	0.26430291016917185	251	0.6587926509186351	True	1118a72a7080204fabaa5de91acd9f464448f478b67966f82f55caa958fa8fa0	0.2241644418648378	0.3209917437027859	0.3677530651524018	0.2742160086070269
archived_experiment_records__anchor85_hardneg70_hybrid75_dp_step3300_bestpositive_fullvol_val_predictions__4b454e1f	archived_experiment_records	outputs/archived_experiment_records/20260728/result_folder_first_wave/historical_predictions/anchor85_hardneg70_hybrid75_dp_step3300_bestpositive_fullvol_val_predictions	/common/lidxxlab/chushu/RexGroundingCT/outputs/anchor85_hardneg70_hybrid75_dp_192/checkpoints/checkpoint_best_val_positive_dice_step_3300.pth	0.26357661984212705	254	0.6666666666666666	False	4b454e1f5bff25543785ba30b8ef835478b71f5513179174475ef5bc25fad5c7	0.2441928594913497	0.322952079857258	0.3653704039916282	0.2574397873403567
archived_experiment_records__hard_gate_tau0p1__5b4dd7bb	archived_experiment_records	outputs/archived_experiment_records/20260728/result_folder_first_wave/historical_predictions/presence_v2_category_gating_step1500/hard_gate_tau0p1	/common/lidxxlab/chushu/RexGroundingCT/outputs/presence_v2_step1500_inference_model/fold_0/checkpoint_final.pth	0.2630932014469148	250	0.6561679790026247	True	5b4dd7bb7532135d18819b586834a5f3669b8303297c9228cd06da16a04e7965	0.2300422593621723	0.3221361136304501	0.3635891722129695	0.2671071299236544
archived_experiment_records__hard_gate_tau0p3__713ae3e9	archived_experiment_records	outputs/archived_experiment_records/20260728/result_folder_first_wave/historical_predictions/presence_v2_category_gating_step1500/hard_gate_tau0p3	/common/lidxxlab/chushu/RexGroundingCT/outputs/presence_v2_step1500_inference_model/fold_0/checkpoint_final.pth	0.2630872549003401	250	0.6561679790026247	True	713ae3e958de81f08eacf853c4ad473b7225751943d1e7b6892d22ca082b0d2d	0.2300376913814004	0.3221324025277331	0.3635900270412924	0.2670934569777602
original_voxtell_semantic_screen_1k__full200_500__a0faa0b4	original_voxtell_semantic_screen_1k	outputs/original_voxtell_semantic_screen_1k/a5_dense_e4/full200_500	/common/lidxxlab/chushu/RexGroundingCT/outputs/original_voxtell_semantic_screen_1k/a5_dense_e4/full200_exports/checkpoint_update_500_inference.pth	0.262963676068222	254	0.6666666666666666	True	a0faa0b455e3deb3fb4fe1f6d423920f463249d655d8ff3b6c85dffd025e288a	0.2238169749181106	0.2773837929948736	0.3645004615050292	0.2812672956922121
pbt_cls_fullval_qwen_complementarity__E3_pbt_heavy__69dfa6ec	pbt_cls_fullval_qwen_complementarity	outputs/pbt_cls_fullval_qwen_complementarity/ensembles/E3_pbt_heavy		0.25910180498051927	257	0.6745406824146981	True	69dfa6ecffd0c819ae40fe572cf9e702b89c91aa4d6b0aa64ac5e40ab623d3d2	0.225728998892695	0.2755258621784648	0.3369175942030923	0.2934804157178651
zoom_out_256_matched__zoomout_mix_native256_to192_update2625__4088932f	zoom_out_256_matched	outputs/zoom_out_256_matched/fullvol_evaluation/zoomout_mix_native256_to192_update2625	/common/lidxxlab/chushu/RexGroundingCT/outputs/zoom_out_256_matched/zoomout_256mix_5000microsteps/zoomout_from_duals3_step10000_native256_to192_p0.5_add5000microsteps/checkpoints/checkpoint_update_2625.pth	0.25788869944011056	242	0.6351706036745407	True	4088932faa88ffcfde3c2af3125145377e54c88c9c89f508c5554d990c32653b	0.2276966829699252	0.3289720173578433	0.3601771594407544	0.2541467911369176
zoom_out_256_matched__control_native256_to192_update2625__c644512a	zoom_out_256_matched	outputs/zoom_out_256_matched/fullvol_evaluation/control_native256_to192_update2625	/common/lidxxlab/chushu/RexGroundingCT/outputs/zoom_out_256_matched/control_192_only_5000microsteps/control_from_duals3_step10000_native192_zoomoutp0_add5000microsteps/checkpoints/checkpoint_update_2625.pth	0.25754573119784774	242	0.6351706036745407	True	c644512a887d22c69a29fe18d367a71a7ad3cecf053393a6fcf40b3d122fc8cd	0.2272823832289107	0.3286857398646685	0.3606761536792059	0.253362189787193
pubmedbert_voxtell__pubmedbert_cls_update7200__5e070cfe	pubmedbert_voxtell	outputs/pubmedbert_voxtell/PBT-CLS/full200_selected/pubmedbert_cls_update7200	/common/lidxxlab/chushu/RexGroundingCT/outputs/pubmedbert_voxtell/PBT-CLS/checkpoints/checkpoint_update_7200.pth	0.25225939492967137	252	0.6614173228346457	True	5e070cfec7a23dead06b8a957f2eaa7cc386cd7a7a71dc39b0712a9a38377a34	0.2166478017106035	0.2535378743499221	0.3328018436957206	0.290962277200161
pbt_cls_fullval_qwen_complementarity__pbt_cls_7200__264f800b	pbt_cls_fullval_qwen_complementarity	outputs/pbt_cls_fullval_qwen_complementarity/full_validation/pbt_cls_7200	/common/lidxxlab/chushu/RexGroundingCT/outputs/pubmedbert_voxtell/PBT-CLS/checkpoints/checkpoint_update_7200.pth	0.25225112990175086	252	0.6614173228346457	True	264f800b30475b373b7532386773fab455bbac4cbd8e34294bebb1e73004f46e	0.2166281969258304	0.2535235669998165	0.3327977345748021	0.2909662561520781
medplex_trainable_text_study__P0_update_4000__a228e3fe	medplex_trainable_text_study	outputs/medplex_trainable_text_study/full200_selected_checkpoints/full_validation/P0_update_4000	/common/lidxxlab/chushu/RexGroundingCT/outputs/pbt_trainable_control_from4800/checkpoints/checkpoint_update_4000.pth	0.2473467016959409	259	0.6797900262467191	True	a228e3fe72bc9a44b9477110c1edb9b14efc0285189fca255a0a4f1b613917cf	0.2126941189565554	0.2386588126403174	0.3389106860334189	0.2907933375561294
archived_experiment_records__multiply_gate_gamma1__7904655f	archived_experiment_records	outputs/archived_experiment_records/20260728/result_folder_first_wave/historical_predictions/presence_v2_category_gating_step1500/multiply_gate_gamma1	/common/lidxxlab/chushu/RexGroundingCT/outputs/presence_v2_step1500_inference_model/fold_0/checkpoint_final.pth	0.24305443340567828	224	0.5879265091863517	True	7904655f97b38045c127396197b90042ec108873c96223b8f2342d2ef2e07971	0.2224601867686962	0.3109074667337456	0.3592040354260552	0.2240174442989694
medplex_trainable_text_study__P0_update_5000__9d3eef9a	medplex_trainable_text_study	outputs/medplex_trainable_text_study/full200_selected_checkpoints/full_validation/P0_update_5000	/common/lidxxlab/chushu/RexGroundingCT/outputs/pbt_trainable_control_from4800/checkpoints/checkpoint_update_5000.pth	0.23653732270998964	246	0.6456692913385826	True	9d3eef9a9b19ebaa2a797126970137282e6426ebf52c8518aa651b3ee0c44420	0.1898479549783119	0.2391144332953641	0.3454248822132834	0.2686584707590018
lobe_roi_segmentation_loss_5k_cached__update_03000__1302cabe	lobe_roi_segmentation_loss_5k_cached	outputs/lobe_roi_segmentation_loss_5k_cached/full200/update_03000	/common/lidxxlab/chushu/RexGroundingCT/outputs/lobe_roi_segmentation_loss_5k_cached/checkpoints/checkpoint_update_3000.pth	0.22792583180120604	235	0.6167979002624672	True	1302cabe815d937e91a287f2b4d149f012c07f02008733d771cf730ced36ffc0	0.1841185895977789	0.2852823805867442	0.3413401261694243	0.2042642077423353
archived_experiment_records__multiply_gate_gamma1__6e27c900	archived_experiment_records	outputs/archived_experiment_records/20260728/result_folder_first_wave/historical_predictions/presence_v2_category_gating_step600/multiply_gate_gamma1	/common/lidxxlab/chushu/RexGroundingCT/outputs/presence_v2_step600_inference_model/fold_0/checkpoint_final.pth	0.21447244781418187	198	0.5196850393700787	True	6e27c90089c8c2b1afe998d98484907af69505cc05b4ccf969d210d398803b51	0.1782250556069861	0.2775962608270826	0.3440554055128671	0.1880941044905885
mome_core_stage1__F0__0d4c11f5	mome_core_stage1	outputs/mome_core_stage1/evaluations/full381/F0	/common/lidxxlab/chushu/RexGroundingCT/outputs/mome_core_stage1/evaluations/full381/F0/model/fold_0/checkpoint_final.pth	2.557181175132787e-09	0	0.0	True	0d4c11f5f639a7d67bc02e397d57d8102e34a52aa83535a18a8bd6c1ef724d56	3.8362941345800715e-10	1.9644014729755443e-10	2.3699774017180177e-10	6.306933743508781e-09
