case,val_index,finding_id,category,row,model,policy,dice,hit,gt_voxels,pred_voxels,tp,fp,fn,pp3_route_corrected
train_19753_a_2.nii.gz,0,0,1e,overall_best,exp007_cont_e050_abs_e150,raw,0.3495980981150687,True,1618,7215,1544,5671,74,False
train_19753_a_2.nii.gz,0,0,1e,overall_best,exp007_cont_e050_abs_e150,pp2_whole_lung20,0.3495980981150687,True,1618,7215,1544,5671,74,False
train_19753_a_2.nii.gz,0,0,1e,overall_best,exp007_cont_e050_abs_e150,pp3_fine20_corrected_routes,0.3495980981150687,True,1618,7215,1544,5671,74,False
train_19753_a_2.nii.gz,0,0,1e,category_best,exp012_r02_category_2d_replay50_e100,raw,0.3625050724519809,True,1618,5775,1340,4435,278,False
train_19753_a_2.nii.gz,0,0,1e,category_best,exp012_r02_category_2d_replay50_e100,pp2_whole_lung20,0.3625050724519809,True,1618,5775,1340,4435,278,False
train_19753_a_2.nii.gz,0,0,1e,category_best,exp012_r02_category_2d_replay50_e100,pp3_fine20_corrected_routes,0.3625050724519809,True,1618,5775,1340,4435,278,False
train_19753_a_2.nii.gz,0,0,1e,iso07_best,exp017_cont_e050_abs_e150,raw,0.3039643307837584,True,1618,8699,1568,7131,50,False
train_19753_a_2.nii.gz,0,0,1e,iso07_best,exp017_cont_e050_abs_e150,pp2_whole_lung20,0.3039643307837584,True,1618,8699,1568,7131,50,False
train_19753_a_2.nii.gz,0,0,1e,iso07_best,exp017_cont_e050_abs_e150,pp3_fine20_corrected_routes,0.3039643307837584,True,1618,8699,1568,7131,50,False
train_19753_a_2.nii.gz,0,1,2c,overall_best,exp007_cont_e050_abs_e150,raw,0.6429358207548287,True,40778,30943,23056,7887,17722,False
train_19753_a_2.nii.gz,0,1,2c,overall_best,exp007_cont_e050_abs_e150,pp2_whole_lung20,0.6429358207548287,True,40778,30943,23056,7887,17722,False
train_19753_a_2.nii.gz,0,1,2c,overall_best,exp007_cont_e050_abs_e150,pp3_fine20_corrected_routes,0.6429358207548287,True,40778,30943,23056,7887,17722,False
train_19753_a_2.nii.gz,0,1,2c,category_best,exp007_cont_e050_abs_e150,raw,0.6429358207548287,True,40778,30943,23056,7887,17722,False
train_19753_a_2.nii.gz,0,1,2c,category_best,exp007_cont_e050_abs_e150,pp2_whole_lung20,0.6429358207548287,True,40778,30943,23056,7887,17722,False
train_19753_a_2.nii.gz,0,1,2c,category_best,exp007_cont_e050_abs_e150,pp3_fine20_corrected_routes,0.6429358207548287,True,40778,30943,23056,7887,17722,False
train_19753_a_2.nii.gz,0,1,2c,iso07_best,exp017_cont_e050_abs_e150,raw,0.3063812481642565,True,40778,13318,8287,5031,32491,False
train_19753_a_2.nii.gz,0,1,2c,iso07_best,exp017_cont_e050_abs_e150,pp2_whole_lung20,0.3063812481642565,True,40778,13318,8287,5031,32491,False
train_19753_a_2.nii.gz,0,1,2c,iso07_best,exp017_cont_e050_abs_e150,pp3_fine20_corrected_routes,0.3063812481642565,True,40778,13318,8287,5031,32491,False
train_3029_a_1.nii.gz,1,0,1c,overall_best,exp007_cont_e050_abs_e150,raw,0.14969117116185493,True,22826,1945,1854,91,20972,True
train_3029_a_1.nii.gz,1,0,1c,overall_best,exp007_cont_e050_abs_e150,pp2_whole_lung20,0.14969117116185493,True,22826,1945,1854,91,20972,True
train_3029_a_1.nii.gz,1,0,1c,overall_best,exp007_cont_e050_abs_e150,pp3_fine20_corrected_routes,0.14969117116185493,True,22826,1945,1854,91,20972,True
train_3029_a_1.nii.gz,1,0,1c,category_best,exp017_cont_e075_abs_e175,raw,0.5074932677816564,True,22826,11338,8669,2669,14157,True
train_3029_a_1.nii.gz,1,0,1c,category_best,exp017_cont_e075_abs_e175,pp2_whole_lung20,0.5074932677816564,True,22826,11338,8669,2669,14157,True
train_3029_a_1.nii.gz,1,0,1c,category_best,exp017_cont_e075_abs_e175,pp3_fine20_corrected_routes,0.5074932677816564,True,22826,11338,8669,2669,14157,True
train_3029_a_1.nii.gz,1,0,1c,iso07_best,exp017_cont_e050_abs_e150,raw,0.5018847603810841,True,22826,10600,8388,2212,14438,True
train_3029_a_1.nii.gz,1,0,1c,iso07_best,exp017_cont_e050_abs_e150,pp2_whole_lung20,0.5018847603810841,True,22826,10600,8388,2212,14438,True
train_3029_a_1.nii.gz,1,0,1c,iso07_best,exp017_cont_e050_abs_e150,pp3_fine20_corrected_routes,0.5018847603810841,True,22826,10600,8388,2212,14438,True
train_3029_a_1.nii.gz,1,1,1c,overall_best,exp007_cont_e050_abs_e150,raw,0.03134796242137497,False,3174,21708,390,21318,2784,True
train_3029_a_1.nii.gz,1,1,1c,overall_best,exp007_cont_e050_abs_e150,pp2_whole_lung20,0.03198425394546339,False,3174,21213,390,20823,2784,True
train_3029_a_1.nii.gz,1,1,1c,overall_best,exp007_cont_e050_abs_e150,pp3_fine20_corrected_routes,0.03198425394546339,False,3174,21213,390,20823,2784,True
train_3029_a_1.nii.gz,1,1,1c,category_best,exp017_cont_e075_abs_e175,raw,0.11248710012864101,True,3174,31710,1962,29748,1212,True
train_3029_a_1.nii.gz,1,1,1c,category_best,exp017_cont_e075_abs_e175,pp2_whole_lung20,0.11248710012864101,True,3174,31710,1962,29748,1212,True
train_3029_a_1.nii.gz,1,1,1c,category_best,exp017_cont_e075_abs_e175,pp3_fine20_corrected_routes,0.11248710012864101,True,3174,31710,1962,29748,1212,True
train_3029_a_1.nii.gz,1,1,1c,iso07_best,exp017_cont_e050_abs_e150,raw,0.06187872764390865,False,3174,93402,2988,90414,186,True
train_3029_a_1.nii.gz,1,1,1c,iso07_best,exp017_cont_e050_abs_e150,pp2_whole_lung20,0.06187872764390865,False,3174,93402,2988,90414,186,True
train_3029_a_1.nii.gz,1,1,1c,iso07_best,exp017_cont_e050_abs_e150,pp3_fine20_corrected_routes,0.06187872764390865,False,3174,93402,2988,90414,186,True
train_19711_a_1.nii.gz,2,0,2c,overall_best,exp007_cont_e050_abs_e150,raw,0.47965721079654194,True,87725,33399,29049,4350,58676,False
train_19711_a_1.nii.gz,2,0,2c,overall_best,exp007_cont_e050_abs_e150,pp2_whole_lung20,0.47965721079654194,True,87725,33399,29049,4350,58676,False
train_19711_a_1.nii.gz,2,0,2c,overall_best,exp007_cont_e050_abs_e150,pp3_fine20_corrected_routes,0.47965721079654194,True,87725,33399,29049,4350,58676,False
train_19711_a_1.nii.gz,2,0,2c,category_best,exp007_cont_e050_abs_e150,raw,0.47965721079654194,True,87725,33399,29049,4350,58676,False
train_19711_a_1.nii.gz,2,0,2c,category_best,exp007_cont_e050_abs_e150,pp2_whole_lung20,0.47965721079654194,True,87725,33399,29049,4350,58676,False
train_19711_a_1.nii.gz,2,0,2c,category_best,exp007_cont_e050_abs_e150,pp3_fine20_corrected_routes,0.47965721079654194,True,87725,33399,29049,4350,58676,False
train_19711_a_1.nii.gz,2,0,2c,iso07_best,exp017_cont_e050_abs_e150,raw,0.3344862846277999,True,87725,24740,18809,5931,68916,False
train_19711_a_1.nii.gz,2,0,2c,iso07_best,exp017_cont_e050_abs_e150,pp2_whole_lung20,0.3344862846277999,True,87725,24740,18809,5931,68916,False
train_19711_a_1.nii.gz,2,0,2c,iso07_best,exp017_cont_e050_abs_e150,pp3_fine20_corrected_routes,0.3344862846277999,True,87725,24740,18809,5931,68916,False
train_2553_a_2.nii.gz,3,0,2a,overall_best,exp007_cont_e050_abs_e150,raw,0.623136291895144,True,10452,12352,7105,5247,3347,False
train_2553_a_2.nii.gz,3,0,2a,overall_best,exp007_cont_e050_abs_e150,pp2_whole_lung20,0.623136291895144,True,10452,12352,7105,5247,3347,False
train_2553_a_2.nii.gz,3,0,2a,overall_best,exp007_cont_e050_abs_e150,pp3_fine20_corrected_routes,0.623136291895144,True,10452,12352,7105,5247,3347,False
train_2553_a_2.nii.gz,3,0,2a,category_best,exp009_s3v2_e100,raw,0.6118294759096009,True,10452,17157,8446,8711,2006,False
train_2553_a_2.nii.gz,3,0,2a,category_best,exp009_s3v2_e100,pp2_whole_lung20,0.6118294759096009,True,10452,17157,8446,8711,2006,False
train_2553_a_2.nii.gz,3,0,2a,category_best,exp009_s3v2_e100,pp3_fine20_corrected_routes,0.6118294759096009,True,10452,17157,8446,8711,2006,False
train_2553_a_2.nii.gz,3,0,2a,iso07_best,exp017_cont_e050_abs_e150,raw,0.622362120960172,True,10452,12104,7019,5085,3433,False
train_2553_a_2.nii.gz,3,0,2a,iso07_best,exp017_cont_e050_abs_e150,pp2_whole_lung20,0.622362120960172,True,10452,12104,7019,5085,3433,False
train_2553_a_2.nii.gz,3,0,2a,iso07_best,exp017_cont_e050_abs_e150,pp3_fine20_corrected_routes,0.622362120960172,True,10452,12104,7019,5085,3433,False
train_18411_a_2.nii.gz,4,0,2d,overall_best,exp007_cont_e050_abs_e150,raw,0.8314606746307285,True,161,195,148,47,13,False
train_18411_a_2.nii.gz,4,0,2d,overall_best,exp007_cont_e050_abs_e150,pp2_whole_lung20,0.8314606746307285,True,161,195,148,47,13,False
train_18411_a_2.nii.gz,4,0,2d,overall_best,exp007_cont_e050_abs_e150,pp3_fine20_corrected_routes,0.8314606746307285,True,161,195,148,47,13,False
train_18411_a_2.nii.gz,4,0,2d,category_best,exp007_cont_e050_abs_e150,raw,0.8314606746307285,True,161,195,148,47,13,False
train_18411_a_2.nii.gz,4,0,2d,category_best,exp007_cont_e050_abs_e150,pp2_whole_lung20,0.8314606746307285,True,161,195,148,47,13,False
train_18411_a_2.nii.gz,4,0,2d,category_best,exp007_cont_e050_abs_e150,pp3_fine20_corrected_routes,0.8314606746307285,True,161,195,148,47,13,False
train_18411_a_2.nii.gz,4,0,2d,iso07_best,exp017_cont_e050_abs_e150,raw,0.6515463924710384,True,161,324,158,166,3,False
train_18411_a_2.nii.gz,4,0,2d,iso07_best,exp017_cont_e050_abs_e150,pp2_whole_lung20,0.6515463924710384,True,161,324,158,166,3,False
train_18411_a_2.nii.gz,4,0,2d,iso07_best,exp017_cont_e050_abs_e150,pp3_fine20_corrected_routes,0.6515463924710384,True,161,324,158,166,3,False
train_2675_a_1.nii.gz,5,0,2a,overall_best,exp007_cont_e050_abs_e150,raw,0.6240984302876329,True,1687,3027,1471,1556,216,False
train_2675_a_1.nii.gz,5,0,2a,overall_best,exp007_cont_e050_abs_e150,pp2_whole_lung20,0.6240984302876329,True,1687,3027,1471,1556,216,False
train_2675_a_1.nii.gz,5,0,2a,overall_best,exp007_cont_e050_abs_e150,pp3_fine20_corrected_routes,0.7351324338492923,True,1687,2315,1471,844,216,False
train_2675_a_1.nii.gz,5,0,2a,category_best,exp009_s3v2_e100,raw,0.6477346629855333,True,1687,2926,1494,1432,193,False
train_2675_a_1.nii.gz,5,0,2a,category_best,exp009_s3v2_e100,pp2_whole_lung20,0.6477346629855333,True,1687,2926,1494,1432,193,False
train_2675_a_1.nii.gz,5,0,2a,category_best,exp009_s3v2_e100,pp3_fine20_corrected_routes,0.6982939939943225,True,1687,2592,1494,1098,193,False
train_2675_a_1.nii.gz,5,0,2a,iso07_best,exp017_cont_e050_abs_e150,raw,0.7031881455538418,True,1687,2767,1566,1201,121,False
train_2675_a_1.nii.gz,5,0,2a,iso07_best,exp017_cont_e050_abs_e150,pp2_whole_lung20,0.7031881455538418,True,1687,2767,1566,1201,121,False
train_2675_a_1.nii.gz,5,0,2a,iso07_best,exp017_cont_e050_abs_e150,pp3_fine20_corrected_routes,0.7031881455538418,True,1687,2767,1566,1201,121,False
train_2675_a_1.nii.gz,5,1,1c,overall_best,exp007_cont_e050_abs_e150,raw,0.013086797233631048,False,10232,141524,993,140531,9239,False
train_2675_a_1.nii.gz,5,1,1c,overall_best,exp007_cont_e050_abs_e150,pp2_whole_lung20,0.013087659648273513,False,10232,141514,993,140521,9239,False
train_2675_a_1.nii.gz,5,1,1c,overall_best,exp007_cont_e050_abs_e150,pp3_fine20_corrected_routes,0.013087659648273513,False,10232,141514,993,140521,9239,False
train_2675_a_1.nii.gz,5,1,1c,category_best,exp017_cont_e075_abs_e175,raw,0.011016937524746667,False,10232,62565,401,62164,9831,False
train_2675_a_1.nii.gz,5,1,1c,category_best,exp017_cont_e075_abs_e175,pp2_whole_lung20,0.011067564597440557,False,10232,62232,401,61831,9831,False
train_2675_a_1.nii.gz,5,1,1c,category_best,exp017_cont_e075_abs_e175,pp3_fine20_corrected_routes,0.011067564597440557,False,10232,62232,401,61831,9831,False
train_2675_a_1.nii.gz,5,1,1c,iso07_best,exp017_cont_e050_abs_e150,raw,0.012484287864659067,False,10232,153654,1023,152631,9209,False
train_2675_a_1.nii.gz,5,1,1c,iso07_best,exp017_cont_e050_abs_e150,pp2_whole_lung20,0.01268341671773085,False,10232,151081,1023,150058,9209,False
train_2675_a_1.nii.gz,5,1,1c,iso07_best,exp017_cont_e050_abs_e150,pp3_fine20_corrected_routes,0.01268341671773085,False,10232,151081,1023,150058,9209,False
train_3011_a_2.nii.gz,6,0,2a,overall_best,exp007_cont_e050_abs_e150,raw,0.18772595563700223,True,87067,24404,10463,13941,76604,False
train_3011_a_2.nii.gz,6,0,2a,overall_best,exp007_cont_e050_abs_e150,pp2_whole_lung20,0.18772595563700223,True,87067,24404,10463,13941,76604,False
train_3011_a_2.nii.gz,6,0,2a,overall_best,exp007_cont_e050_abs_e150,pp3_fine20_corrected_routes,0.18772595563700223,True,87067,24404,10463,13941,76604,False
train_3011_a_2.nii.gz,6,0,2a,category_best,exp009_s3v2_e100,raw,0.21251270591950067,True,87067,41810,13694,28116,73373,False
train_3011_a_2.nii.gz,6,0,2a,category_best,exp009_s3v2_e100,pp2_whole_lung20,0.21251270591950067,True,87067,41810,13694,28116,73373,False
train_3011_a_2.nii.gz,6,0,2a,category_best,exp009_s3v2_e100,pp3_fine20_corrected_routes,0.21251270591950067,True,87067,41810,13694,28116,73373,False
train_3011_a_2.nii.gz,6,0,2a,iso07_best,exp017_cont_e050_abs_e150,raw,0.2190467410415871,True,87067,21403,11880,9523,75187,False
train_3011_a_2.nii.gz,6,0,2a,iso07_best,exp017_cont_e050_abs_e150,pp2_whole_lung20,0.2190467410415871,True,87067,21403,11880,9523,75187,False
train_3011_a_2.nii.gz,6,0,2a,iso07_best,exp017_cont_e050_abs_e150,pp3_fine20_corrected_routes,0.2190467410415871,True,87067,21403,11880,9523,75187,False
train_3011_a_2.nii.gz,6,1,1c,overall_best,exp007_cont_e050_abs_e150,raw,0.009110547618619774,False,21022,272,97,175,20925,False
train_3011_a_2.nii.gz,6,1,1c,overall_best,exp007_cont_e050_abs_e150,pp2_whole_lung20,0.009180389976851203,False,21022,110,97,13,20925,False
train_3011_a_2.nii.gz,6,1,1c,overall_best,exp007_cont_e050_abs_e150,pp3_fine20_corrected_routes,0.009180389976851203,False,21022,110,97,13,20925,False
train_3011_a_2.nii.gz,6,1,1c,category_best,exp017_cont_e075_abs_e175,raw,0.017069052119160738,False,21022,889,187,702,20835,False
train_3011_a_2.nii.gz,6,1,1c,category_best,exp017_cont_e075_abs_e175,pp2_whole_lung20,0.017069052119160738,False,21022,889,187,702,20835,False
train_3011_a_2.nii.gz,6,1,1c,category_best,exp017_cont_e075_abs_e175,pp3_fine20_corrected_routes,0.017069052119160738,False,21022,889,187,702,20835,False
train_3011_a_2.nii.gz,6,1,1c,iso07_best,exp017_cont_e050_abs_e150,raw,0.02181516941173531,False,21022,706,237,469,20785,False
train_3011_a_2.nii.gz,6,1,1c,iso07_best,exp017_cont_e050_abs_e150,pp2_whole_lung20,0.02181516941173531,False,21022,706,237,469,20785,False
train_3011_a_2.nii.gz,6,1,1c,iso07_best,exp017_cont_e050_abs_e150,pp3_fine20_corrected_routes,0.02181516941173531,False,21022,706,237,469,20785,False
train_19891_a_2.nii.gz,7,0,2g,overall_best,exp007_cont_e050_abs_e150,raw,0.04831350237913407,False,3249700,106753,81081,25672,3168619,False
train_19891_a_2.nii.gz,7,0,2g,overall_best,exp007_cont_e050_abs_e150,pp2_whole_lung20,0.04831350237913407,False,3249700,106753,81081,25672,3168619,False
train_19891_a_2.nii.gz,7,0,2g,overall_best,exp007_cont_e050_abs_e150,pp3_fine20_corrected_routes,0.04831350237913407,False,3249700,106753,81081,25672,3168619,False
train_19891_a_2.nii.gz,7,0,2g,category_best,exp007_ddp_e025,raw,0.12514054786087703,True,3249700,300692,222149,78543,3027551,False
train_19891_a_2.nii.gz,7,0,2g,category_best,exp007_ddp_e025,pp2_whole_lung20,0.12514054786087703,True,3249700,300692,222149,78543,3027551,False
train_19891_a_2.nii.gz,7,0,2g,category_best,exp007_ddp_e025,pp3_fine20_corrected_routes,0.12514054786087703,True,3249700,300692,222149,78543,3027551,False
train_19891_a_2.nii.gz,7,0,2g,iso07_best,exp017_cont_e050_abs_e150,raw,0.03990767895490418,False,3249700,79985,66440,13545,3183260,False
train_19891_a_2.nii.gz,7,0,2g,iso07_best,exp017_cont_e050_abs_e150,pp2_whole_lung20,0.03990767895490418,False,3249700,79985,66440,13545,3183260,False
train_19891_a_2.nii.gz,7,0,2g,iso07_best,exp017_cont_e050_abs_e150,pp3_fine20_corrected_routes,0.03990767895490418,False,3249700,79985,66440,13545,3183260,False
train_19891_a_2.nii.gz,7,1,2e,overall_best,exp007_cont_e050_abs_e150,raw,0.47911342172112387,True,2695756,921567,866554,55013,1829202,False
train_19891_a_2.nii.gz,7,1,2e,overall_best,exp007_cont_e050_abs_e150,pp2_whole_lung20,0.47911342172112387,True,2695756,921567,866554,55013,1829202,False
train_19891_a_2.nii.gz,7,1,2e,overall_best,exp007_cont_e050_abs_e150,pp3_fine20_corrected_routes,0.47911342172112387,True,2695756,921567,866554,55013,1829202,False
train_19891_a_2.nii.gz,7,1,2e,category_best,exp007_cont_e100_abs_e200,raw,0.6031415554971833,True,2695756,1207215,1177022,30193,1518734,False
train_19891_a_2.nii.gz,7,1,2e,category_best,exp007_cont_e100_abs_e200,pp2_whole_lung20,0.6031415554971833,True,2695756,1207215,1177022,30193,1518734,False
train_19891_a_2.nii.gz,7,1,2e,category_best,exp007_cont_e100_abs_e200,pp3_fine20_corrected_routes,0.6031415554971833,True,2695756,1207215,1177022,30193,1518734,False
train_19891_a_2.nii.gz,7,1,2e,iso07_best,exp017_cont_e050_abs_e150,raw,0.39336902838615634,True,2695756,669603,661914,7689,2033842,False
train_19891_a_2.nii.gz,7,1,2e,iso07_best,exp017_cont_e050_abs_e150,pp2_whole_lung20,0.39336902838615634,True,2695756,669603,661914,7689,2033842,False
train_19891_a_2.nii.gz,7,1,2e,iso07_best,exp017_cont_e050_abs_e150,pp3_fine20_corrected_routes,0.39336902838615634,True,2695756,669603,661914,7689,2033842,False
train_13481_a_2.nii.gz,8,0,2b,overall_best,exp007_cont_e050_abs_e150,raw,0.4825486349532843,True,123773,218779,82649,136130,41124,False
train_13481_a_2.nii.gz,8,0,2b,overall_best,exp007_cont_e050_abs_e150,pp2_whole_lung20,0.5467668257716294,True,123773,178546,82649,95897,41124,False
train_13481_a_2.nii.gz,8,0,2b,overall_best,exp007_cont_e050_abs_e150,pp3_fine20_corrected_routes,0.4825486349532843,True,123773,218779,82649,136130,41124,False
train_13481_a_2.nii.gz,8,0,2b,category_best,exp013_category_2all_focal_target100_e100,raw,0.6119223844781475,True,123773,186165,94829,91336,28944,False
train_13481_a_2.nii.gz,8,0,2b,category_best,exp013_category_2all_focal_target100_e100,pp2_whole_lung20,0.6303862261529269,True,123773,177087,94829,82258,28944,False
train_13481_a_2.nii.gz,8,0,2b,category_best,exp013_category_2all_focal_target100_e100,pp3_fine20_corrected_routes,0.6119223844781475,True,123773,186165,94829,91336,28944,False
train_13481_a_2.nii.gz,8,0,2b,iso07_best,exp017_cont_e050_abs_e150,raw,0.5678332280498302,True,123773,113677,67416,46261,56357,False
train_13481_a_2.nii.gz,8,0,2b,iso07_best,exp017_cont_e050_abs_e150,pp2_whole_lung20,0.5746628705884436,True,123773,110855,67416,43439,56357,False
train_13481_a_2.nii.gz,8,0,2b,iso07_best,exp017_cont_e050_abs_e150,pp3_fine20_corrected_routes,0.5678332280498302,True,123773,113677,67416,46261,56357,False
train_13481_a_2.nii.gz,8,1,2b,overall_best,exp007_cont_e050_abs_e150,raw,0.737541657704035,True,532462,750614,473161,277453,59301,False
train_13481_a_2.nii.gz,8,1,2b,overall_best,exp007_cont_e050_abs_e150,pp2_whole_lung20,0.737541657704035,True,532462,750614,473161,277453,59301,False
train_13481_a_2.nii.gz,8,1,2b,overall_best,exp007_cont_e050_abs_e150,pp3_fine20_corrected_routes,0.737541657704035,True,532462,750614,473161,277453,59301,False
train_13481_a_2.nii.gz,8,1,2b,category_best,exp013_category_2all_focal_target100_e100,raw,0.778219571812054,True,532462,723528,488718,234810,43744,False
train_13481_a_2.nii.gz,8,1,2b,category_best,exp013_category_2all_focal_target100_e100,pp2_whole_lung20,0.778219571812054,True,532462,723528,488718,234810,43744,False
train_13481_a_2.nii.gz,8,1,2b,category_best,exp013_category_2all_focal_target100_e100,pp3_fine20_corrected_routes,0.778219571812054,True,532462,723528,488718,234810,43744,False
train_13481_a_2.nii.gz,8,1,2b,iso07_best,exp017_cont_e050_abs_e150,raw,0.7563018950339431,True,532462,648889,446729,202160,85733,False
train_13481_a_2.nii.gz,8,1,2b,iso07_best,exp017_cont_e050_abs_e150,pp2_whole_lung20,0.7563018950339431,True,532462,648889,446729,202160,85733,False
train_13481_a_2.nii.gz,8,1,2b,iso07_best,exp017_cont_e050_abs_e150,pp3_fine20_corrected_routes,0.7563018950339431,True,532462,648889,446729,202160,85733,False
train_13481_a_2.nii.gz,8,2,2c,overall_best,exp007_cont_e050_abs_e150,raw,2.662024096635036e-12,False,36225,339429,0,339429,36225,False
train_13481_a_2.nii.gz,8,2,2c,overall_best,exp007_cont_e050_abs_e150,pp2_whole_lung20,2.662024096635036e-12,False,36225,339429,0,339429,36225,False
train_13481_a_2.nii.gz,8,2,2c,overall_best,exp007_cont_e050_abs_e150,pp3_fine20_corrected_routes,2.662024096635036e-12,False,36225,339429,0,339429,36225,False
train_13481_a_2.nii.gz,8,2,2c,category_best,exp007_cont_e050_abs_e150,raw,2.662024096635036e-12,False,36225,339429,0,339429,36225,False
train_13481_a_2.nii.gz,8,2,2c,category_best,exp007_cont_e050_abs_e150,pp2_whole_lung20,2.662024096635036e-12,False,36225,339429,0,339429,36225,False
train_13481_a_2.nii.gz,8,2,2c,category_best,exp007_cont_e050_abs_e150,pp3_fine20_corrected_routes,2.662024096635036e-12,False,36225,339429,0,339429,36225,False
train_13481_a_2.nii.gz,8,2,2c,iso07_best,exp017_cont_e050_abs_e150,raw,1.3164130377373965e-11,False,36225,39739,0,39739,36225,False
train_13481_a_2.nii.gz,8,2,2c,iso07_best,exp017_cont_e050_abs_e150,pp2_whole_lung20,1.3164130377373965e-11,False,36225,39739,0,39739,36225,False
train_13481_a_2.nii.gz,8,2,2c,iso07_best,exp017_cont_e050_abs_e150,pp3_fine20_corrected_routes,1.3164130377373965e-11,False,36225,39739,0,39739,36225,False
train_2458_a_2.nii.gz,9,0,2d,overall_best,exp007_cont_e050_abs_e150,raw,0.10326499654393888,True,186,2448,136,2312,50,False
train_2458_a_2.nii.gz,9,0,2d,overall_best,exp007_cont_e050_abs_e150,pp2_whole_lung20,0.10326499654393888,True,186,2448,136,2312,50,False
train_2458_a_2.nii.gz,9,0,2d,overall_best,exp007_cont_e050_abs_e150,pp3_fine20_corrected_routes,0.10326499654393888,True,186,2448,136,2312,50,False
train_2458_a_2.nii.gz,9,0,2d,category_best,exp007_cont_e050_abs_e150,raw,0.10326499654393888,True,186,2448,136,2312,50,False
train_2458_a_2.nii.gz,9,0,2d,category_best,exp007_cont_e050_abs_e150,pp2_whole_lung20,0.10326499654393888,True,186,2448,136,2312,50,False
train_2458_a_2.nii.gz,9,0,2d,category_best,exp007_cont_e050_abs_e150,pp3_fine20_corrected_routes,0.10326499654393888,True,186,2448,136,2312,50,False
train_2458_a_2.nii.gz,9,0,2d,iso07_best,exp017_cont_e050_abs_e150,raw,0.08724628927984057,False,186,3115,144,2971,42,False
train_2458_a_2.nii.gz,9,0,2d,iso07_best,exp017_cont_e050_abs_e150,pp2_whole_lung20,0.09927611199611303,False,186,2715,144,2571,42,False
train_2458_a_2.nii.gz,9,0,2d,iso07_best,exp017_cont_e050_abs_e150,pp3_fine20_corrected_routes,0.09927611199611303,False,186,2715,144,2571,42,False
train_13256_b_2.nii.gz,10,0,2c,overall_best,exp007_cont_e050_abs_e150,raw,0.47077163610742406,True,909351,405673,309538,96135,599813,False
train_13256_b_2.nii.gz,10,0,2c,overall_best,exp007_cont_e050_abs_e150,pp2_whole_lung20,0.47246204931816416,True,909351,400968,309538,91430,599813,False
train_13256_b_2.nii.gz,10,0,2c,overall_best,exp007_cont_e050_abs_e150,pp3_fine20_corrected_routes,0.47246204931816416,True,909351,400968,309538,91430,599813,False
train_13256_b_2.nii.gz,10,0,2c,category_best,exp007_cont_e050_abs_e150,raw,0.47077163610742406,True,909351,405673,309538,96135,599813,False
train_13256_b_2.nii.gz,10,0,2c,category_best,exp007_cont_e050_abs_e150,pp2_whole_lung20,0.47246204931816416,True,909351,400968,309538,91430,599813,False
train_13256_b_2.nii.gz,10,0,2c,category_best,exp007_cont_e050_abs_e150,pp3_fine20_corrected_routes,0.47246204931816416,True,909351,400968,309538,91430,599813,False
train_13256_b_2.nii.gz,10,0,2c,iso07_best,exp017_cont_e050_abs_e150,raw,0.42332426464372913,True,909351,370878,270976,99902,638375,False
train_13256_b_2.nii.gz,10,0,2c,iso07_best,exp017_cont_e050_abs_e150,pp2_whole_lung20,0.42359425767955805,True,909351,370062,270976,99086,638375,False
train_13256_b_2.nii.gz,10,0,2c,iso07_best,exp017_cont_e050_abs_e150,pp3_fine20_corrected_routes,0.42359425767955805,True,909351,370062,270976,99086,638375,False
train_13256_b_2.nii.gz,10,1,2b,overall_best,exp007_cont_e050_abs_e150,raw,0.021774063514977873,False,7615,172232,1958,170274,5657,False
train_13256_b_2.nii.gz,10,1,2b,overall_best,exp007_cont_e050_abs_e150,pp2_whole_lung20,0.021774063514977873,False,7615,172232,1958,170274,5657,False
train_13256_b_2.nii.gz,10,1,2b,overall_best,exp007_cont_e050_abs_e150,pp3_fine20_corrected_routes,0.021774063514977873,False,7615,172232,1958,170274,5657,False
train_13256_b_2.nii.gz,10,1,2b,category_best,exp013_category_2all_focal_target100_e100,raw,0.056512749838915945,False,7615,76543,2378,74165,5237,False
train_13256_b_2.nii.gz,10,1,2b,category_best,exp013_category_2all_focal_target100_e100,pp2_whole_lung20,0.07755148630982192,False,7615,53712,2378,51334,5237,False
train_13256_b_2.nii.gz,10,1,2b,category_best,exp013_category_2all_focal_target100_e100,pp3_fine20_corrected_routes,0.07755148630982192,False,7615,53712,2378,51334,5237,False
train_13256_b_2.nii.gz,10,1,2b,iso07_best,exp017_cont_e050_abs_e150,raw,0.01223282255718403,False,7615,22468,184,22284,7431,False
train_13256_b_2.nii.gz,10,1,2b,iso07_best,exp017_cont_e050_abs_e150,pp2_whole_lung20,0.013812776855573425,False,7615,19027,184,18843,7431,False
train_13256_b_2.nii.gz,10,1,2b,iso07_best,exp017_cont_e050_abs_e150,pp3_fine20_corrected_routes,0.013812776855573425,False,7615,19027,184,18843,7431,False
train_19456_b_1.nii.gz,11,0,2d,overall_best,exp007_cont_e050_abs_e150,raw,0.6591549305375918,True,196,159,117,42,79,False
train_19456_b_1.nii.gz,11,0,2d,overall_best,exp007_cont_e050_abs_e150,pp2_whole_lung20,0.6591549305375918,True,196,159,117,42,79,False
train_19456_b_1.nii.gz,11,0,2d,overall_best,exp007_cont_e050_abs_e150,pp3_fine20_corrected_routes,0.6591549305375918,True,196,159,117,42,79,False
train_19456_b_1.nii.gz,11,0,2d,category_best,exp007_cont_e050_abs_e150,raw,0.6591549305375918,True,196,159,117,42,79,False
train_19456_b_1.nii.gz,11,0,2d,category_best,exp007_cont_e050_abs_e150,pp2_whole_lung20,0.6591549305375918,True,196,159,117,42,79,False
train_19456_b_1.nii.gz,11,0,2d,category_best,exp007_cont_e050_abs_e150,pp3_fine20_corrected_routes,0.6591549305375918,True,196,159,117,42,79,False
train_19456_b_1.nii.gz,11,0,2d,iso07_best,exp017_cont_e050_abs_e150,raw,0.5770925119447301,True,196,258,131,127,65,False
train_19456_b_1.nii.gz,11,0,2d,iso07_best,exp017_cont_e050_abs_e150,pp2_whole_lung20,0.5874439471133543,True,196,250,131,119,65,False
train_19456_b_1.nii.gz,11,0,2d,iso07_best,exp017_cont_e050_abs_e150,pp3_fine20_corrected_routes,0.5874439471133543,True,196,250,131,119,65,False
train_19348_a_2.nii.gz,12,0,2c,overall_best,exp007_cont_e050_abs_e150,raw,0.029098914456896403,False,11749,363454,5459,357995,6290,False
train_19348_a_2.nii.gz,12,0,2c,overall_best,exp007_cont_e050_abs_e150,pp2_whole_lung20,0.040574992013436145,False,11749,257333,5459,251874,6290,False
train_19348_a_2.nii.gz,12,0,2c,overall_best,exp007_cont_e050_abs_e150,pp3_fine20_corrected_routes,0.040574992013436145,False,11749,257333,5459,251874,6290,False
train_19348_a_2.nii.gz,12,0,2c,category_best,exp007_cont_e050_abs_e150,raw,0.029098914456896403,False,11749,363454,5459,357995,6290,False
train_19348_a_2.nii.gz,12,0,2c,category_best,exp007_cont_e050_abs_e150,pp2_whole_lung20,0.040574992013436145,False,11749,257333,5459,251874,6290,False
train_19348_a_2.nii.gz,12,0,2c,category_best,exp007_cont_e050_abs_e150,pp3_fine20_corrected_routes,0.040574992013436145,False,11749,257333,5459,251874,6290,False
train_19348_a_2.nii.gz,12,0,2c,iso07_best,exp017_cont_e050_abs_e150,raw,0.022844704132387365,False,11749,424676,4985,419691,6764,False
train_19348_a_2.nii.gz,12,0,2c,iso07_best,exp017_cont_e050_abs_e150,pp2_whole_lung20,0.02642648692319242,False,11749,365524,4985,360539,6764,False
train_19348_a_2.nii.gz,12,0,2c,iso07_best,exp017_cont_e050_abs_e150,pp3_fine20_corrected_routes,0.02642648692319242,False,11749,365524,4985,360539,6764,False
train_19348_a_2.nii.gz,12,1,2b,overall_best,exp007_cont_e050_abs_e150,raw,0.7460791613045065,True,156171,175582,123757,51825,32414,False
train_19348_a_2.nii.gz,12,1,2b,overall_best,exp007_cont_e050_abs_e150,pp2_whole_lung20,0.746146634391507,True,156171,175552,123757,51795,32414,False
train_19348_a_2.nii.gz,12,1,2b,overall_best,exp007_cont_e050_abs_e150,pp3_fine20_corrected_routes,0.746146634391507,True,156171,175552,123757,51795,32414,False
train_19348_a_2.nii.gz,12,1,2b,category_best,exp013_category_2all_focal_target100_e100,raw,0.640223365586808,True,156171,128564,91147,37417,65024,False
train_19348_a_2.nii.gz,12,1,2b,category_best,exp013_category_2all_focal_target100_e100,pp2_whole_lung20,0.6597397145268402,True,156171,120141,91147,28994,65024,False
train_19348_a_2.nii.gz,12,1,2b,category_best,exp013_category_2all_focal_target100_e100,pp3_fine20_corrected_routes,0.6597397145268402,True,156171,120141,91147,28994,65024,False
train_19348_a_2.nii.gz,12,1,2b,iso07_best,exp017_cont_e050_abs_e150,raw,0.678430198868821,True,156171,157907,106540,51367,49631,False
train_19348_a_2.nii.gz,12,1,2b,iso07_best,exp017_cont_e050_abs_e150,pp2_whole_lung20,0.6784647617359678,True,156171,157891,106540,51351,49631,False
train_19348_a_2.nii.gz,12,1,2b,iso07_best,exp017_cont_e050_abs_e150,pp3_fine20_corrected_routes,0.6784647617359678,True,156171,157891,106540,51351,49631,False
train_13020_a_2.nii.gz,13,0,2d,overall_best,exp007_cont_e050_abs_e150,raw,0.6872110941514068,True,1024,923,669,254,355,False
train_13020_a_2.nii.gz,13,0,2d,overall_best,exp007_cont_e050_abs_e150,pp2_whole_lung20,0.6872110941514068,True,1024,923,669,254,355,False
train_13020_a_2.nii.gz,13,0,2d,overall_best,exp007_cont_e050_abs_e150,pp3_fine20_corrected_routes,0.6872110941514068,True,1024,923,669,254,355,False
train_13020_a_2.nii.gz,13,0,2d,category_best,exp007_cont_e050_abs_e150,raw,0.6872110941514068,True,1024,923,669,254,355,False
train_13020_a_2.nii.gz,13,0,2d,category_best,exp007_cont_e050_abs_e150,pp2_whole_lung20,0.6872110941514068,True,1024,923,669,254,355,False
train_13020_a_2.nii.gz,13,0,2d,category_best,exp007_cont_e050_abs_e150,pp3_fine20_corrected_routes,0.6872110941514068,True,1024,923,669,254,355,False
train_13020_a_2.nii.gz,13,0,2d,iso07_best,exp017_cont_e050_abs_e150,raw,0.7669902913878154,True,1024,830,711,119,313,False
train_13020_a_2.nii.gz,13,0,2d,iso07_best,exp017_cont_e050_abs_e150,pp2_whole_lung20,0.7669902913878154,True,1024,830,711,119,313,False
train_13020_a_2.nii.gz,13,0,2d,iso07_best,exp017_cont_e050_abs_e150,pp3_fine20_corrected_routes,0.7669902913878154,True,1024,830,711,119,313,False
train_13020_a_2.nii.gz,13,1,1e,overall_best,exp007_cont_e050_abs_e150,raw,0.462121212800352,True,255,537,183,354,72,False
train_13020_a_2.nii.gz,13,1,1e,overall_best,exp007_cont_e050_abs_e150,pp2_whole_lung20,0.462121212800352,True,255,537,183,354,72,False
train_13020_a_2.nii.gz,13,1,1e,overall_best,exp007_cont_e050_abs_e150,pp3_fine20_corrected_routes,0.462121212800352,True,255,537,183,354,72,False
train_13020_a_2.nii.gz,13,1,1e,category_best,exp012_r02_category_2d_replay50_e100,raw,0.43742690124277556,True,255,600,187,413,68,False
train_13020_a_2.nii.gz,13,1,1e,category_best,exp012_r02_category_2d_replay50_e100,pp2_whole_lung20,0.43742690124277556,True,255,600,187,413,68,False
train_13020_a_2.nii.gz,13,1,1e,category_best,exp012_r02_category_2d_replay50_e100,pp3_fine20_corrected_routes,0.43742690124277556,True,255,600,187,413,68,False
train_13020_a_2.nii.gz,13,1,1e,iso07_best,exp017_cont_e050_abs_e150,raw,0.44859813157730555,True,255,494,168,326,87,False
train_13020_a_2.nii.gz,13,1,1e,iso07_best,exp017_cont_e050_abs_e150,pp2_whole_lung20,0.4862518097159887,True,255,436,168,268,87,False
train_13020_a_2.nii.gz,13,1,1e,iso07_best,exp017_cont_e050_abs_e150,pp3_fine20_corrected_routes,0.44859813157730555,True,255,494,168,326,87,False
train_2560_b_2.nii.gz,14,0,2d,overall_best,exp007_cont_e050_abs_e150,raw,0.45254219075002233,True,4904,4399,2105,2294,2799,False
train_2560_b_2.nii.gz,14,0,2d,overall_best,exp007_cont_e050_abs_e150,pp2_whole_lung20,0.45254219075002233,True,4904,4399,2105,2294,2799,False
train_2560_b_2.nii.gz,14,0,2d,overall_best,exp007_cont_e050_abs_e150,pp3_fine20_corrected_routes,0.45254219075002233,True,4904,4399,2105,2294,2799,False
train_2560_b_2.nii.gz,14,0,2d,category_best,exp007_cont_e050_abs_e150,raw,0.45254219075002233,True,4904,4399,2105,2294,2799,False
train_2560_b_2.nii.gz,14,0,2d,category_best,exp007_cont_e050_abs_e150,pp2_whole_lung20,0.45254219075002233,True,4904,4399,2105,2294,2799,False
train_2560_b_2.nii.gz,14,0,2d,category_best,exp007_cont_e050_abs_e150,pp3_fine20_corrected_routes,0.45254219075002233,True,4904,4399,2105,2294,2799,False
train_2560_b_2.nii.gz,14,0,2d,iso07_best,exp017_cont_e050_abs_e150,raw,0.4087823198889524,True,4904,2019,1415,604,3489,False
train_2560_b_2.nii.gz,14,0,2d,iso07_best,exp017_cont_e050_abs_e150,pp2_whole_lung20,0.4087823198889524,True,4904,2019,1415,604,3489,False
train_2560_b_2.nii.gz,14,0,2d,iso07_best,exp017_cont_e050_abs_e150,pp3_fine20_corrected_routes,0.4087823198889524,True,4904,2019,1415,604,3489,False
train_19038_a_2.nii.gz,15,0,2a,overall_best,exp007_cont_e050_abs_e150,raw,0.4612287400582278,True,10024,4381,3322,1059,6702,False
train_19038_a_2.nii.gz,15,0,2a,overall_best,exp007_cont_e050_abs_e150,pp2_whole_lung20,0.4612287400582278,True,10024,4381,3322,1059,6702,False
train_19038_a_2.nii.gz,15,0,2a,overall_best,exp007_cont_e050_abs_e150,pp3_fine20_corrected_routes,0.4612287400582278,True,10024,4381,3322,1059,6702,False
train_19038_a_2.nii.gz,15,0,2a,category_best,exp009_s3v2_e100,raw,0.6241506015188931,True,10024,9843,6200,3643,3824,False
train_19038_a_2.nii.gz,15,0,2a,category_best,exp009_s3v2_e100,pp2_whole_lung20,0.6241506015188931,True,10024,9843,6200,3643,3824,False
train_19038_a_2.nii.gz,15,0,2a,category_best,exp009_s3v2_e100,pp3_fine20_corrected_routes,0.6241506015188931,True,10024,9843,6200,3643,3824,False
train_19038_a_2.nii.gz,15,0,2a,iso07_best,exp017_cont_e050_abs_e150,raw,0.42570988337913934,True,10024,3605,2901,704,7123,False
train_19038_a_2.nii.gz,15,0,2a,iso07_best,exp017_cont_e050_abs_e150,pp2_whole_lung20,0.42570988337913934,True,10024,3605,2901,704,7123,False
train_19038_a_2.nii.gz,15,0,2a,iso07_best,exp017_cont_e050_abs_e150,pp3_fine20_corrected_routes,0.42570988337913934,True,10024,3605,2901,704,7123,False
train_18729_a_1.nii.gz,16,0,2d,overall_best,exp007_cont_e050_abs_e150,raw,0.6605839422252118,True,270,278,181,97,89,False
train_18729_a_1.nii.gz,16,0,2d,overall_best,exp007_cont_e050_abs_e150,pp2_whole_lung20,0.6605839422252118,True,270,278,181,97,89,False
train_18729_a_1.nii.gz,16,0,2d,overall_best,exp007_cont_e050_abs_e150,pp3_fine20_corrected_routes,0.6605839422252118,True,270,278,181,97,89,False
train_18729_a_1.nii.gz,16,0,2d,category_best,exp007_cont_e050_abs_e150,raw,0.6605839422252118,True,270,278,181,97,89,False
train_18729_a_1.nii.gz,16,0,2d,category_best,exp007_cont_e050_abs_e150,pp2_whole_lung20,0.6605839422252118,True,270,278,181,97,89,False
train_18729_a_1.nii.gz,16,0,2d,category_best,exp007_cont_e050_abs_e150,pp3_fine20_corrected_routes,0.6605839422252118,True,270,278,181,97,89,False
train_18729_a_1.nii.gz,16,0,2d,iso07_best,exp017_cont_e050_abs_e150,raw,0.6041189940409176,True,270,167,132,35,138,False
train_18729_a_1.nii.gz,16,0,2d,iso07_best,exp017_cont_e050_abs_e150,pp2_whole_lung20,0.6041189940409176,True,270,167,132,35,138,False
train_18729_a_1.nii.gz,16,0,2d,iso07_best,exp017_cont_e050_abs_e150,pp3_fine20_corrected_routes,0.6041189940409176,True,270,167,132,35,138,False
train_13288_a_2.nii.gz,17,0,2a,overall_best,exp007_cont_e050_abs_e150,raw,0.6602261048403986,True,13261,20794,11242,9552,2019,False
train_13288_a_2.nii.gz,17,0,2a,overall_best,exp007_cont_e050_abs_e150,pp2_whole_lung20,0.6694256706562234,True,13261,20326,11242,9084,2019,False
train_13288_a_2.nii.gz,17,0,2a,overall_best,exp007_cont_e050_abs_e150,pp3_fine20_corrected_routes,0.6701239866574236,True,13261,20291,11242,9049,2019,False
train_13288_a_2.nii.gz,17,0,2a,category_best,exp009_s3v2_e100,raw,0.6647008465815435,True,13261,18278,10482,7796,2779,False
train_13288_a_2.nii.gz,17,0,2a,category_best,exp009_s3v2_e100,pp2_whole_lung20,0.667834729710177,True,13261,18130,10482,7648,2779,False
train_13288_a_2.nii.gz,17,0,2a,category_best,exp009_s3v2_e100,pp3_fine20_corrected_routes,0.667834729710177,True,13261,18130,10482,7648,2779,False
train_13288_a_2.nii.gz,17,0,2a,iso07_best,exp017_cont_e050_abs_e150,raw,0.6604762807257761,True,13261,18401,10456,7945,2805,False
train_13288_a_2.nii.gz,17,0,2a,iso07_best,exp017_cont_e050_abs_e150,pp2_whole_lung20,0.6604762807257761,True,13261,18401,10456,7945,2805,False
train_13288_a_2.nii.gz,17,0,2a,iso07_best,exp017_cont_e050_abs_e150,pp3_fine20_corrected_routes,0.6604762807257761,True,13261,18401,10456,7945,2805,False
train_13431_a_1.nii.gz,18,0,2c,overall_best,exp007_cont_e050_abs_e150,raw,0.6284717736966495,True,4870,10612,4865,5747,5,False
train_13431_a_1.nii.gz,18,0,2c,overall_best,exp007_cont_e050_abs_e150,pp2_whole_lung20,0.6284717736966495,True,4870,10612,4865,5747,5,False
train_13431_a_1.nii.gz,18,0,2c,overall_best,exp007_cont_e050_abs_e150,pp3_fine20_corrected_routes,0.6284717736966495,True,4870,10612,4865,5747,5,False
train_13431_a_1.nii.gz,18,0,2c,category_best,exp007_cont_e050_abs_e150,raw,0.6284717736966495,True,4870,10612,4865,5747,5,False
train_13431_a_1.nii.gz,18,0,2c,category_best,exp007_cont_e050_abs_e150,pp2_whole_lung20,0.6284717736966495,True,4870,10612,4865,5747,5,False
train_13431_a_1.nii.gz,18,0,2c,category_best,exp007_cont_e050_abs_e150,pp3_fine20_corrected_routes,0.6284717736966495,True,4870,10612,4865,5747,5,False
train_13431_a_1.nii.gz,18,0,2c,iso07_best,exp017_cont_e050_abs_e150,raw,0.7077012835685749,True,4870,8842,4852,3990,18,False
train_13431_a_1.nii.gz,18,0,2c,iso07_best,exp017_cont_e050_abs_e150,pp2_whole_lung20,0.7077012835685749,True,4870,8842,4852,3990,18,False
train_13431_a_1.nii.gz,18,0,2c,iso07_best,exp017_cont_e050_abs_e150,pp3_fine20_corrected_routes,0.7077012835685749,True,4870,8842,4852,3990,18,False
train_13102_a_1.nii.gz,19,0,2a,overall_best,exp007_cont_e050_abs_e150,raw,0.07547939621198085,False,856,18752,740,18012,116,False
train_13102_a_1.nii.gz,19,0,2a,overall_best,exp007_cont_e050_abs_e150,pp2_whole_lung20,0.07554489311032898,False,856,18735,740,17995,116,False
train_13102_a_1.nii.gz,19,0,2a,overall_best,exp007_cont_e050_abs_e150,pp3_fine20_corrected_routes,0.07554489311032898,False,856,18735,740,17995,116,False
train_13102_a_1.nii.gz,19,0,2a,category_best,exp009_s3v2_e100,raw,0.061251015472735544,False,856,23764,754,23010,102,False
train_13102_a_1.nii.gz,19,0,2a,category_best,exp009_s3v2_e100,pp2_whole_lung20,0.061251015472735544,False,856,23764,754,23010,102,False
train_13102_a_1.nii.gz,19,0,2a,category_best,exp009_s3v2_e100,pp3_fine20_corrected_routes,0.061251015472735544,False,856,23764,754,23010,102,False
train_13102_a_1.nii.gz,19,0,2a,iso07_best,exp017_cont_e050_abs_e150,raw,0.1060280270552363,True,856,12631,715,11916,141,False
train_13102_a_1.nii.gz,19,0,2a,iso07_best,exp017_cont_e050_abs_e150,pp2_whole_lung20,0.1060280270552363,True,856,12631,715,11916,141,False
train_13102_a_1.nii.gz,19,0,2a,iso07_best,exp017_cont_e050_abs_e150,pp3_fine20_corrected_routes,0.1060280270552363,True,856,12631,715,11916,141,False
train_13102_a_1.nii.gz,19,1,2h,overall_best,exp007_cont_e050_abs_e150,raw,0.48394675029679973,True,1899,3209,1236,1973,663,False
train_13102_a_1.nii.gz,19,1,2h,overall_best,exp007_cont_e050_abs_e150,pp2_whole_lung20,0.6600801068998451,True,1899,1846,1236,610,663,False
train_13102_a_1.nii.gz,19,1,2h,overall_best,exp007_cont_e050_abs_e150,pp3_fine20_corrected_routes,0.6600801068998451,True,1899,1846,1236,610,663,False
train_13102_a_1.nii.gz,19,1,2h,category_best,exp017_cont_e075_abs_e175,raw,0.8081692195944153,True,1899,2214,1662,552,237,False
train_13102_a_1.nii.gz,19,1,2h,category_best,exp017_cont_e075_abs_e175,pp2_whole_lung20,0.8107317073632361,True,1899,2201,1662,539,237,False
train_13102_a_1.nii.gz,19,1,2h,category_best,exp017_cont_e075_abs_e175,pp3_fine20_corrected_routes,0.8107317073632361,True,1899,2201,1662,539,237,False
train_13102_a_1.nii.gz,19,1,2h,iso07_best,exp017_cont_e050_abs_e150,raw,0.8488877525316063,True,1899,2012,1660,352,239,False
train_13102_a_1.nii.gz,19,1,2h,iso07_best,exp017_cont_e050_abs_e150,pp2_whole_lung20,0.8587687532698477,True,1899,1967,1660,307,239,False
train_13102_a_1.nii.gz,19,1,2h,iso07_best,exp017_cont_e050_abs_e150,pp3_fine20_corrected_routes,0.8587687532698477,True,1899,1967,1660,307,239,False
train_18455_a_2.nii.gz,20,0,2a,overall_best,exp007_cont_e050_abs_e150,raw,0.08073041811241084,False,5033,15777,840,14937,4193,False
train_18455_a_2.nii.gz,20,0,2a,overall_best,exp007_cont_e050_abs_e150,pp2_whole_lung20,0.08073041811241084,False,5033,15777,840,14937,4193,False
train_18455_a_2.nii.gz,20,0,2a,overall_best,exp007_cont_e050_abs_e150,pp3_fine20_corrected_routes,0.08073041811241084,False,5033,15777,840,14937,4193,False
train_18455_a_2.nii.gz,20,0,2a,category_best,exp009_s3v2_e100,raw,0.1334801983110459,True,5033,14940,1333,13607,3700,False
train_18455_a_2.nii.gz,20,0,2a,category_best,exp009_s3v2_e100,pp2_whole_lung20,0.1334801983110459,True,5033,14940,1333,13607,3700,False
train_18455_a_2.nii.gz,20,0,2a,category_best,exp009_s3v2_e100,pp3_fine20_corrected_routes,0.1334801983110459,True,5033,14940,1333,13607,3700,False
train_18455_a_2.nii.gz,20,0,2a,iso07_best,exp017_cont_e050_abs_e150,raw,0.09480296980543339,False,5033,7224,581,6643,4452,False
train_18455_a_2.nii.gz,20,0,2a,iso07_best,exp017_cont_e050_abs_e150,pp2_whole_lung20,0.09480296980543339,False,5033,7224,581,6643,4452,False
train_18455_a_2.nii.gz,20,0,2a,iso07_best,exp017_cont_e050_abs_e150,pp3_fine20_corrected_routes,0.09480296980543339,False,5033,7224,581,6643,4452,False
train_3015_a_1.nii.gz,21,0,2a,overall_best,exp007_cont_e050_abs_e150,raw,0.5156604630416356,True,8132,5086,3408,1678,4724,False
train_3015_a_1.nii.gz,21,0,2a,overall_best,exp007_cont_e050_abs_e150,pp2_whole_lung20,0.5156604630416356,True,8132,5086,3408,1678,4724,False
train_3015_a_1.nii.gz,21,0,2a,overall_best,exp007_cont_e050_abs_e150,pp3_fine20_corrected_routes,0.5156604630416356,True,8132,5086,3408,1678,4724,False
train_3015_a_1.nii.gz,21,0,2a,category_best,exp009_s3v2_e100,raw,0.4781804734210262,True,8132,2684,2586,98,5546,False
train_3015_a_1.nii.gz,21,0,2a,category_best,exp009_s3v2_e100,pp2_whole_lung20,0.4784016280197575,True,8132,2679,2586,93,5546,False
train_3015_a_1.nii.gz,21,0,2a,category_best,exp009_s3v2_e100,pp3_fine20_corrected_routes,0.4784016280197575,True,8132,2679,2586,93,5546,False
train_3015_a_1.nii.gz,21,0,2a,iso07_best,exp017_cont_e050_abs_e150,raw,0.5270573662981298,True,8132,4785,3404,1381,4728,False
train_3015_a_1.nii.gz,21,0,2a,iso07_best,exp017_cont_e050_abs_e150,pp2_whole_lung20,0.5270573662981298,True,8132,4785,3404,1381,4728,False
train_3015_a_1.nii.gz,21,0,2a,iso07_best,exp017_cont_e050_abs_e150,pp3_fine20_corrected_routes,0.5270573662981298,True,8132,4785,3404,1381,4728,False
train_3015_a_1.nii.gz,21,1,2d,overall_best,exp007_cont_e050_abs_e150,raw,0.2853025946897657,True,366,328,99,229,267,False
train_3015_a_1.nii.gz,21,1,2d,overall_best,exp007_cont_e050_abs_e150,pp2_whole_lung20,0.3413793114803805,True,366,214,99,115,267,False
train_3015_a_1.nii.gz,21,1,2d,overall_best,exp007_cont_e050_abs_e150,pp3_fine20_corrected_routes,0.3413793114803805,True,366,214,99,115,267,False
train_3015_a_1.nii.gz,21,1,2d,category_best,exp007_cont_e050_abs_e150,raw,0.2853025946897657,True,366,328,99,229,267,False
train_3015_a_1.nii.gz,21,1,2d,category_best,exp007_cont_e050_abs_e150,pp2_whole_lung20,0.3413793114803805,True,366,214,99,115,267,False
train_3015_a_1.nii.gz,21,1,2d,category_best,exp007_cont_e050_abs_e150,pp3_fine20_corrected_routes,0.3413793114803805,True,366,214,99,115,267,False
train_3015_a_1.nii.gz,21,1,2d,iso07_best,exp017_cont_e050_abs_e150,raw,0.36316472196736094,True,366,405,140,265,226,False
train_3015_a_1.nii.gz,21,1,2d,iso07_best,exp017_cont_e050_abs_e150,pp2_whole_lung20,0.43681747357750783,True,366,275,140,135,226,False
train_3015_a_1.nii.gz,21,1,2d,iso07_best,exp017_cont_e050_abs_e150,pp3_fine20_corrected_routes,0.43681747357750783,True,366,275,140,135,226,False
train_13440_a_1.nii.gz,22,0,2d,overall_best,exp007_cont_e050_abs_e150,raw,0.7267355986311144,True,254,423,246,177,8,False
train_13440_a_1.nii.gz,22,0,2d,overall_best,exp007_cont_e050_abs_e150,pp2_whole_lung20,0.7267355986311144,True,254,423,246,177,8,False
train_13440_a_1.nii.gz,22,0,2d,overall_best,exp007_cont_e050_abs_e150,pp3_fine20_corrected_routes,0.7267355986311144,True,254,423,246,177,8,False
train_13440_a_1.nii.gz,22,0,2d,category_best,exp007_cont_e050_abs_e150,raw,0.7267355986311144,True,254,423,246,177,8,False
train_13440_a_1.nii.gz,22,0,2d,category_best,exp007_cont_e050_abs_e150,pp2_whole_lung20,0.7267355986311144,True,254,423,246,177,8,False
train_13440_a_1.nii.gz,22,0,2d,category_best,exp007_cont_e050_abs_e150,pp3_fine20_corrected_routes,0.7267355986311144,True,254,423,246,177,8,False
train_13440_a_1.nii.gz,22,0,2d,iso07_best,exp017_cont_e050_abs_e150,raw,0.5862884165646709,True,254,592,248,344,6,False
train_13440_a_1.nii.gz,22,0,2d,iso07_best,exp017_cont_e050_abs_e150,pp2_whole_lung20,0.6775956288557436,True,254,478,248,230,6,False
train_13440_a_1.nii.gz,22,0,2d,iso07_best,exp017_cont_e050_abs_e150,pp3_fine20_corrected_routes,0.6775956288557436,True,254,478,248,230,6,False
train_1957_a_1.nii.gz,23,0,1f,overall_best,exp007_cont_e050_abs_e150,raw,4.6461492714622074e-12,False,7519,207713,0,207713,7519,False
train_1957_a_1.nii.gz,23,0,1f,overall_best,exp007_cont_e050_abs_e150,pp2_whole_lung20,4.6645707195349205e-12,False,7519,206863,0,206863,7519,False
train_1957_a_1.nii.gz,23,0,1f,overall_best,exp007_cont_e050_abs_e150,pp3_fine20_corrected_routes,4.954051175324099e-12,False,7519,194336,0,194336,7519,False
train_1957_a_1.nii.gz,23,0,1f,category_best,exp007_cont_e100_abs_e200,raw,4.108058367276406e-12,False,7519,235905,0,235905,7519,False
train_1957_a_1.nii.gz,23,0,1f,category_best,exp007_cont_e100_abs_e200,pp2_whole_lung20,4.237539515038021e-12,False,7519,228467,0,228467,7519,False
train_1957_a_1.nii.gz,23,0,1f,category_best,exp007_cont_e100_abs_e200,pp3_fine20_corrected_routes,4.334295546925968e-12,False,7519,223199,0,223199,7519,False
train_1957_a_1.nii.gz,23,0,1f,iso07_best,exp017_cont_e050_abs_e150,raw,5.1537625042897145e-12,False,7519,186514,0,186514,7519,False
train_1957_a_1.nii.gz,23,0,1f,iso07_best,exp017_cont_e050_abs_e150,pp2_whole_lung20,5.185726805513538e-12,False,7519,185318,0,185318,7519,False
train_1957_a_1.nii.gz,23,0,1f,iso07_best,exp017_cont_e050_abs_e150,pp3_fine20_corrected_routes,5.201181708457115e-12,False,7519,184745,0,184745,7519,False
train_1957_a_1.nii.gz,23,1,2b,overall_best,exp007_cont_e050_abs_e150,raw,0.673010245163128,True,580386,454151,348127,106024,232259,False
train_1957_a_1.nii.gz,23,1,2b,overall_best,exp007_cont_e050_abs_e150,pp2_whole_lung20,0.6748838043360249,True,580386,451279,348127,103152,232259,False
train_1957_a_1.nii.gz,23,1,2b,overall_best,exp007_cont_e050_abs_e150,pp3_fine20_corrected_routes,0.6764574720799051,True,580386,448879,348127,100752,232259,False
train_1957_a_1.nii.gz,23,1,2b,category_best,exp013_category_2all_focal_target100_e100,raw,0.6707219379446993,True,580386,463194,349976,113218,230410,False
train_1957_a_1.nii.gz,23,1,2b,category_best,exp013_category_2all_focal_target100_e100,pp2_whole_lung20,0.6744237135933886,True,580386,457466,349976,107490,230410,False
train_1957_a_1.nii.gz,23,1,2b,category_best,exp013_category_2all_focal_target100_e100,pp3_fine20_corrected_routes,0.6758981370973052,True,580386,455202,349976,105226,230410,False
train_1957_a_1.nii.gz,23,1,2b,iso07_best,exp017_cont_e050_abs_e150,raw,0.5907813475951198,True,580386,743647,391107,352540,189279,False
train_1957_a_1.nii.gz,23,1,2b,iso07_best,exp017_cont_e050_abs_e150,pp2_whole_lung20,0.6251930214940222,True,580386,670770,391107,279663,189279,False
train_1957_a_1.nii.gz,23,1,2b,iso07_best,exp017_cont_e050_abs_e150,pp3_fine20_corrected_routes,0.6350810201073162,True,580386,650975,391007,259968,189379,False
train_1957_a_1.nii.gz,23,2,2b,overall_best,exp007_cont_e050_abs_e150,raw,0.5982028648666264,True,326981,177266,150821,26445,176160,False
train_1957_a_1.nii.gz,23,2,2b,overall_best,exp007_cont_e050_abs_e150,pp2_whole_lung20,0.605610756527367,True,326981,171098,150821,20277,176160,False
train_1957_a_1.nii.gz,23,2,2b,overall_best,exp007_cont_e050_abs_e150,pp3_fine20_corrected_routes,0.6061510946786176,True,326981,170654,150821,19833,176160,False
train_1957_a_1.nii.gz,23,2,2b,category_best,exp013_category_2all_focal_target100_e100,raw,0.4106286916282955,True,326981,111342,89994,21348,236987,False
train_1957_a_1.nii.gz,23,2,2b,category_best,exp013_category_2all_focal_target100_e100,pp2_whole_lung20,0.4176385144085203,True,326981,103985,89994,13991,236987,False
train_1957_a_1.nii.gz,23,2,2b,category_best,exp013_category_2all_focal_target100_e100,pp3_fine20_corrected_routes,0.42015084421070537,True,326981,101408,89994,11414,236987,False
train_1957_a_1.nii.gz,23,2,2b,iso07_best,exp017_cont_e050_abs_e150,raw,0.5575128060796707,True,326981,207726,149053,58673,177928,False
train_1957_a_1.nii.gz,23,2,2b,iso07_best,exp017_cont_e050_abs_e150,pp2_whole_lung20,0.5575128060796707,True,326981,207726,149053,58673,177928,False
train_1957_a_1.nii.gz,23,2,2b,iso07_best,exp017_cont_e050_abs_e150,pp3_fine20_corrected_routes,0.5669764274935868,True,326981,198801,149053,49748,177928,False
train_1957_a_1.nii.gz,23,3,2b,overall_best,exp007_cont_e050_abs_e150,raw,0.30714336184365254,True,15056,41556,8694,32862,6362,False
train_1957_a_1.nii.gz,23,3,2b,overall_best,exp007_cont_e050_abs_e150,pp2_whole_lung20,0.30714336184365254,True,15056,41556,8694,32862,6362,False
train_1957_a_1.nii.gz,23,3,2b,overall_best,exp007_cont_e050_abs_e150,pp3_fine20_corrected_routes,0.557897776508554,True,15056,16111,8694,7417,6362,False
train_1957_a_1.nii.gz,23,3,2b,category_best,exp013_category_2all_focal_target100_e100,raw,0.4654150197783825,True,15056,19352,8007,11345,7049,False
train_1957_a_1.nii.gz,23,3,2b,category_best,exp013_category_2all_focal_target100_e100,pp2_whole_lung20,0.48331019498149,True,15056,18078,8007,10071,7049,False
train_1957_a_1.nii.gz,23,3,2b,category_best,exp013_category_2all_focal_target100_e100,pp3_fine20_corrected_routes,0.495145631083571,True,15056,17286,8007,9279,7049,False
train_1957_a_1.nii.gz,23,3,2b,iso07_best,exp017_cont_e050_abs_e150,raw,0.2846170616074757,True,15056,44575,8486,36089,6570,False
train_1957_a_1.nii.gz,23,3,2b,iso07_best,exp017_cont_e050_abs_e150,pp2_whole_lung20,0.2846170616074757,True,15056,44575,8486,36089,6570,False
train_1957_a_1.nii.gz,23,3,2b,iso07_best,exp017_cont_e050_abs_e150,pp3_fine20_corrected_routes,0.5726625502050592,True,15056,14581,8486,6095,6570,False
train_18382_b_2.nii.gz,24,0,2d,overall_best,exp007_cont_e050_abs_e150,raw,0.6489028218669235,True,308,330,207,123,101,False
train_18382_b_2.nii.gz,24,0,2d,overall_best,exp007_cont_e050_abs_e150,pp2_whole_lung20,0.6489028218669235,True,308,330,207,123,101,False
train_18382_b_2.nii.gz,24,0,2d,overall_best,exp007_cont_e050_abs_e150,pp3_fine20_corrected_routes,0.6489028218669235,True,308,330,207,123,101,False
train_18382_b_2.nii.gz,24,0,2d,category_best,exp007_cont_e050_abs_e150,raw,0.6489028218669235,True,308,330,207,123,101,False
train_18382_b_2.nii.gz,24,0,2d,category_best,exp007_cont_e050_abs_e150,pp2_whole_lung20,0.6489028218669235,True,308,330,207,123,101,False
train_18382_b_2.nii.gz,24,0,2d,category_best,exp007_cont_e050_abs_e150,pp3_fine20_corrected_routes,0.6489028218669235,True,308,330,207,123,101,False
train_18382_b_2.nii.gz,24,0,2d,iso07_best,exp017_cont_e050_abs_e150,raw,0.6318681323738075,True,308,420,230,190,78,False
train_18382_b_2.nii.gz,24,0,2d,iso07_best,exp017_cont_e050_abs_e150,pp2_whole_lung20,0.6318681323738075,True,308,420,230,190,78,False
train_18382_b_2.nii.gz,24,0,2d,iso07_best,exp017_cont_e050_abs_e150,pp3_fine20_corrected_routes,0.6318681323738075,True,308,420,230,190,78,False
train_18382_b_2.nii.gz,24,1,2c,overall_best,exp007_cont_e050_abs_e150,raw,0.4170786518163868,True,2052,2398,928,1470,1124,False
train_18382_b_2.nii.gz,24,1,2c,overall_best,exp007_cont_e050_abs_e150,pp2_whole_lung20,0.4181121875606866,True,2052,2387,928,1459,1124,False
train_18382_b_2.nii.gz,24,1,2c,overall_best,exp007_cont_e050_abs_e150,pp3_fine20_corrected_routes,0.46621451909916745,True,2052,1929,928,1001,1124,False
train_18382_b_2.nii.gz,24,1,2c,category_best,exp007_cont_e050_abs_e150,raw,0.4170786518163868,True,2052,2398,928,1470,1124,False
train_18382_b_2.nii.gz,24,1,2c,category_best,exp007_cont_e050_abs_e150,pp2_whole_lung20,0.4181121875606866,True,2052,2387,928,1459,1124,False
train_18382_b_2.nii.gz,24,1,2c,category_best,exp007_cont_e050_abs_e150,pp3_fine20_corrected_routes,0.46621451909916745,True,2052,1929,928,1001,1124,False
train_18382_b_2.nii.gz,24,1,2c,iso07_best,exp017_cont_e050_abs_e150,raw,0.3347527024779716,True,2052,1001,511,490,1541,False
train_18382_b_2.nii.gz,24,1,2c,iso07_best,exp017_cont_e050_abs_e150,pp2_whole_lung20,0.3347527024779716,True,2052,1001,511,490,1541,False
train_18382_b_2.nii.gz,24,1,2c,iso07_best,exp017_cont_e050_abs_e150,pp3_fine20_corrected_routes,0.38291494965046274,True,2052,617,511,106,1541,False
train_1998_a_1.nii.gz,25,0,2d,overall_best,exp007_cont_e050_abs_e150,raw,0.14692256811815932,True,473,2549,222,2327,251,False
train_1998_a_1.nii.gz,25,0,2d,overall_best,exp007_cont_e050_abs_e150,pp2_whole_lung20,0.14692256811815932,True,473,2549,222,2327,251,False
train_1998_a_1.nii.gz,25,0,2d,overall_best,exp007_cont_e050_abs_e150,pp3_fine20_corrected_routes,0.14692256811815932,True,473,2549,222,2327,251,False
train_1998_a_1.nii.gz,25,0,2d,category_best,exp007_cont_e050_abs_e150,raw,0.14692256811815932,True,473,2549,222,2327,251,False
train_1998_a_1.nii.gz,25,0,2d,category_best,exp007_cont_e050_abs_e150,pp2_whole_lung20,0.14692256811815932,True,473,2549,222,2327,251,False
train_1998_a_1.nii.gz,25,0,2d,category_best,exp007_cont_e050_abs_e150,pp3_fine20_corrected_routes,0.14692256811815932,True,473,2549,222,2327,251,False
train_1998_a_1.nii.gz,25,0,2d,iso07_best,exp017_cont_e050_abs_e150,raw,0.13418290887024628,True,473,2195,179,2016,294,False
train_1998_a_1.nii.gz,25,0,2d,iso07_best,exp017_cont_e050_abs_e150,pp2_whole_lung20,0.13418290887024628,True,473,2195,179,2016,294,False
train_1998_a_1.nii.gz,25,0,2d,iso07_best,exp017_cont_e050_abs_e150,pp3_fine20_corrected_routes,0.13418290887024628,True,473,2195,179,2016,294,False
train_18983_a_2.nii.gz,26,0,2d,overall_best,exp007_cont_e050_abs_e150,raw,5.7471264037521466e-09,False,47,127,0,127,47,False
train_18983_a_2.nii.gz,26,0,2d,overall_best,exp007_cont_e050_abs_e150,pp2_whole_lung20,5.7471264037521466e-09,False,47,127,0,127,47,False
train_18983_a_2.nii.gz,26,0,2d,overall_best,exp007_cont_e050_abs_e150,pp3_fine20_corrected_routes,5.7471264037521466e-09,False,47,127,0,127,47,False
train_18983_a_2.nii.gz,26,0,2d,category_best,exp007_cont_e050_abs_e150,raw,5.7471264037521466e-09,False,47,127,0,127,47,False
train_18983_a_2.nii.gz,26,0,2d,category_best,exp007_cont_e050_abs_e150,pp2_whole_lung20,5.7471264037521466e-09,False,47,127,0,127,47,False
train_18983_a_2.nii.gz,26,0,2d,category_best,exp007_cont_e050_abs_e150,pp3_fine20_corrected_routes,5.7471264037521466e-09,False,47,127,0,127,47,False
train_18983_a_2.nii.gz,26,0,2d,iso07_best,exp017_cont_e050_abs_e150,raw,1.2987012818350482e-08,False,47,30,0,30,47,False
train_18983_a_2.nii.gz,26,0,2d,iso07_best,exp017_cont_e050_abs_e150,pp2_whole_lung20,1.2987012818350482e-08,False,47,30,0,30,47,False
train_18983_a_2.nii.gz,26,0,2d,iso07_best,exp017_cont_e050_abs_e150,pp3_fine20_corrected_routes,1.2987012818350482e-08,False,47,30,0,30,47,False
train_18983_a_2.nii.gz,26,1,2d,overall_best,exp007_cont_e050_abs_e150,raw,0.8075709785250127,True,140,177,128,49,12,False
train_18983_a_2.nii.gz,26,1,2d,overall_best,exp007_cont_e050_abs_e150,pp2_whole_lung20,0.8075709785250127,True,140,177,128,49,12,False
train_18983_a_2.nii.gz,26,1,2d,overall_best,exp007_cont_e050_abs_e150,pp3_fine20_corrected_routes,0.8075709785250127,True,140,177,128,49,12,False
train_18983_a_2.nii.gz,26,1,2d,category_best,exp007_cont_e050_abs_e150,raw,0.8075709785250127,True,140,177,128,49,12,False
train_18983_a_2.nii.gz,26,1,2d,category_best,exp007_cont_e050_abs_e150,pp2_whole_lung20,0.8075709785250127,True,140,177,128,49,12,False
train_18983_a_2.nii.gz,26,1,2d,category_best,exp007_cont_e050_abs_e150,pp3_fine20_corrected_routes,0.8075709785250127,True,140,177,128,49,12,False
train_18983_a_2.nii.gz,26,1,2d,iso07_best,exp017_cont_e050_abs_e150,raw,0.1568627506087402,True,140,13,12,1,128,False
train_18983_a_2.nii.gz,26,1,2d,iso07_best,exp017_cont_e050_abs_e150,pp2_whole_lung20,0.1568627506087402,True,140,13,12,1,128,False
train_18983_a_2.nii.gz,26,1,2d,iso07_best,exp017_cont_e050_abs_e150,pp3_fine20_corrected_routes,0.1568627506087402,True,140,13,12,1,128,False
train_19456_a_1.nii.gz,27,0,2b,overall_best,exp007_cont_e050_abs_e150,raw,0.18991170382659367,True,161493,18696,17110,1586,144383,False
train_19456_a_1.nii.gz,27,0,2b,overall_best,exp007_cont_e050_abs_e150,pp2_whole_lung20,0.18991170382659367,True,161493,18696,17110,1586,144383,False
train_19456_a_1.nii.gz,27,0,2b,overall_best,exp007_cont_e050_abs_e150,pp3_fine20_corrected_routes,0.18991170382659367,True,161493,18696,17110,1586,144383,False
train_19456_a_1.nii.gz,27,0,2b,category_best,exp013_category_2all_focal_target100_e100,raw,0.4424291392722499,True,161493,53859,47639,6220,113854,False
train_19456_a_1.nii.gz,27,0,2b,category_best,exp013_category_2all_focal_target100_e100,pp2_whole_lung20,0.4424291392722499,True,161493,53859,47639,6220,113854,False
train_19456_a_1.nii.gz,27,0,2b,category_best,exp013_category_2all_focal_target100_e100,pp3_fine20_corrected_routes,0.4424291392722499,True,161493,53859,47639,6220,113854,False
train_19456_a_1.nii.gz,27,0,2b,iso07_best,exp017_cont_e050_abs_e150,raw,0.3744064611832886,True,161493,45528,38755,6773,122738,False
train_19456_a_1.nii.gz,27,0,2b,iso07_best,exp017_cont_e050_abs_e150,pp2_whole_lung20,0.3744064611832886,True,161493,45528,38755,6773,122738,False
train_19456_a_1.nii.gz,27,0,2b,iso07_best,exp017_cont_e050_abs_e150,pp3_fine20_corrected_routes,0.3744064611832886,True,161493,45528,38755,6773,122738,False
train_19456_a_1.nii.gz,27,1,2a,overall_best,exp007_cont_e050_abs_e150,raw,0.6612032780670395,True,4676,5330,3308,2022,1368,False
train_19456_a_1.nii.gz,27,1,2a,overall_best,exp007_cont_e050_abs_e150,pp2_whole_lung20,0.6637239165666409,True,4676,5292,3308,1984,1368,False
train_19456_a_1.nii.gz,27,1,2a,overall_best,exp007_cont_e050_abs_e150,pp3_fine20_corrected_routes,0.6637239165666409,True,4676,5292,3308,1984,1368,False
train_19456_a_1.nii.gz,27,1,2a,category_best,exp009_s3v2_e100,raw,0.612001017084668,True,4676,3190,2407,783,2269,False
train_19456_a_1.nii.gz,27,1,2a,category_best,exp009_s3v2_e100,pp2_whole_lung20,0.612001017084668,True,4676,3190,2407,783,2269,False
train_19456_a_1.nii.gz,27,1,2a,category_best,exp009_s3v2_e100,pp3_fine20_corrected_routes,0.612001017084668,True,4676,3190,2407,783,2269,False
train_19456_a_1.nii.gz,27,1,2a,iso07_best,exp017_cont_e050_abs_e150,raw,0.5050832474576273,True,4676,2111,1714,397,2962,False
train_19456_a_1.nii.gz,27,1,2a,iso07_best,exp017_cont_e050_abs_e150,pp2_whole_lung20,0.5364632238597083,True,4676,1714,1714,0,2962,False
train_19456_a_1.nii.gz,27,1,2a,iso07_best,exp017_cont_e050_abs_e150,pp3_fine20_corrected_routes,0.5364632238597083,True,4676,1714,1714,0,2962,False
train_19456_a_1.nii.gz,27,2,2d,overall_best,exp007_cont_e050_abs_e150,raw,4.608294909639194e-09,False,217,0,0,0,217,False
train_19456_a_1.nii.gz,27,2,2d,overall_best,exp007_cont_e050_abs_e150,pp2_whole_lung20,4.608294909639194e-09,False,217,0,0,0,217,False
train_19456_a_1.nii.gz,27,2,2d,overall_best,exp007_cont_e050_abs_e150,pp3_fine20_corrected_routes,4.608294909639194e-09,False,217,0,0,0,217,False
train_19456_a_1.nii.gz,27,2,2d,category_best,exp007_cont_e050_abs_e150,raw,4.608294909639194e-09,False,217,0,0,0,217,False
train_19456_a_1.nii.gz,27,2,2d,category_best,exp007_cont_e050_abs_e150,pp2_whole_lung20,4.608294909639194e-09,False,217,0,0,0,217,False
train_19456_a_1.nii.gz,27,2,2d,category_best,exp007_cont_e050_abs_e150,pp3_fine20_corrected_routes,4.608294909639194e-09,False,217,0,0,0,217,False
train_19456_a_1.nii.gz,27,2,2d,iso07_best,exp017_cont_e050_abs_e150,raw,3.448275850178359e-09,False,217,73,0,73,217,False
train_19456_a_1.nii.gz,27,2,2d,iso07_best,exp017_cont_e050_abs_e150,pp2_whole_lung20,3.448275850178359e-09,False,217,73,0,73,217,False
train_19456_a_1.nii.gz,27,2,2d,iso07_best,exp017_cont_e050_abs_e150,pp3_fine20_corrected_routes,4.608294909639194e-09,False,217,0,0,0,217,False
train_19368_a_2.nii.gz,28,0,2a,overall_best,exp007_cont_e050_abs_e150,raw,0.3638835734029669,True,4801,15057,3613,11444,1188,False
train_19368_a_2.nii.gz,28,0,2a,overall_best,exp007_cont_e050_abs_e150,pp2_whole_lung20,0.3638835734029669,True,4801,15057,3613,11444,1188,False
train_19368_a_2.nii.gz,28,0,2a,overall_best,exp007_cont_e050_abs_e150,pp3_fine20_corrected_routes,0.3638835734029669,True,4801,15057,3613,11444,1188,False
train_19368_a_2.nii.gz,28,0,2a,category_best,exp009_s3v2_e100,raw,0.34532924964848155,True,4801,16095,3608,12487,1193,False
train_19368_a_2.nii.gz,28,0,2a,category_best,exp009_s3v2_e100,pp2_whole_lung20,0.3474074431010829,True,4801,15970,3608,12362,1193,False
train_19368_a_2.nii.gz,28,0,2a,category_best,exp009_s3v2_e100,pp3_fine20_corrected_routes,0.34532924964848155,True,4801,16095,3608,12487,1193,False
train_19368_a_2.nii.gz,28,0,2a,iso07_best,exp017_cont_e050_abs_e150,raw,0.466685200679577,True,4801,5990,2518,3472,2283,False
train_19368_a_2.nii.gz,28,0,2a,iso07_best,exp017_cont_e050_abs_e150,pp2_whole_lung20,0.466685200679577,True,4801,5990,2518,3472,2283,False
train_19368_a_2.nii.gz,28,0,2a,iso07_best,exp017_cont_e050_abs_e150,pp3_fine20_corrected_routes,0.466685200679577,True,4801,5990,2518,3472,2283,False
train_2643_a_2.nii.gz,29,0,2e,overall_best,exp007_cont_e050_abs_e150,raw,0.28123538086763306,True,154070,294828,63123,231705,90947,False
train_2643_a_2.nii.gz,29,0,2e,overall_best,exp007_cont_e050_abs_e150,pp2_whole_lung20,0.28123538086763306,True,154070,294828,63123,231705,90947,False
train_2643_a_2.nii.gz,29,0,2e,overall_best,exp007_cont_e050_abs_e150,pp3_fine20_corrected_routes,0.28123538086763306,True,154070,294828,63123,231705,90947,False
train_2643_a_2.nii.gz,29,0,2e,category_best,exp007_cont_e100_abs_e200,raw,0.304773780312573,True,154070,221251,57194,164057,96876,False
train_2643_a_2.nii.gz,29,0,2e,category_best,exp007_cont_e100_abs_e200,pp2_whole_lung20,0.304773780312573,True,154070,221251,57194,164057,96876,False
train_2643_a_2.nii.gz,29,0,2e,category_best,exp007_cont_e100_abs_e200,pp3_fine20_corrected_routes,0.304773780312573,True,154070,221251,57194,164057,96876,False
train_2643_a_2.nii.gz,29,0,2e,iso07_best,exp017_cont_e050_abs_e150,raw,0.1627556241409356,True,154070,274929,34911,240018,119159,False
train_2643_a_2.nii.gz,29,0,2e,iso07_best,exp017_cont_e050_abs_e150,pp2_whole_lung20,0.1627556241409356,True,154070,274929,34911,240018,119159,False
train_2643_a_2.nii.gz,29,0,2e,iso07_best,exp017_cont_e050_abs_e150,pp3_fine20_corrected_routes,0.1627556241409356,True,154070,274929,34911,240018,119159,False
train_2643_a_2.nii.gz,29,1,2b,overall_best,exp007_cont_e050_abs_e150,raw,0.5767243021163013,True,289741,251072,155950,95122,133791,False
train_2643_a_2.nii.gz,29,1,2b,overall_best,exp007_cont_e050_abs_e150,pp2_whole_lung20,0.5767243021163013,True,289741,251072,155950,95122,133791,False
train_2643_a_2.nii.gz,29,1,2b,overall_best,exp007_cont_e050_abs_e150,pp3_fine20_corrected_routes,0.5767243021163013,True,289741,251072,155950,95122,133791,False
train_2643_a_2.nii.gz,29,1,2b,category_best,exp013_category_2all_focal_target100_e100,raw,0.4974419079867653,True,289741,229005,129023,99982,160718,False
train_2643_a_2.nii.gz,29,1,2b,category_best,exp013_category_2all_focal_target100_e100,pp2_whole_lung20,0.4986646672113021,True,289741,227733,129023,98710,160718,False
train_2643_a_2.nii.gz,29,1,2b,category_best,exp013_category_2all_focal_target100_e100,pp3_fine20_corrected_routes,0.4986646672113021,True,289741,227733,129023,98710,160718,False
train_2643_a_2.nii.gz,29,1,2b,iso07_best,exp017_cont_e050_abs_e150,raw,0.39897890579166534,True,289741,186219,94949,91270,194792,False
train_2643_a_2.nii.gz,29,1,2b,iso07_best,exp017_cont_e050_abs_e150,pp2_whole_lung20,0.4256972294654951,True,289741,156346,94949,61397,194792,False
train_2643_a_2.nii.gz,29,1,2b,iso07_best,exp017_cont_e050_abs_e150,pp3_fine20_corrected_routes,0.4256972294654951,True,289741,156346,94949,61397,194792,False
train_18414_a_2.nii.gz,30,0,2b,overall_best,exp007_cont_e050_abs_e150,raw,0.0038191098439551143,False,639,55395,107,55288,532,False
train_18414_a_2.nii.gz,30,0,2b,overall_best,exp007_cont_e050_abs_e150,pp2_whole_lung20,0.0038191098439551143,False,639,55395,107,55288,532,False
train_18414_a_2.nii.gz,30,0,2b,overall_best,exp007_cont_e050_abs_e150,pp3_fine20_corrected_routes,0.0038191098439551143,False,639,55395,107,55288,532,False
train_18414_a_2.nii.gz,30,0,2b,category_best,exp013_category_2all_focal_target100_e100,raw,0.005230493012896083,False,639,50599,134,50465,505,False
train_18414_a_2.nii.gz,30,0,2b,category_best,exp013_category_2all_focal_target100_e100,pp2_whole_lung20,0.005230493012896083,False,639,50599,134,50465,505,False
train_18414_a_2.nii.gz,30,0,2b,category_best,exp013_category_2all_focal_target100_e100,pp3_fine20_corrected_routes,0.005230493012896083,False,639,50599,134,50465,505,False
train_18414_a_2.nii.gz,30,0,2b,iso07_best,exp017_cont_e050_abs_e150,raw,1.8068479537120454e-11,False,639,54706,0,54706,639,False
train_18414_a_2.nii.gz,30,0,2b,iso07_best,exp017_cont_e050_abs_e150,pp2_whole_lung20,1.8068479537120454e-11,False,639,54706,0,54706,639,False
train_18414_a_2.nii.gz,30,0,2b,iso07_best,exp017_cont_e050_abs_e150,pp3_fine20_corrected_routes,1.8068479537120454e-11,False,639,54706,0,54706,639,False
train_18414_a_2.nii.gz,30,1,2c,overall_best,exp007_cont_e050_abs_e150,raw,0.30962278676495064,True,92177,24733,18099,6634,74078,False
train_18414_a_2.nii.gz,30,1,2c,overall_best,exp007_cont_e050_abs_e150,pp2_whole_lung20,0.30962278676495064,True,92177,24733,18099,6634,74078,False
train_18414_a_2.nii.gz,30,1,2c,overall_best,exp007_cont_e050_abs_e150,pp3_fine20_corrected_routes,0.30962278676495064,True,92177,24733,18099,6634,74078,False
train_18414_a_2.nii.gz,30,1,2c,category_best,exp007_cont_e050_abs_e150,raw,0.30962278676495064,True,92177,24733,18099,6634,74078,False
train_18414_a_2.nii.gz,30,1,2c,category_best,exp007_cont_e050_abs_e150,pp2_whole_lung20,0.30962278676495064,True,92177,24733,18099,6634,74078,False
train_18414_a_2.nii.gz,30,1,2c,category_best,exp007_cont_e050_abs_e150,pp3_fine20_corrected_routes,0.30962278676495064,True,92177,24733,18099,6634,74078,False
train_18414_a_2.nii.gz,30,1,2c,iso07_best,exp017_cont_e050_abs_e150,raw,0.5223804337627742,True,92177,56569,38851,17718,53326,False
train_18414_a_2.nii.gz,30,1,2c,iso07_best,exp017_cont_e050_abs_e150,pp2_whole_lung20,0.5223804337627742,True,92177,56569,38851,17718,53326,False
train_18414_a_2.nii.gz,30,1,2c,iso07_best,exp017_cont_e050_abs_e150,pp3_fine20_corrected_routes,0.5223804337627742,True,92177,56569,38851,17718,53326,False
train_18635_a_2.nii.gz,31,0,2d,overall_best,exp007_cont_e050_abs_e150,raw,0.4980754428413875,True,1767,831,647,184,1120,False
train_18635_a_2.nii.gz,31,0,2d,overall_best,exp007_cont_e050_abs_e150,pp2_whole_lung20,0.4980754428413875,True,1767,831,647,184,1120,False
train_18635_a_2.nii.gz,31,0,2d,overall_best,exp007_cont_e050_abs_e150,pp3_fine20_corrected_routes,0.4980754428413875,True,1767,831,647,184,1120,False
train_18635_a_2.nii.gz,31,0,2d,category_best,exp007_cont_e050_abs_e150,raw,0.4980754428413875,True,1767,831,647,184,1120,False
train_18635_a_2.nii.gz,31,0,2d,category_best,exp007_cont_e050_abs_e150,pp2_whole_lung20,0.4980754428413875,True,1767,831,647,184,1120,False
train_18635_a_2.nii.gz,31,0,2d,category_best,exp007_cont_e050_abs_e150,pp3_fine20_corrected_routes,0.4980754428413875,True,1767,831,647,184,1120,False
train_18635_a_2.nii.gz,31,0,2d,iso07_best,exp017_cont_e050_abs_e150,raw,0.40841248324002294,True,1767,1181,602,579,1165,False
train_18635_a_2.nii.gz,31,0,2d,iso07_best,exp017_cont_e050_abs_e150,pp2_whole_lung20,0.4543396228474191,True,1767,883,602,281,1165,False
train_18635_a_2.nii.gz,31,0,2d,iso07_best,exp017_cont_e050_abs_e150,pp3_fine20_corrected_routes,0.4543396228474191,True,1767,883,602,281,1165,False
train_13301_a_2.nii.gz,32,0,2d,overall_best,exp007_cont_e050_abs_e150,raw,0.5134099635501533,True,101,160,67,93,34,False
train_13301_a_2.nii.gz,32,0,2d,overall_best,exp007_cont_e050_abs_e150,pp2_whole_lung20,0.5134099635501533,True,101,160,67,93,34,False
train_13301_a_2.nii.gz,32,0,2d,overall_best,exp007_cont_e050_abs_e150,pp3_fine20_corrected_routes,0.5134099635501533,True,101,160,67,93,34,False
train_13301_a_2.nii.gz,32,0,2d,category_best,exp007_cont_e050_abs_e150,raw,0.5134099635501533,True,101,160,67,93,34,False
train_13301_a_2.nii.gz,32,0,2d,category_best,exp007_cont_e050_abs_e150,pp2_whole_lung20,0.5134099635501533,True,101,160,67,93,34,False
train_13301_a_2.nii.gz,32,0,2d,category_best,exp007_cont_e050_abs_e150,pp3_fine20_corrected_routes,0.5134099635501533,True,101,160,67,93,34,False
train_13301_a_2.nii.gz,32,0,2d,iso07_best,exp017_cont_e050_abs_e150,raw,0.4413145566135467,True,101,112,47,65,54,False
train_13301_a_2.nii.gz,32,0,2d,iso07_best,exp017_cont_e050_abs_e150,pp2_whole_lung20,0.44339622904058384,True,101,111,47,64,54,False
train_13301_a_2.nii.gz,32,0,2d,iso07_best,exp017_cont_e050_abs_e150,pp3_fine20_corrected_routes,0.44339622904058384,True,101,111,47,64,54,False
train_13301_a_2.nii.gz,32,1,2d,overall_best,exp007_cont_e050_abs_e150,raw,5.8479531821757124e-09,False,49,122,0,122,49,False
train_13301_a_2.nii.gz,32,1,2d,overall_best,exp007_cont_e050_abs_e150,pp2_whole_lung20,5.8479531821757124e-09,False,49,122,0,122,49,False
train_13301_a_2.nii.gz,32,1,2d,overall_best,exp007_cont_e050_abs_e150,pp3_fine20_corrected_routes,1.3333333155555557e-08,False,49,26,0,26,49,False
train_13301_a_2.nii.gz,32,1,2d,category_best,exp007_cont_e050_abs_e150,raw,5.8479531821757124e-09,False,49,122,0,122,49,False
train_13301_a_2.nii.gz,32,1,2d,category_best,exp007_cont_e050_abs_e150,pp2_whole_lung20,5.8479531821757124e-09,False,49,122,0,122,49,False
train_13301_a_2.nii.gz,32,1,2d,category_best,exp007_cont_e050_abs_e150,pp3_fine20_corrected_routes,1.3333333155555557e-08,False,49,26,0,26,49,False
train_13301_a_2.nii.gz,32,1,2d,iso07_best,exp017_cont_e050_abs_e150,raw,5.4347825791587904e-09,False,49,135,0,135,49,False
train_13301_a_2.nii.gz,32,1,2d,iso07_best,exp017_cont_e050_abs_e150,pp2_whole_lung20,5.4347825791587904e-09,False,49,135,0,135,49,False
train_13301_a_2.nii.gz,32,1,2d,iso07_best,exp017_cont_e050_abs_e150,pp3_fine20_corrected_routes,2.0408162848813002e-08,False,49,0,0,0,49,False
train_13301_a_2.nii.gz,32,2,2d,overall_best,exp007_cont_e050_abs_e150,raw,1.945525288043725e-09,False,65,449,0,449,65,False
train_13301_a_2.nii.gz,32,2,2d,overall_best,exp007_cont_e050_abs_e150,pp2_whole_lung20,1.945525288043725e-09,False,65,449,0,449,65,False
train_13301_a_2.nii.gz,32,2,2d,overall_best,exp007_cont_e050_abs_e150,pp3_fine20_corrected_routes,1.945525288043725e-09,False,65,449,0,449,65,False
train_13301_a_2.nii.gz,32,2,2d,category_best,exp007_cont_e050_abs_e150,raw,1.945525288043725e-09,False,65,449,0,449,65,False
train_13301_a_2.nii.gz,32,2,2d,category_best,exp007_cont_e050_abs_e150,pp2_whole_lung20,1.945525288043725e-09,False,65,449,0,449,65,False
train_13301_a_2.nii.gz,32,2,2d,category_best,exp007_cont_e050_abs_e150,pp3_fine20_corrected_routes,1.945525288043725e-09,False,65,449,0,449,65,False
train_13301_a_2.nii.gz,32,2,2d,iso07_best,exp017_cont_e050_abs_e150,raw,3.906249984741211e-09,False,65,191,0,191,65,False
train_13301_a_2.nii.gz,32,2,2d,iso07_best,exp017_cont_e050_abs_e150,pp2_whole_lung20,3.906249984741211e-09,False,65,191,0,191,65,False
train_13301_a_2.nii.gz,32,2,2d,iso07_best,exp017_cont_e050_abs_e150,pp3_fine20_corrected_routes,3.906249984741211e-09,False,65,191,0,191,65,False
train_19182_a_2.nii.gz,33,0,2a,overall_best,exp007_cont_e050_abs_e150,raw,0.576604468254192,True,23352,24452,13782,10670,9570,False
train_19182_a_2.nii.gz,33,0,2a,overall_best,exp007_cont_e050_abs_e150,pp2_whole_lung20,0.576604468254192,True,23352,24452,13782,10670,9570,False
train_19182_a_2.nii.gz,33,0,2a,overall_best,exp007_cont_e050_abs_e150,pp3_fine20_corrected_routes,0.576604468254192,True,23352,24452,13782,10670,9570,False
train_19182_a_2.nii.gz,33,0,2a,category_best,exp009_s3v2_e100,raw,0.587524784901906,True,23352,31621,16149,15472,7203,False
train_19182_a_2.nii.gz,33,0,2a,category_best,exp009_s3v2_e100,pp2_whole_lung20,0.587524784901906,True,23352,31621,16149,15472,7203,False
train_19182_a_2.nii.gz,33,0,2a,category_best,exp009_s3v2_e100,pp3_fine20_corrected_routes,0.587524784901906,True,23352,31621,16149,15472,7203,False
train_19182_a_2.nii.gz,33,0,2a,iso07_best,exp017_cont_e050_abs_e150,raw,0.5390677775370194,True,23352,25499,13167,12332,10185,False
train_19182_a_2.nii.gz,33,0,2a,iso07_best,exp017_cont_e050_abs_e150,pp2_whole_lung20,0.5390677775370194,True,23352,25499,13167,12332,10185,False
train_19182_a_2.nii.gz,33,0,2a,iso07_best,exp017_cont_e050_abs_e150,pp3_fine20_corrected_routes,0.5390677775370194,True,23352,25499,13167,12332,10185,False
train_19182_a_2.nii.gz,33,1,2d,overall_best,exp007_cont_e050_abs_e150,raw,0.6178343950565947,True,1174,1338,776,562,398,False
train_19182_a_2.nii.gz,33,1,2d,overall_best,exp007_cont_e050_abs_e150,pp2_whole_lung20,0.6178343950565947,True,1174,1338,776,562,398,False
train_19182_a_2.nii.gz,33,1,2d,overall_best,exp007_cont_e050_abs_e150,pp3_fine20_corrected_routes,0.6178343950565947,True,1174,1338,776,562,398,False
train_19182_a_2.nii.gz,33,1,2d,category_best,exp007_cont_e050_abs_e150,raw,0.6178343950565947,True,1174,1338,776,562,398,False
train_19182_a_2.nii.gz,33,1,2d,category_best,exp007_cont_e050_abs_e150,pp2_whole_lung20,0.6178343950565947,True,1174,1338,776,562,398,False
train_19182_a_2.nii.gz,33,1,2d,category_best,exp007_cont_e050_abs_e150,pp3_fine20_corrected_routes,0.6178343950565947,True,1174,1338,776,562,398,False
train_19182_a_2.nii.gz,33,1,2d,iso07_best,exp017_cont_e050_abs_e150,raw,0.5289323555301825,True,1174,1280,649,631,525,False
train_19182_a_2.nii.gz,33,1,2d,iso07_best,exp017_cont_e050_abs_e150,pp2_whole_lung20,0.5289323555301825,True,1174,1280,649,631,525,False
train_19182_a_2.nii.gz,33,1,2d,iso07_best,exp017_cont_e050_abs_e150,pp3_fine20_corrected_routes,0.5289323555301825,True,1174,1280,649,631,525,False
train_2213_a_1.nii.gz,34,0,2a,overall_best,exp007_cont_e050_abs_e150,raw,0.00995536319477945,False,2777,71153,368,70785,2409,False
train_2213_a_1.nii.gz,34,0,2a,overall_best,exp007_cont_e050_abs_e150,pp2_whole_lung20,0.00995536319477945,False,2777,71153,368,70785,2409,False
train_2213_a_1.nii.gz,34,0,2a,overall_best,exp007_cont_e050_abs_e150,pp3_fine20_corrected_routes,0.00995536319477945,False,2777,71153,368,70785,2409,False
train_2213_a_1.nii.gz,34,0,2a,category_best,exp009_s3v2_e100,raw,0.007778461562885453,False,2777,37848,158,37690,2619,False
train_2213_a_1.nii.gz,34,0,2a,category_best,exp009_s3v2_e100,pp2_whole_lung20,0.007778461562885453,False,2777,37848,158,37690,2619,False
train_2213_a_1.nii.gz,34,0,2a,category_best,exp009_s3v2_e100,pp3_fine20_corrected_routes,0.007778461562885453,False,2777,37848,158,37690,2619,False
train_2213_a_1.nii.gz,34,0,2a,iso07_best,exp017_cont_e050_abs_e150,raw,5.8058522987804306e-11,False,2777,14447,0,14447,2777,False
train_2213_a_1.nii.gz,34,0,2a,iso07_best,exp017_cont_e050_abs_e150,pp2_whole_lung20,5.8058522987804306e-11,False,2777,14447,0,14447,2777,False
train_2213_a_1.nii.gz,34,0,2a,iso07_best,exp017_cont_e050_abs_e150,pp3_fine20_corrected_routes,5.8058522987804306e-11,False,2777,14447,0,14447,2777,False
train_13076_a_1.nii.gz,35,0,2h,overall_best,exp007_cont_e050_abs_e150,raw,0.1782192300593064,True,8793,33391,3759,29632,5034,True
train_13076_a_1.nii.gz,35,0,2h,overall_best,exp007_cont_e050_abs_e150,pp2_whole_lung20,0.1782192300593064,True,8793,33391,3759,29632,5034,True
train_13076_a_1.nii.gz,35,0,2h,overall_best,exp007_cont_e050_abs_e150,pp3_fine20_corrected_routes,0.1782192300593064,True,8793,33391,3759,29632,5034,True
train_13076_a_1.nii.gz,35,0,2h,category_best,exp017_cont_e075_abs_e175,raw,0.05565411911725443,False,8793,43063,1443,41620,7350,True
train_13076_a_1.nii.gz,35,0,2h,category_best,exp017_cont_e075_abs_e175,pp2_whole_lung20,0.05634407764283508,False,8793,42428,1443,40985,7350,True
train_13076_a_1.nii.gz,35,0,2h,category_best,exp017_cont_e075_abs_e175,pp3_fine20_corrected_routes,0.05634407764283508,False,8793,42428,1443,40985,7350,True
train_13076_a_1.nii.gz,35,0,2h,iso07_best,exp017_cont_e050_abs_e150,raw,0.039533252597094524,False,8793,22573,620,21953,8173,True
train_13076_a_1.nii.gz,35,0,2h,iso07_best,exp017_cont_e050_abs_e150,pp2_whole_lung20,0.039533252597094524,False,8793,22573,620,21953,8173,True
train_13076_a_1.nii.gz,35,0,2h,iso07_best,exp017_cont_e050_abs_e150,pp3_fine20_corrected_routes,0.039533252597094524,False,8793,22573,620,21953,8173,True
train_13076_a_1.nii.gz,35,1,2a,overall_best,exp007_cont_e050_abs_e150,raw,0.44877679459970715,True,10715,31551,9484,22067,1231,True
train_13076_a_1.nii.gz,35,1,2a,overall_best,exp007_cont_e050_abs_e150,pp2_whole_lung20,0.44877679459970715,True,10715,31551,9484,22067,1231,True
train_13076_a_1.nii.gz,35,1,2a,overall_best,exp007_cont_e050_abs_e150,pp3_fine20_corrected_routes,0.448882998877109,True,10715,31541,9484,22057,1231,True
train_13076_a_1.nii.gz,35,1,2a,category_best,exp009_s3v2_e100,raw,0.38033855614734347,True,10715,43279,10268,33011,447,True
train_13076_a_1.nii.gz,35,1,2a,category_best,exp009_s3v2_e100,pp2_whole_lung20,0.38033855614734347,True,10715,43279,10268,33011,447,True
train_13076_a_1.nii.gz,35,1,2a,category_best,exp009_s3v2_e100,pp3_fine20_corrected_routes,0.38033855614734347,True,10715,43279,10268,33011,447,True
train_13076_a_1.nii.gz,35,1,2a,iso07_best,exp017_cont_e050_abs_e150,raw,0.45941524172843007,True,10715,27181,8705,18476,2010,True
train_13076_a_1.nii.gz,35,1,2a,iso07_best,exp017_cont_e050_abs_e150,pp2_whole_lung20,0.45941524172843007,True,10715,27181,8705,18476,2010,True
train_13076_a_1.nii.gz,35,1,2a,iso07_best,exp017_cont_e050_abs_e150,pp3_fine20_corrected_routes,0.45941524172843007,True,10715,27181,8705,18476,2010,True
train_13076_a_1.nii.gz,35,2,2d,overall_best,exp007_cont_e050_abs_e150,raw,0.20815347759800792,True,247,1838,217,1621,30,False
train_13076_a_1.nii.gz,35,2,2d,overall_best,exp007_cont_e050_abs_e150,pp2_whole_lung20,0.20815347759800792,True,247,1838,217,1621,30,False
train_13076_a_1.nii.gz,35,2,2d,overall_best,exp007_cont_e050_abs_e150,pp3_fine20_corrected_routes,0.20815347759800792,True,247,1838,217,1621,30,False
train_13076_a_1.nii.gz,35,2,2d,category_best,exp007_cont_e050_abs_e150,raw,0.20815347759800792,True,247,1838,217,1621,30,False
train_13076_a_1.nii.gz,35,2,2d,category_best,exp007_cont_e050_abs_e150,pp2_whole_lung20,0.20815347759800792,True,247,1838,217,1621,30,False
train_13076_a_1.nii.gz,35,2,2d,category_best,exp007_cont_e050_abs_e150,pp3_fine20_corrected_routes,0.20815347759800792,True,247,1838,217,1621,30,False
train_13076_a_1.nii.gz,35,2,2d,iso07_best,exp017_cont_e050_abs_e150,raw,0.21716101736379181,True,247,1641,205,1436,42,False
train_13076_a_1.nii.gz,35,2,2d,iso07_best,exp017_cont_e050_abs_e150,pp2_whole_lung20,0.22043010794600532,True,247,1613,205,1408,42,False
train_13076_a_1.nii.gz,35,2,2d,iso07_best,exp017_cont_e050_abs_e150,pp3_fine20_corrected_routes,0.22043010794600532,True,247,1613,205,1408,42,False
train_2639_a_1.nii.gz,36,0,2c,overall_best,exp007_cont_e050_abs_e150,raw,0.7640282131753907,True,12667,12853,9749,3104,2918,False
train_2639_a_1.nii.gz,36,0,2c,overall_best,exp007_cont_e050_abs_e150,pp2_whole_lung20,0.7656182510792156,True,12667,12800,9749,3051,2918,False
train_2639_a_1.nii.gz,36,0,2c,overall_best,exp007_cont_e050_abs_e150,pp3_fine20_corrected_routes,0.7656182510792156,True,12667,12800,9749,3051,2918,False
train_2639_a_1.nii.gz,36,0,2c,category_best,exp007_cont_e050_abs_e150,raw,0.7640282131753907,True,12667,12853,9749,3104,2918,False
train_2639_a_1.nii.gz,36,0,2c,category_best,exp007_cont_e050_abs_e150,pp2_whole_lung20,0.7656182510792156,True,12667,12800,9749,3051,2918,False
train_2639_a_1.nii.gz,36,0,2c,category_best,exp007_cont_e050_abs_e150,pp3_fine20_corrected_routes,0.7656182510792156,True,12667,12800,9749,3051,2918,False
train_2639_a_1.nii.gz,36,0,2c,iso07_best,exp017_cont_e050_abs_e150,raw,0.7617856025844861,True,12667,9712,8524,1188,4143,False
train_2639_a_1.nii.gz,36,0,2c,iso07_best,exp017_cont_e050_abs_e150,pp2_whole_lung20,0.7623306354352131,True,12667,9696,8524,1172,4143,False
train_2639_a_1.nii.gz,36,0,2c,iso07_best,exp017_cont_e050_abs_e150,pp3_fine20_corrected_routes,0.7623306354352131,True,12667,9696,8524,1172,4143,False
train_19355_a_2.nii.gz,37,0,2d,overall_best,exp007_cont_e050_abs_e150,raw,0.7931963146997596,True,3696,3359,2798,561,898,False
train_19355_a_2.nii.gz,37,0,2d,overall_best,exp007_cont_e050_abs_e150,pp2_whole_lung20,0.7931963146997596,True,3696,3359,2798,561,898,False
train_19355_a_2.nii.gz,37,0,2d,overall_best,exp007_cont_e050_abs_e150,pp3_fine20_corrected_routes,0.7931963146997596,True,3696,3359,2798,561,898,False
train_19355_a_2.nii.gz,37,0,2d,category_best,exp007_cont_e050_abs_e150,raw,0.7931963146997596,True,3696,3359,2798,561,898,False
train_19355_a_2.nii.gz,37,0,2d,category_best,exp007_cont_e050_abs_e150,pp2_whole_lung20,0.7931963146997596,True,3696,3359,2798,561,898,False
train_19355_a_2.nii.gz,37,0,2d,category_best,exp007_cont_e050_abs_e150,pp3_fine20_corrected_routes,0.7931963146997596,True,3696,3359,2798,561,898,False
train_19355_a_2.nii.gz,37,0,2d,iso07_best,exp017_cont_e050_abs_e150,raw,0.8202751629514445,True,3696,3209,2832,377,864,False
train_19355_a_2.nii.gz,37,0,2d,iso07_best,exp017_cont_e050_abs_e150,pp2_whole_lung20,0.8202751629514445,True,3696,3209,2832,377,864,False
train_19355_a_2.nii.gz,37,0,2d,iso07_best,exp017_cont_e050_abs_e150,pp3_fine20_corrected_routes,0.8202751629514445,True,3696,3209,2832,377,864,False
train_19355_a_2.nii.gz,37,1,2a,overall_best,exp007_cont_e050_abs_e150,raw,0.5045116773481274,True,2284,5252,1901,3351,383,False
train_19355_a_2.nii.gz,37,1,2a,overall_best,exp007_cont_e050_abs_e150,pp2_whole_lung20,0.5045116773481274,True,2284,5252,1901,3351,383,False
train_19355_a_2.nii.gz,37,1,2a,overall_best,exp007_cont_e050_abs_e150,pp3_fine20_corrected_routes,0.5045116773481274,True,2284,5252,1901,3351,383,False
train_19355_a_2.nii.gz,37,1,2a,category_best,exp009_s3v2_e100,raw,0.5929203540466308,True,2284,4044,1876,2168,408,False
train_19355_a_2.nii.gz,37,1,2a,category_best,exp009_s3v2_e100,pp2_whole_lung20,0.5929203540466308,True,2284,4044,1876,2168,408,False
train_19355_a_2.nii.gz,37,1,2a,category_best,exp009_s3v2_e100,pp3_fine20_corrected_routes,0.5929203540466308,True,2284,4044,1876,2168,408,False
train_19355_a_2.nii.gz,37,1,2a,iso07_best,exp017_cont_e050_abs_e150,raw,0.4487616451432899,True,2284,6518,1975,4543,309,False
train_19355_a_2.nii.gz,37,1,2a,iso07_best,exp017_cont_e050_abs_e150,pp2_whole_lung20,0.44998860794600265,True,2284,6494,1975,4519,309,False
train_19355_a_2.nii.gz,37,1,2a,iso07_best,exp017_cont_e050_abs_e150,pp3_fine20_corrected_routes,0.44998860794600265,True,2284,6494,1975,4519,309,False
train_12991_a_1.nii.gz,38,0,2c,overall_best,exp007_cont_e050_abs_e150,raw,0.13845998296854883,True,12432,56801,4793,52008,7639,False
train_12991_a_1.nii.gz,38,0,2c,overall_best,exp007_cont_e050_abs_e150,pp2_whole_lung20,0.13845998296854883,True,12432,56801,4793,52008,7639,False
train_12991_a_1.nii.gz,38,0,2c,overall_best,exp007_cont_e050_abs_e150,pp3_fine20_corrected_routes,0.13845998296854883,True,12432,56801,4793,52008,7639,False
train_12991_a_1.nii.gz,38,0,2c,category_best,exp007_cont_e050_abs_e150,raw,0.13845998296854883,True,12432,56801,4793,52008,7639,False
train_12991_a_1.nii.gz,38,0,2c,category_best,exp007_cont_e050_abs_e150,pp2_whole_lung20,0.13845998296854883,True,12432,56801,4793,52008,7639,False
train_12991_a_1.nii.gz,38,0,2c,category_best,exp007_cont_e050_abs_e150,pp3_fine20_corrected_routes,0.13845998296854883,True,12432,56801,4793,52008,7639,False
train_12991_a_1.nii.gz,38,0,2c,iso07_best,exp017_cont_e050_abs_e150,raw,0.15496851756813793,True,12432,99694,8688,91006,3744,False
train_12991_a_1.nii.gz,38,0,2c,iso07_best,exp017_cont_e050_abs_e150,pp2_whole_lung20,0.15496851756813793,True,12432,99694,8688,91006,3744,False
train_12991_a_1.nii.gz,38,0,2c,iso07_best,exp017_cont_e050_abs_e150,pp3_fine20_corrected_routes,0.15496851756813793,True,12432,99694,8688,91006,3744,False
train_12991_a_1.nii.gz,38,1,2b,overall_best,exp007_cont_e050_abs_e150,raw,0.01201749145839439,False,482,31305,191,31114,291,False
train_12991_a_1.nii.gz,38,1,2b,overall_best,exp007_cont_e050_abs_e150,pp2_whole_lung20,0.01201749145839439,False,482,31305,191,31114,291,False
train_12991_a_1.nii.gz,38,1,2b,overall_best,exp007_cont_e050_abs_e150,pp3_fine20_corrected_routes,0.01201749145839439,False,482,31305,191,31114,291,False
train_12991_a_1.nii.gz,38,1,2b,category_best,exp013_category_2all_focal_target100_e100,raw,0.016729129342662373,False,482,54751,462,54289,20,False
train_12991_a_1.nii.gz,38,1,2b,category_best,exp013_category_2all_focal_target100_e100,pp2_whole_lung20,0.016729129342662373,False,482,54751,462,54289,20,False
train_12991_a_1.nii.gz,38,1,2b,category_best,exp013_category_2all_focal_target100_e100,pp3_fine20_corrected_routes,0.016729129342662373,False,482,54751,462,54289,20,False
train_12991_a_1.nii.gz,38,1,2b,iso07_best,exp017_cont_e050_abs_e150,raw,0.008169719349280543,False,482,52641,217,52424,265,False
train_12991_a_1.nii.gz,38,1,2b,iso07_best,exp017_cont_e050_abs_e150,pp2_whole_lung20,0.008169719349280543,False,482,52641,217,52424,265,False
train_12991_a_1.nii.gz,38,1,2b,iso07_best,exp017_cont_e050_abs_e150,pp3_fine20_corrected_routes,0.008169719349280543,False,482,52641,217,52424,265,False
train_12991_a_1.nii.gz,38,2,2c,overall_best,exp007_cont_e050_abs_e150,raw,0.47030105787829507,True,1547,3369,1156,2213,391,False
train_12991_a_1.nii.gz,38,2,2c,overall_best,exp007_cont_e050_abs_e150,pp2_whole_lung20,0.47030105787829507,True,1547,3369,1156,2213,391,False
train_12991_a_1.nii.gz,38,2,2c,overall_best,exp007_cont_e050_abs_e150,pp3_fine20_corrected_routes,0.47030105787829507,True,1547,3369,1156,2213,391,False
train_12991_a_1.nii.gz,38,2,2c,category_best,exp007_cont_e050_abs_e150,raw,0.47030105787829507,True,1547,3369,1156,2213,391,False
train_12991_a_1.nii.gz,38,2,2c,category_best,exp007_cont_e050_abs_e150,pp2_whole_lung20,0.47030105787829507,True,1547,3369,1156,2213,391,False
train_12991_a_1.nii.gz,38,2,2c,category_best,exp007_cont_e050_abs_e150,pp3_fine20_corrected_routes,0.47030105787829507,True,1547,3369,1156,2213,391,False
train_12991_a_1.nii.gz,38,2,2c,iso07_best,exp017_cont_e050_abs_e150,raw,0.4241435563980131,True,1547,3357,1040,2317,507,False
train_12991_a_1.nii.gz,38,2,2c,iso07_best,exp017_cont_e050_abs_e150,pp2_whole_lung20,0.4241435563980131,True,1547,3357,1040,2317,507,False
train_12991_a_1.nii.gz,38,2,2c,iso07_best,exp017_cont_e050_abs_e150,pp3_fine20_corrected_routes,0.4241435563980131,True,1547,3357,1040,2317,507,False
train_12991_a_1.nii.gz,38,3,2c,overall_best,exp007_cont_e050_abs_e150,raw,0.5673915813361806,True,47613,101508,42305,59203,5308,False
train_12991_a_1.nii.gz,38,3,2c,overall_best,exp007_cont_e050_abs_e150,pp2_whole_lung20,0.5673915813361806,True,47613,101508,42305,59203,5308,False
train_12991_a_1.nii.gz,38,3,2c,overall_best,exp007_cont_e050_abs_e150,pp3_fine20_corrected_routes,0.5673915813361806,True,47613,101508,42305,59203,5308,False
train_12991_a_1.nii.gz,38,3,2c,category_best,exp007_cont_e050_abs_e150,raw,0.5673915813361806,True,47613,101508,42305,59203,5308,False
train_12991_a_1.nii.gz,38,3,2c,category_best,exp007_cont_e050_abs_e150,pp2_whole_lung20,0.5673915813361806,True,47613,101508,42305,59203,5308,False
train_12991_a_1.nii.gz,38,3,2c,category_best,exp007_cont_e050_abs_e150,pp3_fine20_corrected_routes,0.5673915813361806,True,47613,101508,42305,59203,5308,False
train_12991_a_1.nii.gz,38,3,2c,iso07_best,exp017_cont_e050_abs_e150,raw,0.4889682904712858,True,47613,121989,41465,80524,6148,False
train_12991_a_1.nii.gz,38,3,2c,iso07_best,exp017_cont_e050_abs_e150,pp2_whole_lung20,0.4889682904712858,True,47613,121989,41465,80524,6148,False
train_12991_a_1.nii.gz,38,3,2c,iso07_best,exp017_cont_e050_abs_e150,pp3_fine20_corrected_routes,0.4889682904712858,True,47613,121989,41465,80524,6148,False
train_12991_a_1.nii.gz,38,4,2b,overall_best,exp007_cont_e050_abs_e150,raw,0.05718211393875286,False,1746,47745,1415,46330,331,False
train_12991_a_1.nii.gz,38,4,2b,overall_best,exp007_cont_e050_abs_e150,pp2_whole_lung20,0.05718211393875286,False,1746,47745,1415,46330,331,False
train_12991_a_1.nii.gz,38,4,2b,overall_best,exp007_cont_e050_abs_e150,pp3_fine20_corrected_routes,0.05718211393875286,False,1746,47745,1415,46330,331,False
train_12991_a_1.nii.gz,38,4,2b,category_best,exp013_category_2all_focal_target100_e100,raw,0.03519922569712535,False,1746,60244,1091,59153,655,False
train_12991_a_1.nii.gz,38,4,2b,category_best,exp013_category_2all_focal_target100_e100,pp2_whole_lung20,0.03519922569712535,False,1746,60244,1091,59153,655,False
train_12991_a_1.nii.gz,38,4,2b,category_best,exp013_category_2all_focal_target100_e100,pp3_fine20_corrected_routes,0.03519922569712535,False,1746,60244,1091,59153,655,False
train_12991_a_1.nii.gz,38,4,2b,iso07_best,exp017_cont_e050_abs_e150,raw,0.05304289170870761,False,1746,59035,1612,57423,134,False
train_12991_a_1.nii.gz,38,4,2b,iso07_best,exp017_cont_e050_abs_e150,pp2_whole_lung20,0.05304289170870761,False,1746,59035,1612,57423,134,False
train_12991_a_1.nii.gz,38,4,2b,iso07_best,exp017_cont_e050_abs_e150,pp3_fine20_corrected_routes,0.05304289170870761,False,1746,59035,1612,57423,134,False
train_2509_b_1.nii.gz,39,0,1e,overall_best,exp007_cont_e050_abs_e150,raw,0.31000660806623814,True,124284,396292,80691,315601,43593,False
train_2509_b_1.nii.gz,39,0,1e,overall_best,exp007_cont_e050_abs_e150,pp2_whole_lung20,0.31913353688574947,True,124284,381404,80691,300713,43593,False
train_2509_b_1.nii.gz,39,0,1e,overall_best,exp007_cont_e050_abs_e150,pp3_fine20_corrected_routes,0.31913353688574947,True,124284,381404,80691,300713,43593,False
train_2509_b_1.nii.gz,39,0,1e,category_best,exp012_r02_category_2d_replay50_e100,raw,0.4275188582172412,True,124284,229408,75605,153803,48679,False
train_2509_b_1.nii.gz,39,0,1e,category_best,exp012_r02_category_2d_replay50_e100,pp2_whole_lung20,0.44369912615995677,True,124284,216510,75605,140905,48679,False
train_2509_b_1.nii.gz,39,0,1e,category_best,exp012_r02_category_2d_replay50_e100,pp3_fine20_corrected_routes,0.44369912615995677,True,124284,216510,75605,140905,48679,False
train_2509_b_1.nii.gz,39,0,1e,iso07_best,exp017_cont_e050_abs_e150,raw,0.17278566367609413,True,124284,94461,18898,75563,105386,False
train_2509_b_1.nii.gz,39,0,1e,iso07_best,exp017_cont_e050_abs_e150,pp2_whole_lung20,0.17486166886034168,True,124284,91864,18898,72966,105386,False
train_2509_b_1.nii.gz,39,0,1e,iso07_best,exp017_cont_e050_abs_e150,pp3_fine20_corrected_routes,0.17486166886034168,True,124284,91864,18898,72966,105386,False
train_2589_a_2.nii.gz,40,0,2c,overall_best,exp007_cont_e050_abs_e150,raw,0.4007518797555685,True,3845,6795,2132,4663,1713,False
train_2589_a_2.nii.gz,40,0,2c,overall_best,exp007_cont_e050_abs_e150,pp2_whole_lung20,0.4007518797555685,True,3845,6795,2132,4663,1713,False
train_2589_a_2.nii.gz,40,0,2c,overall_best,exp007_cont_e050_abs_e150,pp3_fine20_corrected_routes,0.4007518797555685,True,3845,6795,2132,4663,1713,False
train_2589_a_2.nii.gz,40,0,2c,category_best,exp007_cont_e050_abs_e150,raw,0.4007518797555685,True,3845,6795,2132,4663,1713,False
train_2589_a_2.nii.gz,40,0,2c,category_best,exp007_cont_e050_abs_e150,pp2_whole_lung20,0.4007518797555685,True,3845,6795,2132,4663,1713,False
train_2589_a_2.nii.gz,40,0,2c,category_best,exp007_cont_e050_abs_e150,pp3_fine20_corrected_routes,0.4007518797555685,True,3845,6795,2132,4663,1713,False
train_2589_a_2.nii.gz,40,0,2c,iso07_best,exp017_cont_e050_abs_e150,raw,0.2997086471716943,True,3845,14346,2726,11620,1119,False
train_2589_a_2.nii.gz,40,0,2c,iso07_best,exp017_cont_e050_abs_e150,pp2_whole_lung20,0.2997086471716943,True,3845,14346,2726,11620,1119,False
train_2589_a_2.nii.gz,40,0,2c,iso07_best,exp017_cont_e050_abs_e150,pp3_fine20_corrected_routes,0.2997086471716943,True,3845,14346,2726,11620,1119,False
train_18969_a_2.nii.gz,41,0,1c,overall_best,exp007_cont_e050_abs_e150,raw,0.778284293502576,True,1414,999,939,60,475,False
train_18969_a_2.nii.gz,41,0,1c,overall_best,exp007_cont_e050_abs_e150,pp2_whole_lung20,0.778284293502576,True,1414,999,939,60,475,False
train_18969_a_2.nii.gz,41,0,1c,overall_best,exp007_cont_e050_abs_e150,pp3_fine20_corrected_routes,0.778284293502576,True,1414,999,939,60,475,False
train_18969_a_2.nii.gz,41,0,1c,category_best,exp017_cont_e075_abs_e175,raw,0.6318277311891208,True,1414,2394,1203,1191,211,False
train_18969_a_2.nii.gz,41,0,1c,category_best,exp017_cont_e075_abs_e175,pp2_whole_lung20,0.8486772487306253,True,1414,1421,1203,218,211,False
train_18969_a_2.nii.gz,41,0,1c,category_best,exp017_cont_e075_abs_e175,pp3_fine20_corrected_routes,0.8486772487306253,True,1414,1421,1203,218,211,False
train_18969_a_2.nii.gz,41,0,1c,iso07_best,exp017_cont_e050_abs_e150,raw,0.81908548713748,True,1414,1604,1236,368,178,False
train_18969_a_2.nii.gz,41,0,1c,iso07_best,exp017_cont_e050_abs_e150,pp2_whole_lung20,0.837114798565149,True,1414,1539,1236,303,178,False
train_18969_a_2.nii.gz,41,0,1c,iso07_best,exp017_cont_e050_abs_e150,pp3_fine20_corrected_routes,0.837114798565149,True,1414,1539,1236,303,178,False
train_18969_a_2.nii.gz,41,1,2d,overall_best,exp007_cont_e050_abs_e150,raw,0.47877759001905335,True,178,411,141,270,37,False
train_18969_a_2.nii.gz,41,1,2d,overall_best,exp007_cont_e050_abs_e150,pp2_whole_lung20,0.47877759001905335,True,178,411,141,270,37,False
train_18969_a_2.nii.gz,41,1,2d,overall_best,exp007_cont_e050_abs_e150,pp3_fine20_corrected_routes,0.47877759001905335,True,178,411,141,270,37,False
train_18969_a_2.nii.gz,41,1,2d,category_best,exp007_cont_e050_abs_e150,raw,0.47877759001905335,True,178,411,141,270,37,False
train_18969_a_2.nii.gz,41,1,2d,category_best,exp007_cont_e050_abs_e150,pp2_whole_lung20,0.47877759001905335,True,178,411,141,270,37,False
train_18969_a_2.nii.gz,41,1,2d,category_best,exp007_cont_e050_abs_e150,pp3_fine20_corrected_routes,0.47877759001905335,True,178,411,141,270,37,False
train_18969_a_2.nii.gz,41,1,2d,iso07_best,exp017_cont_e050_abs_e150,raw,0.5383177578723033,True,178,357,144,213,34,False
train_18969_a_2.nii.gz,41,1,2d,iso07_best,exp017_cont_e050_abs_e150,pp2_whole_lung20,0.5383177578723033,True,178,357,144,213,34,False
train_18969_a_2.nii.gz,41,1,2d,iso07_best,exp017_cont_e050_abs_e150,pp3_fine20_corrected_routes,0.5383177578723033,True,178,357,144,213,34,False
train_18969_a_2.nii.gz,41,2,1c,overall_best,exp007_cont_e050_abs_e150,raw,2.173913038752363e-09,False,159,301,0,301,159,False
train_18969_a_2.nii.gz,41,2,1c,overall_best,exp007_cont_e050_abs_e150,pp2_whole_lung20,2.173913038752363e-09,False,159,301,0,301,159,False
train_18969_a_2.nii.gz,41,2,1c,overall_best,exp007_cont_e050_abs_e150,pp3_fine20_corrected_routes,2.173913038752363e-09,False,159,301,0,301,159,False
train_18969_a_2.nii.gz,41,2,1c,category_best,exp017_cont_e075_abs_e175,raw,1.7985611478443144e-09,False,159,397,0,397,159,False
train_18969_a_2.nii.gz,41,2,1c,category_best,exp017_cont_e075_abs_e175,pp2_whole_lung20,3.891050568517313e-09,False,159,98,0,98,159,False
train_18969_a_2.nii.gz,41,2,1c,category_best,exp017_cont_e075_abs_e175,pp3_fine20_corrected_routes,3.891050568517313e-09,False,159,98,0,98,159,False
train_18969_a_2.nii.gz,41,2,1c,iso07_best,exp017_cont_e050_abs_e150,raw,6.2893081365452314e-09,False,159,0,0,0,159,False
train_18969_a_2.nii.gz,41,2,1c,iso07_best,exp017_cont_e050_abs_e150,pp2_whole_lung20,6.2893081365452314e-09,False,159,0,0,0,159,False
train_18969_a_2.nii.gz,41,2,1c,iso07_best,exp017_cont_e050_abs_e150,pp3_fine20_corrected_routes,6.2893081365452314e-09,False,159,0,0,0,159,False
train_13092_a_2.nii.gz,42,0,2d,overall_best,exp007_cont_e050_abs_e150,raw,0.15015015066057047,True,127,1538,125,1413,2,False
train_13092_a_2.nii.gz,42,0,2d,overall_best,exp007_cont_e050_abs_e150,pp2_whole_lung20,0.15015015066057047,True,127,1538,125,1413,2,False
train_13092_a_2.nii.gz,42,0,2d,overall_best,exp007_cont_e050_abs_e150,pp3_fine20_corrected_routes,0.2116850133685986,True,127,1054,125,929,2,False
train_13092_a_2.nii.gz,42,0,2d,category_best,exp007_cont_e050_abs_e150,raw,0.15015015066057047,True,127,1538,125,1413,2,False
train_13092_a_2.nii.gz,42,0,2d,category_best,exp007_cont_e050_abs_e150,pp2_whole_lung20,0.15015015066057047,True,127,1538,125,1413,2,False
train_13092_a_2.nii.gz,42,0,2d,category_best,exp007_cont_e050_abs_e150,pp3_fine20_corrected_routes,0.2116850133685986,True,127,1054,125,929,2,False
train_13092_a_2.nii.gz,42,0,2d,iso07_best,exp017_cont_e050_abs_e150,raw,0.1707650278888217,True,127,1337,125,1212,2,False
train_13092_a_2.nii.gz,42,0,2d,iso07_best,exp017_cont_e050_abs_e150,pp2_whole_lung20,0.1707650278888217,True,127,1337,125,1212,2,False
train_13092_a_2.nii.gz,42,0,2d,iso07_best,exp017_cont_e050_abs_e150,pp3_fine20_corrected_routes,0.34626038871709086,True,127,595,125,470,2,False
train_13092_a_2.nii.gz,42,1,1e,overall_best,exp007_cont_e050_abs_e150,raw,0.11323328805974686,True,1515,2883,249,2634,1266,False
train_13092_a_2.nii.gz,42,1,1e,overall_best,exp007_cont_e050_abs_e150,pp2_whole_lung20,0.11323328805974686,True,1515,2883,249,2634,1266,False
train_13092_a_2.nii.gz,42,1,1e,overall_best,exp007_cont_e050_abs_e150,pp3_fine20_corrected_routes,0.11323328805974686,True,1515,2883,249,2634,1266,False
train_13092_a_2.nii.gz,42,1,1e,category_best,exp012_r02_category_2d_replay50_e100,raw,0.15147329669625384,True,1515,2829,329,2500,1186,False
train_13092_a_2.nii.gz,42,1,1e,category_best,exp012_r02_category_2d_replay50_e100,pp2_whole_lung20,0.15147329669625384,True,1515,2829,329,2500,1186,False
train_13092_a_2.nii.gz,42,1,1e,category_best,exp012_r02_category_2d_replay50_e100,pp3_fine20_corrected_routes,0.15147329669625384,True,1515,2829,329,2500,1186,False
train_13092_a_2.nii.gz,42,1,1e,iso07_best,exp017_cont_e050_abs_e150,raw,0.12286689442823133,True,1515,2294,234,2060,1281,False
train_13092_a_2.nii.gz,42,1,1e,iso07_best,exp017_cont_e050_abs_e150,pp2_whole_lung20,0.12286689442823133,True,1515,2294,234,2060,1281,False
train_13092_a_2.nii.gz,42,1,1e,iso07_best,exp017_cont_e050_abs_e150,pp3_fine20_corrected_routes,0.12286689442823133,True,1515,2294,234,2060,1281,False
train_13092_a_2.nii.gz,42,2,1f,overall_best,exp007_cont_e050_abs_e150,raw,0.23497563658095524,True,229,1618,217,1401,12,False
train_13092_a_2.nii.gz,42,2,1f,overall_best,exp007_cont_e050_abs_e150,pp2_whole_lung20,0.23497563658095524,True,229,1618,217,1401,12,False
train_13092_a_2.nii.gz,42,2,1f,overall_best,exp007_cont_e050_abs_e150,pp3_fine20_corrected_routes,0.23497563658095524,True,229,1618,217,1401,12,False
train_13092_a_2.nii.gz,42,2,1f,category_best,exp007_cont_e100_abs_e200,raw,0.36663007753388577,True,229,682,167,515,62,False
train_13092_a_2.nii.gz,42,2,1f,category_best,exp007_cont_e100_abs_e200,pp2_whole_lung20,0.36663007753388577,True,229,682,167,515,62,False
train_13092_a_2.nii.gz,42,2,1f,category_best,exp007_cont_e100_abs_e200,pp3_fine20_corrected_routes,0.36663007753388577,True,229,682,167,515,62,False
train_13092_a_2.nii.gz,42,2,1f,iso07_best,exp017_cont_e050_abs_e150,raw,8.635578576307789e-10,False,229,929,0,929,229,False
train_13092_a_2.nii.gz,42,2,1f,iso07_best,exp017_cont_e050_abs_e150,pp2_whole_lung20,8.635578576307789e-10,False,229,929,0,929,229,False
train_13092_a_2.nii.gz,42,2,1f,iso07_best,exp017_cont_e050_abs_e150,pp3_fine20_corrected_routes,8.635578576307789e-10,False,229,929,0,929,229,False
train_18967_a_2.nii.gz,43,0,2c,overall_best,exp007_cont_e050_abs_e150,raw,0.6953484096369246,True,67859,40921,37820,3101,30039,False
train_18967_a_2.nii.gz,43,0,2c,overall_best,exp007_cont_e050_abs_e150,pp2_whole_lung20,0.6953484096369246,True,67859,40921,37820,3101,30039,False
train_18967_a_2.nii.gz,43,0,2c,overall_best,exp007_cont_e050_abs_e150,pp3_fine20_corrected_routes,0.6953484096369246,True,67859,40921,37820,3101,30039,False
train_18967_a_2.nii.gz,43,0,2c,category_best,exp007_cont_e050_abs_e150,raw,0.6953484096369246,True,67859,40921,37820,3101,30039,False
train_18967_a_2.nii.gz,43,0,2c,category_best,exp007_cont_e050_abs_e150,pp2_whole_lung20,0.6953484096369246,True,67859,40921,37820,3101,30039,False
train_18967_a_2.nii.gz,43,0,2c,category_best,exp007_cont_e050_abs_e150,pp3_fine20_corrected_routes,0.6953484096369246,True,67859,40921,37820,3101,30039,False
train_18967_a_2.nii.gz,43,0,2c,iso07_best,exp017_cont_e050_abs_e150,raw,0.49146800899640714,True,67859,26902,23286,3616,44573,False
train_18967_a_2.nii.gz,43,0,2c,iso07_best,exp017_cont_e050_abs_e150,pp2_whole_lung20,0.49146800899640714,True,67859,26902,23286,3616,44573,False
train_18967_a_2.nii.gz,43,0,2c,iso07_best,exp017_cont_e050_abs_e150,pp3_fine20_corrected_routes,0.49146800899640714,True,67859,26902,23286,3616,44573,False
train_19452_a_2.nii.gz,44,0,2b,overall_best,exp007_cont_e050_abs_e150,raw,0.6254441677729934,True,24084,11657,11177,480,12907,False
train_19452_a_2.nii.gz,44,0,2b,overall_best,exp007_cont_e050_abs_e150,pp2_whole_lung20,0.6254441677729934,True,24084,11657,11177,480,12907,False
train_19452_a_2.nii.gz,44,0,2b,overall_best,exp007_cont_e050_abs_e150,pp3_fine20_corrected_routes,0.6254441677729934,True,24084,11657,11177,480,12907,False
train_19452_a_2.nii.gz,44,0,2b,category_best,exp013_category_2all_focal_target100_e100,raw,0.6369701217548744,True,24084,14439,12269,2170,11815,False
train_19452_a_2.nii.gz,44,0,2b,category_best,exp013_category_2all_focal_target100_e100,pp2_whole_lung20,0.6369701217548744,True,24084,14439,12269,2170,11815,False
train_19452_a_2.nii.gz,44,0,2b,category_best,exp013_category_2all_focal_target100_e100,pp3_fine20_corrected_routes,0.660813831372073,True,24084,13049,12269,780,11815,False
train_19452_a_2.nii.gz,44,0,2b,iso07_best,exp017_cont_e050_abs_e150,raw,0.5101696475286017,True,24084,8513,8315,198,15769,False
train_19452_a_2.nii.gz,44,0,2b,iso07_best,exp017_cont_e050_abs_e150,pp2_whole_lung20,0.5101696475286017,True,24084,8513,8315,198,15769,False
train_19452_a_2.nii.gz,44,0,2b,iso07_best,exp017_cont_e050_abs_e150,pp3_fine20_corrected_routes,0.5101696475286017,True,24084,8513,8315,198,15769,False
train_19452_a_2.nii.gz,44,1,2c,overall_best,exp007_cont_e050_abs_e150,raw,0.6644041734000937,True,201623,131343,110612,20731,91011,False
train_19452_a_2.nii.gz,44,1,2c,overall_best,exp007_cont_e050_abs_e150,pp2_whole_lung20,0.671014237790895,True,201623,128063,110612,17451,91011,False
train_19452_a_2.nii.gz,44,1,2c,overall_best,exp007_cont_e050_abs_e150,pp3_fine20_corrected_routes,0.671014237790895,True,201623,128063,110612,17451,91011,False
train_19452_a_2.nii.gz,44,1,2c,category_best,exp007_cont_e050_abs_e150,raw,0.6644041734000937,True,201623,131343,110612,20731,91011,False
train_19452_a_2.nii.gz,44,1,2c,category_best,exp007_cont_e050_abs_e150,pp2_whole_lung20,0.671014237790895,True,201623,128063,110612,17451,91011,False
train_19452_a_2.nii.gz,44,1,2c,category_best,exp007_cont_e050_abs_e150,pp3_fine20_corrected_routes,0.671014237790895,True,201623,128063,110612,17451,91011,False
train_19452_a_2.nii.gz,44,1,2c,iso07_best,exp017_cont_e050_abs_e150,raw,0.6746399506716404,True,201623,125971,110504,15467,91119,False
train_19452_a_2.nii.gz,44,1,2c,iso07_best,exp017_cont_e050_abs_e150,pp2_whole_lung20,0.6822118916659499,True,201623,122335,110504,11831,91119,False
train_19452_a_2.nii.gz,44,1,2c,iso07_best,exp017_cont_e050_abs_e150,pp3_fine20_corrected_routes,0.6822118916659499,True,201623,122335,110504,11831,91119,False
train_19452_a_2.nii.gz,44,2,2a,overall_best,exp007_cont_e050_abs_e150,raw,0.16747301825531558,True,21024,21968,3600,18368,17424,False
train_19452_a_2.nii.gz,44,2,2a,overall_best,exp007_cont_e050_abs_e150,pp2_whole_lung20,0.17172295365455728,True,21024,20904,3600,17304,17424,False
train_19452_a_2.nii.gz,44,2,2a,overall_best,exp007_cont_e050_abs_e150,pp3_fine20_corrected_routes,0.17172295365455728,True,21024,20904,3600,17304,17424,False
train_19452_a_2.nii.gz,44,2,2a,category_best,exp009_s3v2_e100,raw,0.2596003662611192,True,21024,16110,4820,11290,16204,False
train_19452_a_2.nii.gz,44,2,2a,category_best,exp009_s3v2_e100,pp2_whole_lung20,0.2669324915748205,True,21024,15090,4820,10270,16204,False
train_19452_a_2.nii.gz,44,2,2a,category_best,exp009_s3v2_e100,pp3_fine20_corrected_routes,0.2669324915748205,True,21024,15090,4820,10270,16204,False
train_19452_a_2.nii.gz,44,2,2a,iso07_best,exp017_cont_e050_abs_e150,raw,0.09064485430741454,False,21024,17853,1762,16091,19262,False
train_19452_a_2.nii.gz,44,2,2a,iso07_best,exp017_cont_e050_abs_e150,pp2_whole_lung20,0.09064485430741454,False,21024,17853,1762,16091,19262,False
train_19452_a_2.nii.gz,44,2,2a,iso07_best,exp017_cont_e050_abs_e150,pp3_fine20_corrected_routes,0.09064485430741454,False,21024,17853,1762,16091,19262,False
train_19452_a_2.nii.gz,44,3,2d,overall_best,exp007_cont_e050_abs_e150,raw,0.6022988508032765,True,1087,653,524,129,563,False
train_19452_a_2.nii.gz,44,3,2d,overall_best,exp007_cont_e050_abs_e150,pp2_whole_lung20,0.6022988508032765,True,1087,653,524,129,563,False
train_19452_a_2.nii.gz,44,3,2d,overall_best,exp007_cont_e050_abs_e150,pp3_fine20_corrected_routes,0.6022988508032765,True,1087,653,524,129,563,False
train_19452_a_2.nii.gz,44,3,2d,category_best,exp007_cont_e050_abs_e150,raw,0.6022988508032765,True,1087,653,524,129,563,False
train_19452_a_2.nii.gz,44,3,2d,category_best,exp007_cont_e050_abs_e150,pp2_whole_lung20,0.6022988508032765,True,1087,653,524,129,563,False
train_19452_a_2.nii.gz,44,3,2d,category_best,exp007_cont_e050_abs_e150,pp3_fine20_corrected_routes,0.6022988508032765,True,1087,653,524,129,563,False
train_19452_a_2.nii.gz,44,3,2d,iso07_best,exp017_cont_e050_abs_e150,raw,0.4923826937889197,True,1087,554,404,150,683,False
train_19452_a_2.nii.gz,44,3,2d,iso07_best,exp017_cont_e050_abs_e150,pp2_whole_lung20,0.5340383347428695,True,1087,426,404,22,683,False
train_19452_a_2.nii.gz,44,3,2d,iso07_best,exp017_cont_e050_abs_e150,pp3_fine20_corrected_routes,0.5340383347428695,True,1087,426,404,22,683,False
train_13166_a_2.nii.gz,45,0,1e,overall_best,exp007_cont_e050_abs_e150,raw,0.2455867659325428,True,2842,6165,1106,5059,1736,False
train_13166_a_2.nii.gz,45,0,1e,overall_best,exp007_cont_e050_abs_e150,pp2_whole_lung20,0.2455867659325428,True,2842,6165,1106,5059,1736,False
train_13166_a_2.nii.gz,45,0,1e,overall_best,exp007_cont_e050_abs_e150,pp3_fine20_corrected_routes,0.2455867659325428,True,2842,6165,1106,5059,1736,False
train_13166_a_2.nii.gz,45,0,1e,category_best,exp012_r02_category_2d_replay50_e100,raw,0.19217877103177464,True,2842,7003,946,6057,1896,False
train_13166_a_2.nii.gz,45,0,1e,category_best,exp012_r02_category_2d_replay50_e100,pp2_whole_lung20,0.19761855032404235,True,2842,6732,946,5786,1896,False
train_13166_a_2.nii.gz,45,0,1e,category_best,exp012_r02_category_2d_replay50_e100,pp3_fine20_corrected_routes,0.19761855032404235,True,2842,6732,946,5786,1896,False
train_13166_a_2.nii.gz,45,0,1e,iso07_best,exp017_cont_e050_abs_e150,raw,0.19477386942766092,True,2842,7108,969,6139,1873,False
train_13166_a_2.nii.gz,45,0,1e,iso07_best,exp017_cont_e050_abs_e150,pp2_whole_lung20,0.19477386942766092,True,2842,7108,969,6139,1873,False
train_13166_a_2.nii.gz,45,0,1e,iso07_best,exp017_cont_e050_abs_e150,pp3_fine20_corrected_routes,0.19477386942766092,True,2842,7108,969,6139,1873,False
train_13166_a_2.nii.gz,45,1,2d,overall_best,exp007_cont_e050_abs_e150,raw,0.15459204887732483,True,3886,3333,558,2775,3328,False
train_13166_a_2.nii.gz,45,1,2d,overall_best,exp007_cont_e050_abs_e150,pp2_whole_lung20,0.15892908015395485,True,3886,3136,558,2578,3328,False
train_13166_a_2.nii.gz,45,1,2d,overall_best,exp007_cont_e050_abs_e150,pp3_fine20_corrected_routes,0.15892908015395485,True,3886,3136,558,2578,3328,False
train_13166_a_2.nii.gz,45,1,2d,category_best,exp007_cont_e050_abs_e150,raw,0.15459204887732483,True,3886,3333,558,2775,3328,False
train_13166_a_2.nii.gz,45,1,2d,category_best,exp007_cont_e050_abs_e150,pp2_whole_lung20,0.15892908015395485,True,3886,3136,558,2578,3328,False
train_13166_a_2.nii.gz,45,1,2d,category_best,exp007_cont_e050_abs_e150,pp3_fine20_corrected_routes,0.15892908015395485,True,3886,3136,558,2578,3328,False
train_13166_a_2.nii.gz,45,1,2d,iso07_best,exp017_cont_e050_abs_e150,raw,0.0723804181410604,False,3886,3243,258,2985,3628,False
train_13166_a_2.nii.gz,45,1,2d,iso07_best,exp017_cont_e050_abs_e150,pp2_whole_lung20,0.08113207561617419,False,3886,2474,258,2216,3628,False
train_13166_a_2.nii.gz,45,1,2d,iso07_best,exp017_cont_e050_abs_e150,pp3_fine20_corrected_routes,0.08113207561617419,False,3886,2474,258,2216,3628,False
train_13166_a_2.nii.gz,45,2,2d,overall_best,exp007_cont_e050_abs_e150,raw,0.5798707295845273,True,1308,1941,942,999,366,False
train_13166_a_2.nii.gz,45,2,2d,overall_best,exp007_cont_e050_abs_e150,pp2_whole_lung20,0.5798707295845273,True,1308,1941,942,999,366,False
train_13166_a_2.nii.gz,45,2,2d,overall_best,exp007_cont_e050_abs_e150,pp3_fine20_corrected_routes,0.5798707295845273,True,1308,1941,942,999,366,False
train_13166_a_2.nii.gz,45,2,2d,category_best,exp007_cont_e050_abs_e150,raw,0.5798707295845273,True,1308,1941,942,999,366,False
train_13166_a_2.nii.gz,45,2,2d,category_best,exp007_cont_e050_abs_e150,pp2_whole_lung20,0.5798707295845273,True,1308,1941,942,999,366,False
train_13166_a_2.nii.gz,45,2,2d,category_best,exp007_cont_e050_abs_e150,pp3_fine20_corrected_routes,0.5798707295845273,True,1308,1941,942,999,366,False
train_13166_a_2.nii.gz,45,2,2d,iso07_best,exp017_cont_e050_abs_e150,raw,0.6162294082927916,True,1308,1970,1010,960,298,False
train_13166_a_2.nii.gz,45,2,2d,iso07_best,exp017_cont_e050_abs_e150,pp2_whole_lung20,0.6162294082927916,True,1308,1970,1010,960,298,False
train_13166_a_2.nii.gz,45,2,2d,iso07_best,exp017_cont_e050_abs_e150,pp3_fine20_corrected_routes,0.6162294082927916,True,1308,1970,1010,960,298,False
train_2477_a_2.nii.gz,46,0,2d,overall_best,exp007_cont_e050_abs_e150,raw,9.708737769818079e-09,False,17,86,0,86,17,False
train_2477_a_2.nii.gz,46,0,2d,overall_best,exp007_cont_e050_abs_e150,pp2_whole_lung20,9.708737769818079e-09,False,17,86,0,86,17,False
train_2477_a_2.nii.gz,46,0,2d,overall_best,exp007_cont_e050_abs_e150,pp3_fine20_corrected_routes,9.708737769818079e-09,False,17,86,0,86,17,False
train_2477_a_2.nii.gz,46,0,2d,category_best,exp007_cont_e050_abs_e150,raw,9.708737769818079e-09,False,17,86,0,86,17,False
train_2477_a_2.nii.gz,46,0,2d,category_best,exp007_cont_e050_abs_e150,pp2_whole_lung20,9.708737769818079e-09,False,17,86,0,86,17,False
train_2477_a_2.nii.gz,46,0,2d,category_best,exp007_cont_e050_abs_e150,pp3_fine20_corrected_routes,9.708737769818079e-09,False,17,86,0,86,17,False
train_2477_a_2.nii.gz,46,0,2d,iso07_best,exp017_cont_e050_abs_e150,raw,6.211180085644844e-09,False,17,144,0,144,17,False
train_2477_a_2.nii.gz,46,0,2d,iso07_best,exp017_cont_e050_abs_e150,pp2_whole_lung20,6.211180085644844e-09,False,17,144,0,144,17,False
train_2477_a_2.nii.gz,46,0,2d,iso07_best,exp017_cont_e050_abs_e150,pp3_fine20_corrected_routes,6.211180085644844e-09,False,17,144,0,144,17,False
train_13624_a_2.nii.gz,47,0,1b,overall_best,exp007_cont_e050_abs_e150,raw,0.04042127027511656,False,7635,301905,6256,295649,1379,False
train_13624_a_2.nii.gz,47,0,1b,overall_best,exp007_cont_e050_abs_e150,pp2_whole_lung20,0.04042127027511656,False,7635,301905,6256,295649,1379,False
train_13624_a_2.nii.gz,47,0,1b,overall_best,exp007_cont_e050_abs_e150,pp3_fine20_corrected_routes,0.04042127027511656,False,7635,301905,6256,295649,1379,False
train_13624_a_2.nii.gz,47,0,1b,category_best,exp012_r02_category_2d_replay50_e100,raw,0.07085964143705778,False,7635,168008,6223,161785,1412,False
train_13624_a_2.nii.gz,47,0,1b,category_best,exp012_r02_category_2d_replay50_e100,pp2_whole_lung20,0.0711374795002707,False,7635,167322,6223,161099,1412,False
train_13624_a_2.nii.gz,47,0,1b,category_best,exp012_r02_category_2d_replay50_e100,pp3_fine20_corrected_routes,0.07085964143705778,False,7635,168008,6223,161785,1412,False
train_13624_a_2.nii.gz,47,0,1b,iso07_best,exp017_cont_e050_abs_e150,raw,0.03302507688011319,False,7635,349427,5896,343531,1739,False
train_13624_a_2.nii.gz,47,0,1b,iso07_best,exp017_cont_e050_abs_e150,pp2_whole_lung20,0.03302507688011319,False,7635,349427,5896,343531,1739,False
train_13624_a_2.nii.gz,47,0,1b,iso07_best,exp017_cont_e050_abs_e150,pp3_fine20_corrected_routes,0.03302507688011319,False,7635,349427,5896,343531,1739,False
train_13624_a_2.nii.gz,47,1,2d,overall_best,exp007_cont_e050_abs_e150,raw,0.6760563395490312,True,80,133,72,61,8,False
train_13624_a_2.nii.gz,47,1,2d,overall_best,exp007_cont_e050_abs_e150,pp2_whole_lung20,0.6760563395490312,True,80,133,72,61,8,False
train_13624_a_2.nii.gz,47,1,2d,overall_best,exp007_cont_e050_abs_e150,pp3_fine20_corrected_routes,0.6760563395490312,True,80,133,72,61,8,False
train_13624_a_2.nii.gz,47,1,2d,category_best,exp007_cont_e050_abs_e150,raw,0.6760563395490312,True,80,133,72,61,8,False
train_13624_a_2.nii.gz,47,1,2d,category_best,exp007_cont_e050_abs_e150,pp2_whole_lung20,0.6760563395490312,True,80,133,72,61,8,False
train_13624_a_2.nii.gz,47,1,2d,category_best,exp007_cont_e050_abs_e150,pp3_fine20_corrected_routes,0.6760563395490312,True,80,133,72,61,8,False
train_13624_a_2.nii.gz,47,1,2d,iso07_best,exp017_cont_e050_abs_e150,raw,0.7203791482446485,True,80,131,76,55,4,False
train_13624_a_2.nii.gz,47,1,2d,iso07_best,exp017_cont_e050_abs_e150,pp2_whole_lung20,0.7203791482446485,True,80,131,76,55,4,False
train_13624_a_2.nii.gz,47,1,2d,iso07_best,exp017_cont_e050_abs_e150,pp3_fine20_corrected_routes,0.7203791482446485,True,80,131,76,55,4,False
train_13430_a_2.nii.gz,48,0,2d,overall_best,exp007_cont_e050_abs_e150,raw,0.6015424174767547,True,131,258,117,141,14,False
train_13430_a_2.nii.gz,48,0,2d,overall_best,exp007_cont_e050_abs_e150,pp2_whole_lung20,0.6015424174767547,True,131,258,117,141,14,False
train_13430_a_2.nii.gz,48,0,2d,overall_best,exp007_cont_e050_abs_e150,pp3_fine20_corrected_routes,0.6015424174767547,True,131,258,117,141,14,False
train_13430_a_2.nii.gz,48,0,2d,category_best,exp007_cont_e050_abs_e150,raw,0.6015424174767547,True,131,258,117,141,14,False
train_13430_a_2.nii.gz,48,0,2d,category_best,exp007_cont_e050_abs_e150,pp2_whole_lung20,0.6015424174767547,True,131,258,117,141,14,False
train_13430_a_2.nii.gz,48,0,2d,category_best,exp007_cont_e050_abs_e150,pp3_fine20_corrected_routes,0.6015424174767547,True,131,258,117,141,14,False
train_13430_a_2.nii.gz,48,0,2d,iso07_best,exp017_cont_e050_abs_e150,raw,0.6068601593486539,True,131,248,115,133,16,False
train_13430_a_2.nii.gz,48,0,2d,iso07_best,exp017_cont_e050_abs_e150,pp2_whole_lung20,0.6068601593486539,True,131,248,115,133,16,False
train_13430_a_2.nii.gz,48,0,2d,iso07_best,exp017_cont_e050_abs_e150,pp3_fine20_corrected_routes,0.6068601593486539,True,131,248,115,133,16,False
train_18422_a_1.nii.gz,49,0,2c,overall_best,exp007_cont_e050_abs_e150,raw,0.572020010387095,True,6811,4783,3316,1467,3495,False
train_18422_a_1.nii.gz,49,0,2c,overall_best,exp007_cont_e050_abs_e150,pp2_whole_lung20,0.572020010387095,True,6811,4783,3316,1467,3495,False
train_18422_a_1.nii.gz,49,0,2c,overall_best,exp007_cont_e050_abs_e150,pp3_fine20_corrected_routes,0.572020010387095,True,6811,4783,3316,1467,3495,False
train_18422_a_1.nii.gz,49,0,2c,category_best,exp007_cont_e050_abs_e150,raw,0.572020010387095,True,6811,4783,3316,1467,3495,False
train_18422_a_1.nii.gz,49,0,2c,category_best,exp007_cont_e050_abs_e150,pp2_whole_lung20,0.572020010387095,True,6811,4783,3316,1467,3495,False
train_18422_a_1.nii.gz,49,0,2c,category_best,exp007_cont_e050_abs_e150,pp3_fine20_corrected_routes,0.572020010387095,True,6811,4783,3316,1467,3495,False
train_18422_a_1.nii.gz,49,0,2c,iso07_best,exp017_cont_e050_abs_e150,raw,0.051667578041051446,False,6811,505,189,316,6622,False
train_18422_a_1.nii.gz,49,0,2c,iso07_best,exp017_cont_e050_abs_e150,pp2_whole_lung20,0.051667578041051446,False,6811,505,189,316,6622,False
train_18422_a_1.nii.gz,49,0,2c,iso07_best,exp017_cont_e050_abs_e150,pp3_fine20_corrected_routes,0.051667578041051446,False,6811,505,189,316,6622,False
train_19877_a_2.nii.gz,50,0,2d,overall_best,exp007_cont_e050_abs_e150,raw,0.15308642184423105,True,308,97,31,66,277,True
train_19877_a_2.nii.gz,50,0,2d,overall_best,exp007_cont_e050_abs_e150,pp2_whole_lung20,0.18289085786757858,True,308,31,31,0,277,True
train_19877_a_2.nii.gz,50,0,2d,overall_best,exp007_cont_e050_abs_e150,pp3_fine20_corrected_routes,0.18289085786757858,True,308,31,31,0,277,True
train_19877_a_2.nii.gz,50,0,2d,category_best,exp007_cont_e050_abs_e150,raw,0.15308642184423105,True,308,97,31,66,277,True
train_19877_a_2.nii.gz,50,0,2d,category_best,exp007_cont_e050_abs_e150,pp2_whole_lung20,0.18289085786757858,True,308,31,31,0,277,True
train_19877_a_2.nii.gz,50,0,2d,category_best,exp007_cont_e050_abs_e150,pp3_fine20_corrected_routes,0.18289085786757858,True,308,31,31,0,277,True
train_19877_a_2.nii.gz,50,0,2d,iso07_best,exp017_cont_e050_abs_e150,raw,0.07724138058311533,False,308,417,28,389,280,True
train_19877_a_2.nii.gz,50,0,2d,iso07_best,exp017_cont_e050_abs_e150,pp2_whole_lung20,0.16666666914682537,True,308,28,28,0,280,True
train_19877_a_2.nii.gz,50,0,2d,iso07_best,exp017_cont_e050_abs_e150,pp3_fine20_corrected_routes,0.16666666914682537,True,308,28,28,0,280,True
train_13292_a_2.nii.gz,51,0,2e,overall_best,exp007_cont_e050_abs_e150,raw,0.693786393549896,True,1345036,1290905,914390,376515,430646,False
train_13292_a_2.nii.gz,51,0,2e,overall_best,exp007_cont_e050_abs_e150,pp2_whole_lung20,0.693786393549896,True,1345036,1290905,914390,376515,430646,False
train_13292_a_2.nii.gz,51,0,2e,overall_best,exp007_cont_e050_abs_e150,pp3_fine20_corrected_routes,0.693786393549896,True,1345036,1290905,914390,376515,430646,False
train_13292_a_2.nii.gz,51,0,2e,category_best,exp007_cont_e100_abs_e200,raw,0.7059440577859453,True,1345036,1312778,938134,374644,406902,False
train_13292_a_2.nii.gz,51,0,2e,category_best,exp007_cont_e100_abs_e200,pp2_whole_lung20,0.7059440577859453,True,1345036,1312778,938134,374644,406902,False
train_13292_a_2.nii.gz,51,0,2e,category_best,exp007_cont_e100_abs_e200,pp3_fine20_corrected_routes,0.7059440577859453,True,1345036,1312778,938134,374644,406902,False
train_13292_a_2.nii.gz,51,0,2e,iso07_best,exp017_cont_e050_abs_e150,raw,0.6918774146678068,True,1345036,1772629,1078521,694108,266515,False
train_13292_a_2.nii.gz,51,0,2e,iso07_best,exp017_cont_e050_abs_e150,pp2_whole_lung20,0.6918774146678068,True,1345036,1772629,1078521,694108,266515,False
train_13292_a_2.nii.gz,51,0,2e,iso07_best,exp017_cont_e050_abs_e150,pp3_fine20_corrected_routes,0.6918774146678068,True,1345036,1772629,1078521,694108,266515,False
train_13292_a_2.nii.gz,51,1,2b,overall_best,exp007_cont_e050_abs_e150,raw,0.051699026058160145,False,105585,52329,4082,48247,101503,False
train_13292_a_2.nii.gz,51,1,2b,overall_best,exp007_cont_e050_abs_e150,pp2_whole_lung20,0.051699026058160145,False,105585,52329,4082,48247,101503,False
train_13292_a_2.nii.gz,51,1,2b,overall_best,exp007_cont_e050_abs_e150,pp3_fine20_corrected_routes,0.051699026058160145,False,105585,52329,4082,48247,101503,False
train_13292_a_2.nii.gz,51,1,2b,category_best,exp013_category_2all_focal_target100_e100,raw,0.22879276646510188,True,105585,62742,19256,43486,86329,False
train_13292_a_2.nii.gz,51,1,2b,category_best,exp013_category_2all_focal_target100_e100,pp2_whole_lung20,0.2287941256892649,True,105585,62741,19256,43485,86329,False
train_13292_a_2.nii.gz,51,1,2b,category_best,exp013_category_2all_focal_target100_e100,pp3_fine20_corrected_routes,0.2287941256892649,True,105585,62741,19256,43485,86329,False
train_13292_a_2.nii.gz,51,1,2b,iso07_best,exp017_cont_e050_abs_e150,raw,0.12943604678928444,True,105585,44126,9689,34437,95896,False
train_13292_a_2.nii.gz,51,1,2b,iso07_best,exp017_cont_e050_abs_e150,pp2_whole_lung20,0.13185990651044263,True,105585,41374,9689,31685,95896,False
train_13292_a_2.nii.gz,51,1,2b,iso07_best,exp017_cont_e050_abs_e150,pp3_fine20_corrected_routes,0.13185990651044263,True,105585,41374,9689,31685,95896,False
train_13292_a_2.nii.gz,51,2,1e,overall_best,exp007_cont_e050_abs_e150,raw,1.569858710251399e-09,False,27,610,0,610,27,False
train_13292_a_2.nii.gz,51,2,1e,overall_best,exp007_cont_e050_abs_e150,pp2_whole_lung20,1.569858710251399e-09,False,27,610,0,610,27,False
train_13292_a_2.nii.gz,51,2,1e,overall_best,exp007_cont_e050_abs_e150,pp3_fine20_corrected_routes,1.569858710251399e-09,False,27,610,0,610,27,False
train_13292_a_2.nii.gz,51,2,1e,category_best,exp012_r02_category_2d_replay50_e100,raw,1.2870012853449147e-09,False,27,750,0,750,27,False
train_13292_a_2.nii.gz,51,2,1e,category_best,exp012_r02_category_2d_replay50_e100,pp2_whole_lung20,1.2870012853449147e-09,False,27,750,0,750,27,False
train_13292_a_2.nii.gz,51,2,1e,category_best,exp012_r02_category_2d_replay50_e100,pp3_fine20_corrected_routes,1.2870012853449147e-09,False,27,750,0,750,27,False
train_13292_a_2.nii.gz,51,2,1e,iso07_best,exp017_cont_e050_abs_e150,raw,3.703703566529497e-08,False,27,0,0,0,27,False
train_13292_a_2.nii.gz,51,2,1e,iso07_best,exp017_cont_e050_abs_e150,pp2_whole_lung20,3.703703566529497e-08,False,27,0,0,0,27,False
train_13292_a_2.nii.gz,51,2,1e,iso07_best,exp017_cont_e050_abs_e150,pp3_fine20_corrected_routes,3.703703566529497e-08,False,27,0,0,0,27,False
train_18421_b_1.nii.gz,52,0,2d,overall_best,exp007_cont_e050_abs_e150,raw,0.3352318963911864,True,853,376,206,170,647,False
train_18421_b_1.nii.gz,52,0,2d,overall_best,exp007_cont_e050_abs_e150,pp2_whole_lung20,0.3352318963911864,True,853,376,206,170,647,False
train_18421_b_1.nii.gz,52,0,2d,overall_best,exp007_cont_e050_abs_e150,pp3_fine20_corrected_routes,0.36331569721047996,True,853,281,206,75,647,False
train_18421_b_1.nii.gz,52,0,2d,category_best,exp007_cont_e050_abs_e150,raw,0.3352318963911864,True,853,376,206,170,647,False
train_18421_b_1.nii.gz,52,0,2d,category_best,exp007_cont_e050_abs_e150,pp2_whole_lung20,0.3352318963911864,True,853,376,206,170,647,False
train_18421_b_1.nii.gz,52,0,2d,category_best,exp007_cont_e050_abs_e150,pp3_fine20_corrected_routes,0.36331569721047996,True,853,281,206,75,647,False
train_18421_b_1.nii.gz,52,0,2d,iso07_best,exp017_cont_e050_abs_e150,raw,0.32923076974674553,True,853,447,214,233,639,False
train_18421_b_1.nii.gz,52,0,2d,iso07_best,exp017_cont_e050_abs_e150,pp2_whole_lung20,0.32923076974674553,True,853,447,214,233,639,False
train_18421_b_1.nii.gz,52,0,2d,iso07_best,exp017_cont_e050_abs_e150,pp3_fine20_corrected_routes,0.3627118649468543,True,853,327,214,113,639,False
train_18641_a_2.nii.gz,53,0,2a,overall_best,exp007_cont_e050_abs_e150,raw,0.3563134979397109,True,1225,4287,982,3305,243,False
train_18641_a_2.nii.gz,53,0,2a,overall_best,exp007_cont_e050_abs_e150,pp2_whole_lung20,0.356378152902127,True,1225,4286,982,3304,243,False
train_18641_a_2.nii.gz,53,0,2a,overall_best,exp007_cont_e050_abs_e150,pp3_fine20_corrected_routes,0.356378152902127,True,1225,4286,982,3304,243,False
train_18641_a_2.nii.gz,53,0,2a,category_best,exp009_s3v2_e100,raw,0.46197502852951905,True,1225,2299,814,1485,411,False
train_18641_a_2.nii.gz,53,0,2a,category_best,exp009_s3v2_e100,pp2_whole_lung20,0.46421442843906063,True,1225,2282,814,1468,411,False
train_18641_a_2.nii.gz,53,0,2a,category_best,exp009_s3v2_e100,pp3_fine20_corrected_routes,0.46421442843906063,True,1225,2282,814,1468,411,False
train_18641_a_2.nii.gz,53,0,2a,iso07_best,exp017_cont_e050_abs_e150,raw,0.39534883739932475,True,1225,1957,629,1328,596,False
train_18641_a_2.nii.gz,53,0,2a,iso07_best,exp017_cont_e050_abs_e150,pp2_whole_lung20,0.5427092322939132,True,1225,1093,629,464,596,False
train_18641_a_2.nii.gz,53,0,2a,iso07_best,exp017_cont_e050_abs_e150,pp3_fine20_corrected_routes,0.5427092322939132,True,1225,1093,629,464,596,False
train_18641_a_2.nii.gz,53,1,2a,overall_best,exp007_cont_e050_abs_e150,raw,0.532528041495681,True,1820,3975,1543,2432,277,False
train_18641_a_2.nii.gz,53,1,2a,overall_best,exp007_cont_e050_abs_e150,pp2_whole_lung20,0.532528041495681,True,1820,3975,1543,2432,277,False
train_18641_a_2.nii.gz,53,1,2a,overall_best,exp007_cont_e050_abs_e150,pp3_fine20_corrected_routes,0.532528041495681,True,1820,3975,1543,2432,277,False
train_18641_a_2.nii.gz,53,1,2a,category_best,exp009_s3v2_e100,raw,0.5380869566020717,True,1820,3930,1547,2383,273,False
train_18641_a_2.nii.gz,53,1,2a,category_best,exp009_s3v2_e100,pp2_whole_lung20,0.5380869566020717,True,1820,3930,1547,2383,273,False
train_18641_a_2.nii.gz,53,1,2a,category_best,exp009_s3v2_e100,pp3_fine20_corrected_routes,0.5380869566020717,True,1820,3930,1547,2383,273,False
train_18641_a_2.nii.gz,53,1,2a,iso07_best,exp017_cont_e050_abs_e150,raw,0.44415917850524267,True,1820,5970,1730,4240,90,False
train_18641_a_2.nii.gz,53,1,2a,iso07_best,exp017_cont_e050_abs_e150,pp2_whole_lung20,0.44415917850524267,True,1820,5970,1730,4240,90,False
train_18641_a_2.nii.gz,53,1,2a,iso07_best,exp017_cont_e050_abs_e150,pp3_fine20_corrected_routes,0.44415917850524267,True,1820,5970,1730,4240,90,False
train_18641_a_2.nii.gz,53,2,2d,overall_best,exp007_cont_e050_abs_e150,raw,7.153075817487069e-10,False,147,1251,0,1251,147,False
train_18641_a_2.nii.gz,53,2,2d,overall_best,exp007_cont_e050_abs_e150,pp2_whole_lung20,7.153075817487069e-10,False,147,1251,0,1251,147,False
train_18641_a_2.nii.gz,53,2,2d,overall_best,exp007_cont_e050_abs_e150,pp3_fine20_corrected_routes,7.153075817487069e-10,False,147,1251,0,1251,147,False
train_18641_a_2.nii.gz,53,2,2d,category_best,exp007_cont_e050_abs_e150,raw,7.153075817487069e-10,False,147,1251,0,1251,147,False
train_18641_a_2.nii.gz,53,2,2d,category_best,exp007_cont_e050_abs_e150,pp2_whole_lung20,7.153075817487069e-10,False,147,1251,0,1251,147,False
train_18641_a_2.nii.gz,53,2,2d,category_best,exp007_cont_e050_abs_e150,pp3_fine20_corrected_routes,7.153075817487069e-10,False,147,1251,0,1251,147,False
train_18641_a_2.nii.gz,53,2,2d,iso07_best,exp017_cont_e050_abs_e150,raw,0.12199630476525636,True,147,394,33,361,114,False
train_18641_a_2.nii.gz,53,2,2d,iso07_best,exp017_cont_e050_abs_e150,pp2_whole_lung20,0.12199630476525636,True,147,394,33,361,114,False
train_18641_a_2.nii.gz,53,2,2d,iso07_best,exp017_cont_e050_abs_e150,pp3_fine20_corrected_routes,0.12199630476525636,True,147,394,33,361,114,False
train_18641_a_2.nii.gz,53,3,2h,overall_best,exp007_cont_e050_abs_e150,raw,0.060229132877175406,False,344,2711,92,2619,252,False
train_18641_a_2.nii.gz,53,3,2h,overall_best,exp007_cont_e050_abs_e150,pp2_whole_lung20,0.3940042839528816,True,344,123,92,31,252,False
train_18641_a_2.nii.gz,53,3,2h,overall_best,exp007_cont_e050_abs_e150,pp3_fine20_corrected_routes,0.3940042839528816,True,344,123,92,31,252,False
train_18641_a_2.nii.gz,53,3,2h,category_best,exp017_cont_e075_abs_e175,raw,0.027844073383483676,False,344,4684,70,4614,274,False
train_18641_a_2.nii.gz,53,3,2h,category_best,exp017_cont_e075_abs_e175,pp2_whole_lung20,0.33492823125615256,True,344,74,70,4,274,False
train_18641_a_2.nii.gz,53,3,2h,category_best,exp017_cont_e075_abs_e175,pp3_fine20_corrected_routes,0.33492823125615256,True,344,74,70,4,274,False
train_18641_a_2.nii.gz,53,3,2h,iso07_best,exp017_cont_e050_abs_e150,raw,1.4367816071310607e-09,False,344,352,0,352,344,False
train_18641_a_2.nii.gz,53,3,2h,iso07_best,exp017_cont_e050_abs_e150,pp2_whole_lung20,2.9069767357355326e-09,False,344,0,0,0,344,False
train_18641_a_2.nii.gz,53,3,2h,iso07_best,exp017_cont_e050_abs_e150,pp3_fine20_corrected_routes,2.9069767357355326e-09,False,344,0,0,0,344,False
train_19443_b_2.nii.gz,54,0,2d,overall_best,exp007_cont_e050_abs_e150,raw,0.33809523888321996,True,637,203,142,61,495,False
train_19443_b_2.nii.gz,54,0,2d,overall_best,exp007_cont_e050_abs_e150,pp2_whole_lung20,0.33809523888321996,True,637,203,142,61,495,False
train_19443_b_2.nii.gz,54,0,2d,overall_best,exp007_cont_e050_abs_e150,pp3_fine20_corrected_routes,0.33809523888321996,True,637,203,142,61,495,False
train_19443_b_2.nii.gz,54,0,2d,category_best,exp007_cont_e050_abs_e150,raw,0.33809523888321996,True,637,203,142,61,495,False
train_19443_b_2.nii.gz,54,0,2d,category_best,exp007_cont_e050_abs_e150,pp2_whole_lung20,0.33809523888321996,True,637,203,142,61,495,False
train_19443_b_2.nii.gz,54,0,2d,category_best,exp007_cont_e050_abs_e150,pp3_fine20_corrected_routes,0.33809523888321996,True,637,203,142,61,495,False
train_19443_b_2.nii.gz,54,0,2d,iso07_best,exp017_cont_e050_abs_e150,raw,0.24907521670890848,True,637,174,101,73,536,False
train_19443_b_2.nii.gz,54,0,2d,iso07_best,exp017_cont_e050_abs_e150,pp2_whole_lung20,0.24907521670890848,True,637,174,101,73,536,False
train_19443_b_2.nii.gz,54,0,2d,iso07_best,exp017_cont_e050_abs_e150,pp3_fine20_corrected_routes,0.24907521670890848,True,637,174,101,73,536,False
train_2464_a_1.nii.gz,55,0,2d,overall_best,exp007_cont_e050_abs_e150,raw,0.5959367954944993,True,171,272,132,140,39,False
train_2464_a_1.nii.gz,55,0,2d,overall_best,exp007_cont_e050_abs_e150,pp2_whole_lung20,0.5959367954944993,True,171,272,132,140,39,False
train_2464_a_1.nii.gz,55,0,2d,overall_best,exp007_cont_e050_abs_e150,pp3_fine20_corrected_routes,0.5959367954944993,True,171,272,132,140,39,False
train_2464_a_1.nii.gz,55,0,2d,category_best,exp007_cont_e050_abs_e150,raw,0.5959367954944993,True,171,272,132,140,39,False
train_2464_a_1.nii.gz,55,0,2d,category_best,exp007_cont_e050_abs_e150,pp2_whole_lung20,0.5959367954944993,True,171,272,132,140,39,False
train_2464_a_1.nii.gz,55,0,2d,category_best,exp007_cont_e050_abs_e150,pp3_fine20_corrected_routes,0.5959367954944993,True,171,272,132,140,39,False
train_2464_a_1.nii.gz,55,0,2d,iso07_best,exp017_cont_e050_abs_e150,raw,0.566115703375794,True,171,313,137,176,34,False
train_2464_a_1.nii.gz,55,0,2d,iso07_best,exp017_cont_e050_abs_e150,pp2_whole_lung20,0.566115703375794,True,171,313,137,176,34,False
train_2464_a_1.nii.gz,55,0,2d,iso07_best,exp017_cont_e050_abs_e150,pp3_fine20_corrected_routes,0.566115703375794,True,171,313,137,176,34,False
train_18662_a_1.nii.gz,56,0,2d,overall_best,exp007_cont_e050_abs_e150,raw,0.432989691695894,True,147,435,126,309,21,False
train_18662_a_1.nii.gz,56,0,2d,overall_best,exp007_cont_e050_abs_e150,pp2_whole_lung20,0.432989691695894,True,147,435,126,309,21,False
train_18662_a_1.nii.gz,56,0,2d,overall_best,exp007_cont_e050_abs_e150,pp3_fine20_corrected_routes,0.432989691695894,True,147,435,126,309,21,False
train_18662_a_1.nii.gz,56,0,2d,category_best,exp007_cont_e050_abs_e150,raw,0.432989691695894,True,147,435,126,309,21,False
train_18662_a_1.nii.gz,56,0,2d,category_best,exp007_cont_e050_abs_e150,pp2_whole_lung20,0.432989691695894,True,147,435,126,309,21,False
train_18662_a_1.nii.gz,56,0,2d,category_best,exp007_cont_e050_abs_e150,pp3_fine20_corrected_routes,0.432989691695894,True,147,435,126,309,21,False
train_18662_a_1.nii.gz,56,0,2d,iso07_best,exp017_cont_e050_abs_e150,raw,0.4197901058174061,True,147,520,140,380,7,False
train_18662_a_1.nii.gz,56,0,2d,iso07_best,exp017_cont_e050_abs_e150,pp2_whole_lung20,0.4197901058174061,True,147,520,140,380,7,False
train_18662_a_1.nii.gz,56,0,2d,iso07_best,exp017_cont_e050_abs_e150,pp3_fine20_corrected_routes,0.4197901058174061,True,147,520,140,380,7,False
train_19468_a_1.nii.gz,57,0,2a,overall_best,exp007_cont_e050_abs_e150,raw,0.592455789723671,True,20949,18578,11709,6869,9240,True
train_19468_a_1.nii.gz,57,0,2a,overall_best,exp007_cont_e050_abs_e150,pp2_whole_lung20,0.592455789723671,True,20949,18578,11709,6869,9240,True
train_19468_a_1.nii.gz,57,0,2a,overall_best,exp007_cont_e050_abs_e150,pp3_fine20_corrected_routes,0.592455789723671,True,20949,18578,11709,6869,9240,True
train_19468_a_1.nii.gz,57,0,2a,category_best,exp009_s3v2_e100,raw,0.6188306757879314,True,20949,18561,12225,6336,8724,True
train_19468_a_1.nii.gz,57,0,2a,category_best,exp009_s3v2_e100,pp2_whole_lung20,0.6188306757879314,True,20949,18561,12225,6336,8724,True
train_19468_a_1.nii.gz,57,0,2a,category_best,exp009_s3v2_e100,pp3_fine20_corrected_routes,0.6188306757879314,True,20949,18561,12225,6336,8724,True
train_19468_a_1.nii.gz,57,0,2a,iso07_best,exp017_cont_e050_abs_e150,raw,0.598721611841329,True,20949,13000,10163,2837,10786,True
train_19468_a_1.nii.gz,57,0,2a,iso07_best,exp017_cont_e050_abs_e150,pp2_whole_lung20,0.598721611841329,True,20949,13000,10163,2837,10786,True
train_19468_a_1.nii.gz,57,0,2a,iso07_best,exp017_cont_e050_abs_e150,pp3_fine20_corrected_routes,0.598721611841329,True,20949,13000,10163,2837,10786,True
train_19468_a_1.nii.gz,57,1,2d,overall_best,exp007_cont_e050_abs_e150,raw,0.5324165034062707,True,475,543,271,272,204,False
train_19468_a_1.nii.gz,57,1,2d,overall_best,exp007_cont_e050_abs_e150,pp2_whole_lung20,0.5324165034062707,True,475,543,271,272,204,False
train_19468_a_1.nii.gz,57,1,2d,overall_best,exp007_cont_e050_abs_e150,pp3_fine20_corrected_routes,0.5324165034062707,True,475,543,271,272,204,False
train_19468_a_1.nii.gz,57,1,2d,category_best,exp007_cont_e050_abs_e150,raw,0.5324165034062707,True,475,543,271,272,204,False
train_19468_a_1.nii.gz,57,1,2d,category_best,exp007_cont_e050_abs_e150,pp2_whole_lung20,0.5324165034062707,True,475,543,271,272,204,False
train_19468_a_1.nii.gz,57,1,2d,category_best,exp007_cont_e050_abs_e150,pp3_fine20_corrected_routes,0.5324165034062707,True,475,543,271,272,204,False
train_19468_a_1.nii.gz,57,1,2d,iso07_best,exp017_cont_e050_abs_e150,raw,0.5039370083622667,True,475,541,256,285,219,False
train_19468_a_1.nii.gz,57,1,2d,iso07_best,exp017_cont_e050_abs_e150,pp2_whole_lung20,0.5039370083622667,True,475,541,256,285,219,False
train_19468_a_1.nii.gz,57,1,2d,iso07_best,exp017_cont_e050_abs_e150,pp3_fine20_corrected_routes,0.5039370083622667,True,475,541,256,285,219,False
train_19468_a_1.nii.gz,57,2,2d,overall_best,exp007_cont_e050_abs_e150,raw,0.39057239262433535,True,199,98,58,40,141,False
train_19468_a_1.nii.gz,57,2,2d,overall_best,exp007_cont_e050_abs_e150,pp2_whole_lung20,0.39057239262433535,True,199,98,58,40,141,False
train_19468_a_1.nii.gz,57,2,2d,overall_best,exp007_cont_e050_abs_e150,pp3_fine20_corrected_routes,0.39057239262433535,True,199,98,58,40,141,False
train_19468_a_1.nii.gz,57,2,2d,category_best,exp007_cont_e050_abs_e150,raw,0.39057239262433535,True,199,98,58,40,141,False
train_19468_a_1.nii.gz,57,2,2d,category_best,exp007_cont_e050_abs_e150,pp2_whole_lung20,0.39057239262433535,True,199,98,58,40,141,False
train_19468_a_1.nii.gz,57,2,2d,category_best,exp007_cont_e050_abs_e150,pp3_fine20_corrected_routes,0.39057239262433535,True,199,98,58,40,141,False
train_19468_a_1.nii.gz,57,2,2d,iso07_best,exp017_cont_e050_abs_e150,raw,0.42253521330093236,True,199,85,60,25,139,False
train_19468_a_1.nii.gz,57,2,2d,iso07_best,exp017_cont_e050_abs_e150,pp2_whole_lung20,0.42253521330093236,True,199,85,60,25,139,False
train_19468_a_1.nii.gz,57,2,2d,iso07_best,exp017_cont_e050_abs_e150,pp3_fine20_corrected_routes,0.42253521330093236,True,199,85,60,25,139,False
train_19468_a_1.nii.gz,57,3,2b,overall_best,exp007_cont_e050_abs_e150,raw,0.38556318834447917,True,10638,7704,3536,4168,7102,False
train_19468_a_1.nii.gz,57,3,2b,overall_best,exp007_cont_e050_abs_e150,pp2_whole_lung20,0.38556318834447917,True,10638,7704,3536,4168,7102,False
train_19468_a_1.nii.gz,57,3,2b,overall_best,exp007_cont_e050_abs_e150,pp3_fine20_corrected_routes,0.38556318834447917,True,10638,7704,3536,4168,7102,False
train_19468_a_1.nii.gz,57,3,2b,category_best,exp013_category_2all_focal_target100_e100,raw,0.3520695446334056,True,10638,9608,3564,6044,7074,False
train_19468_a_1.nii.gz,57,3,2b,category_best,exp013_category_2all_focal_target100_e100,pp2_whole_lung20,0.3520695446334056,True,10638,9608,3564,6044,7074,False
train_19468_a_1.nii.gz,57,3,2b,category_best,exp013_category_2all_focal_target100_e100,pp3_fine20_corrected_routes,0.3520695446334056,True,10638,9608,3564,6044,7074,False
train_19468_a_1.nii.gz,57,3,2b,iso07_best,exp017_cont_e050_abs_e150,raw,0.3748398239804535,True,10638,7311,3364,3947,7274,False
train_19468_a_1.nii.gz,57,3,2b,iso07_best,exp017_cont_e050_abs_e150,pp2_whole_lung20,0.377680476065023,True,10638,7176,3364,3812,7274,False
train_19468_a_1.nii.gz,57,3,2b,iso07_best,exp017_cont_e050_abs_e150,pp3_fine20_corrected_routes,0.377680476065023,True,10638,7176,3364,3812,7274,False
train_13082_a_1.nii.gz,58,0,2h,overall_best,exp007_cont_e050_abs_e150,raw,5.12820510190664e-09,False,195,0,0,0,195,False
train_13082_a_1.nii.gz,58,0,2h,overall_best,exp007_cont_e050_abs_e150,pp2_whole_lung20,5.12820510190664e-09,False,195,0,0,0,195,False
train_13082_a_1.nii.gz,58,0,2h,overall_best,exp007_cont_e050_abs_e150,pp3_fine20_corrected_routes,5.12820510190664e-09,False,195,0,0,0,195,False
train_13082_a_1.nii.gz,58,0,2h,category_best,exp017_cont_e075_abs_e175,raw,5.12820510190664e-09,False,195,0,0,0,195,False
train_13082_a_1.nii.gz,58,0,2h,category_best,exp017_cont_e075_abs_e175,pp2_whole_lung20,5.12820510190664e-09,False,195,0,0,0,195,False
train_13082_a_1.nii.gz,58,0,2h,category_best,exp017_cont_e075_abs_e175,pp3_fine20_corrected_routes,5.12820510190664e-09,False,195,0,0,0,195,False
train_13082_a_1.nii.gz,58,0,2h,iso07_best,exp017_cont_e050_abs_e150,raw,5.12820510190664e-09,False,195,0,0,0,195,False
train_13082_a_1.nii.gz,58,0,2h,iso07_best,exp017_cont_e050_abs_e150,pp2_whole_lung20,5.12820510190664e-09,False,195,0,0,0,195,False
train_13082_a_1.nii.gz,58,0,2h,iso07_best,exp017_cont_e050_abs_e150,pp3_fine20_corrected_routes,5.12820510190664e-09,False,195,0,0,0,195,False
train_13082_a_1.nii.gz,58,1,2b,overall_best,exp007_cont_e050_abs_e150,raw,0.7629793563878573,True,30854,24272,21030,3242,9824,False
train_13082_a_1.nii.gz,58,1,2b,overall_best,exp007_cont_e050_abs_e150,pp2_whole_lung20,0.7629793563878573,True,30854,24272,21030,3242,9824,False
train_13082_a_1.nii.gz,58,1,2b,overall_best,exp007_cont_e050_abs_e150,pp3_fine20_corrected_routes,0.7629793563878573,True,30854,24272,21030,3242,9824,False
train_13082_a_1.nii.gz,58,1,2b,category_best,exp013_category_2all_focal_target100_e100,raw,0.7558395456202371,True,30854,25486,21292,4194,9562,False
train_13082_a_1.nii.gz,58,1,2b,category_best,exp013_category_2all_focal_target100_e100,pp2_whole_lung20,0.7571700360989817,True,30854,25387,21292,4095,9562,False
train_13082_a_1.nii.gz,58,1,2b,category_best,exp013_category_2all_focal_target100_e100,pp3_fine20_corrected_routes,0.7571700360989817,True,30854,25387,21292,4095,9562,False
train_13082_a_1.nii.gz,58,1,2b,iso07_best,exp017_cont_e050_abs_e150,raw,0.7408514879727173,True,30854,25330,20812,4518,10042,False
train_13082_a_1.nii.gz,58,1,2b,iso07_best,exp017_cont_e050_abs_e150,pp2_whole_lung20,0.7508478245228579,True,30854,24582,20812,3770,10042,False
train_13082_a_1.nii.gz,58,1,2b,iso07_best,exp017_cont_e050_abs_e150,pp3_fine20_corrected_routes,0.7508478245228579,True,30854,24582,20812,3770,10042,False
train_13082_a_1.nii.gz,58,2,2a,overall_best,exp007_cont_e050_abs_e150,raw,0.2891136232664404,True,682,999,243,756,439,False
train_13082_a_1.nii.gz,58,2,2a,overall_best,exp007_cont_e050_abs_e150,pp2_whole_lung20,0.2891136232664404,True,682,999,243,756,439,False
train_13082_a_1.nii.gz,58,2,2a,overall_best,exp007_cont_e050_abs_e150,pp3_fine20_corrected_routes,0.2891136232664404,True,682,999,243,756,439,False
train_13082_a_1.nii.gz,58,2,2a,category_best,exp009_s3v2_e100,raw,0.13521126780863585,True,682,3578,288,3290,394,False
train_13082_a_1.nii.gz,58,2,2a,category_best,exp009_s3v2_e100,pp2_whole_lung20,0.13521126780863585,True,682,3578,288,3290,394,False
train_13082_a_1.nii.gz,58,2,2a,category_best,exp009_s3v2_e100,pp3_fine20_corrected_routes,0.13521126780863585,True,682,3578,288,3290,394,False
train_13082_a_1.nii.gz,58,2,2a,iso07_best,exp017_cont_e050_abs_e150,raw,0.3715992041329799,True,682,825,280,545,402,False
train_13082_a_1.nii.gz,58,2,2a,iso07_best,exp017_cont_e050_abs_e150,pp2_whole_lung20,0.3715992041329799,True,682,825,280,545,402,False
train_13082_a_1.nii.gz,58,2,2a,iso07_best,exp017_cont_e050_abs_e150,pp3_fine20_corrected_routes,0.3715992041329799,True,682,825,280,545,402,False
train_13082_a_1.nii.gz,58,3,2d,overall_best,exp007_cont_e050_abs_e150,raw,0.7669172949855843,True,55,78,51,27,4,False
train_13082_a_1.nii.gz,58,3,2d,overall_best,exp007_cont_e050_abs_e150,pp2_whole_lung20,0.7669172949855843,True,55,78,51,27,4,False
train_13082_a_1.nii.gz,58,3,2d,overall_best,exp007_cont_e050_abs_e150,pp3_fine20_corrected_routes,0.7669172949855843,True,55,78,51,27,4,False
train_13082_a_1.nii.gz,58,3,2d,category_best,exp007_cont_e050_abs_e150,raw,0.7669172949855843,True,55,78,51,27,4,False
train_13082_a_1.nii.gz,58,3,2d,category_best,exp007_cont_e050_abs_e150,pp2_whole_lung20,0.7669172949855843,True,55,78,51,27,4,False
train_13082_a_1.nii.gz,58,3,2d,category_best,exp007_cont_e050_abs_e150,pp3_fine20_corrected_routes,0.7669172949855843,True,55,78,51,27,4,False
train_13082_a_1.nii.gz,58,3,2d,iso07_best,exp017_cont_e050_abs_e150,raw,0.7482993214401407,True,55,92,55,37,0,False
train_13082_a_1.nii.gz,58,3,2d,iso07_best,exp017_cont_e050_abs_e150,pp2_whole_lung20,0.7482993214401407,True,55,92,55,37,0,False
train_13082_a_1.nii.gz,58,3,2d,iso07_best,exp017_cont_e050_abs_e150,pp3_fine20_corrected_routes,0.7482993214401407,True,55,92,55,37,0,False
train_2550_a_2.nii.gz,59,0,2c,overall_best,exp007_cont_e050_abs_e150,raw,0.496667157004001,True,1843096,801343,656703,144640,1186393,False
train_2550_a_2.nii.gz,59,0,2c,overall_best,exp007_cont_e050_abs_e150,pp2_whole_lung20,0.496667157004001,True,1843096,801343,656703,144640,1186393,False
train_2550_a_2.nii.gz,59,0,2c,overall_best,exp007_cont_e050_abs_e150,pp3_fine20_corrected_routes,0.496667157004001,True,1843096,801343,656703,144640,1186393,False
train_2550_a_2.nii.gz,59,0,2c,category_best,exp007_cont_e050_abs_e150,raw,0.496667157004001,True,1843096,801343,656703,144640,1186393,False
train_2550_a_2.nii.gz,59,0,2c,category_best,exp007_cont_e050_abs_e150,pp2_whole_lung20,0.496667157004001,True,1843096,801343,656703,144640,1186393,False
train_2550_a_2.nii.gz,59,0,2c,category_best,exp007_cont_e050_abs_e150,pp3_fine20_corrected_routes,0.496667157004001,True,1843096,801343,656703,144640,1186393,False
train_2550_a_2.nii.gz,59,0,2c,iso07_best,exp017_cont_e050_abs_e150,raw,0.4459336499689796,True,1843096,806639,590803,215836,1252293,False
train_2550_a_2.nii.gz,59,0,2c,iso07_best,exp017_cont_e050_abs_e150,pp2_whole_lung20,0.4459336499689796,True,1843096,806639,590803,215836,1252293,False
train_2550_a_2.nii.gz,59,0,2c,iso07_best,exp017_cont_e050_abs_e150,pp3_fine20_corrected_routes,0.4459336499689796,True,1843096,806639,590803,215836,1252293,False
train_2443_a_2.nii.gz,60,0,2d,overall_best,exp007_cont_e050_abs_e150,raw,0.30337078749526575,True,109,603,108,495,1,False
train_2443_a_2.nii.gz,60,0,2d,overall_best,exp007_cont_e050_abs_e150,pp2_whole_lung20,0.30337078749526575,True,109,603,108,495,1,False
train_2443_a_2.nii.gz,60,0,2d,overall_best,exp007_cont_e050_abs_e150,pp3_fine20_corrected_routes,0.30337078749526575,True,109,603,108,495,1,False
train_2443_a_2.nii.gz,60,0,2d,category_best,exp007_cont_e050_abs_e150,raw,0.30337078749526575,True,109,603,108,495,1,False
train_2443_a_2.nii.gz,60,0,2d,category_best,exp007_cont_e050_abs_e150,pp2_whole_lung20,0.30337078749526575,True,109,603,108,495,1,False
train_2443_a_2.nii.gz,60,0,2d,category_best,exp007_cont_e050_abs_e150,pp3_fine20_corrected_routes,0.30337078749526575,True,109,603,108,495,1,False
train_2443_a_2.nii.gz,60,0,2d,iso07_best,exp017_cont_e050_abs_e150,raw,0.32024169286972554,True,109,553,106,447,3,False
train_2443_a_2.nii.gz,60,0,2d,iso07_best,exp017_cont_e050_abs_e150,pp2_whole_lung20,0.32024169286972554,True,109,553,106,447,3,False
train_2443_a_2.nii.gz,60,0,2d,iso07_best,exp017_cont_e050_abs_e150,pp3_fine20_corrected_routes,0.32024169286972554,True,109,553,106,447,3,False
train_2443_a_2.nii.gz,60,1,2b,overall_best,exp007_cont_e050_abs_e150,raw,0.16246893682710495,True,3841,25937,2419,23518,1422,False
train_2443_a_2.nii.gz,60,1,2b,overall_best,exp007_cont_e050_abs_e150,pp2_whole_lung20,0.16246893682710495,True,3841,25937,2419,23518,1422,False
train_2443_a_2.nii.gz,60,1,2b,overall_best,exp007_cont_e050_abs_e150,pp3_fine20_corrected_routes,0.16246893682710495,True,3841,25937,2419,23518,1422,False
train_2443_a_2.nii.gz,60,1,2b,category_best,exp013_category_2all_focal_target100_e100,raw,0.2589725545912053,True,3841,10369,1840,8529,2001,False
train_2443_a_2.nii.gz,60,1,2b,category_best,exp013_category_2all_focal_target100_e100,pp2_whole_lung20,0.2589725545912053,True,3841,10369,1840,8529,2001,False
train_2443_a_2.nii.gz,60,1,2b,category_best,exp013_category_2all_focal_target100_e100,pp3_fine20_corrected_routes,0.2589725545912053,True,3841,10369,1840,8529,2001,False
train_2443_a_2.nii.gz,60,1,2b,iso07_best,exp017_cont_e050_abs_e150,raw,0.35919111558435346,True,3841,8225,2167,6058,1674,False
train_2443_a_2.nii.gz,60,1,2b,iso07_best,exp017_cont_e050_abs_e150,pp2_whole_lung20,0.35919111558435346,True,3841,8225,2167,6058,1674,False
train_2443_a_2.nii.gz,60,1,2b,iso07_best,exp017_cont_e050_abs_e150,pp3_fine20_corrected_routes,0.35919111558435346,True,3841,8225,2167,6058,1674,False
train_3028_a_2.nii.gz,61,0,2a,overall_best,exp007_cont_e050_abs_e150,raw,0.3366105577186929,True,10635,35644,7789,27855,2846,False
train_3028_a_2.nii.gz,61,0,2a,overall_best,exp007_cont_e050_abs_e150,pp2_whole_lung20,0.3366105577186929,True,10635,35644,7789,27855,2846,False
train_3028_a_2.nii.gz,61,0,2a,overall_best,exp007_cont_e050_abs_e150,pp3_fine20_corrected_routes,0.3366105577186929,True,10635,35644,7789,27855,2846,False
train_3028_a_2.nii.gz,61,0,2a,category_best,exp009_s3v2_e100,raw,0.3621876568115968,True,10635,39190,9023,30167,1612,False
train_3028_a_2.nii.gz,61,0,2a,category_best,exp009_s3v2_e100,pp2_whole_lung20,0.3621876568115968,True,10635,39190,9023,30167,1612,False
train_3028_a_2.nii.gz,61,0,2a,category_best,exp009_s3v2_e100,pp3_fine20_corrected_routes,0.3621876568115968,True,10635,39190,9023,30167,1612,False
train_3028_a_2.nii.gz,61,0,2a,iso07_best,exp017_cont_e050_abs_e150,raw,0.449469214451978,True,10635,27045,8468,18577,2167,False
train_3028_a_2.nii.gz,61,0,2a,iso07_best,exp017_cont_e050_abs_e150,pp2_whole_lung20,0.449469214451978,True,10635,27045,8468,18577,2167,False
train_3028_a_2.nii.gz,61,0,2a,iso07_best,exp017_cont_e050_abs_e150,pp3_fine20_corrected_routes,0.449469214451978,True,10635,27045,8468,18577,2167,False
train_3028_a_2.nii.gz,61,1,2b,overall_best,exp007_cont_e050_abs_e150,raw,0.012544071292909851,False,1694,25251,169,25082,1525,False
train_3028_a_2.nii.gz,61,1,2b,overall_best,exp007_cont_e050_abs_e150,pp2_whole_lung20,0.012551524415590942,False,1694,25235,169,25066,1525,False
train_3028_a_2.nii.gz,61,1,2b,overall_best,exp007_cont_e050_abs_e150,pp3_fine20_corrected_routes,0.012551524415590942,False,1694,25235,169,25066,1525,False
train_3028_a_2.nii.gz,61,1,2b,category_best,exp013_category_2all_focal_target100_e100,raw,0.0036226836072306436,False,1694,27014,52,26962,1642,False
train_3028_a_2.nii.gz,61,1,2b,category_best,exp013_category_2all_focal_target100_e100,pp2_whole_lung20,0.003834384138781315,False,1694,25429,52,25377,1642,False
train_3028_a_2.nii.gz,61,1,2b,category_best,exp013_category_2all_focal_target100_e100,pp3_fine20_corrected_routes,0.003834384138781315,False,1694,25429,52,25377,1642,False
train_3028_a_2.nii.gz,61,1,2b,iso07_best,exp017_cont_e050_abs_e150,raw,0.0003960592603398158,False,1694,18505,4,18501,1690,False
train_3028_a_2.nii.gz,61,1,2b,iso07_best,exp017_cont_e050_abs_e150,pp2_whole_lung20,0.0003960592603398158,False,1694,18505,4,18501,1690,False
train_3028_a_2.nii.gz,61,1,2b,iso07_best,exp017_cont_e050_abs_e150,pp3_fine20_corrected_routes,0.0003960592603398158,False,1694,18505,4,18501,1690,False
train_3028_a_2.nii.gz,61,2,1b,overall_best,exp007_cont_e050_abs_e150,raw,0.00881126591072211,False,303,12408,56,12352,247,False
train_3028_a_2.nii.gz,61,2,1b,overall_best,exp007_cont_e050_abs_e150,pp2_whole_lung20,0.00881126591072211,False,303,12408,56,12352,247,False
train_3028_a_2.nii.gz,61,2,1b,overall_best,exp007_cont_e050_abs_e150,pp3_fine20_corrected_routes,0.00881126591072211,False,303,12408,56,12352,247,False
train_3028_a_2.nii.gz,61,2,1b,category_best,exp012_r02_category_2d_replay50_e100,raw,0.0006014495233331895,False,303,32950,10,32940,293,False
train_3028_a_2.nii.gz,61,2,1b,category_best,exp012_r02_category_2d_replay50_e100,pp2_whole_lung20,0.0006014495233331895,False,303,32950,10,32940,293,False
train_3028_a_2.nii.gz,61,2,1b,category_best,exp012_r02_category_2d_replay50_e100,pp3_fine20_corrected_routes,0.0006014495233331895,False,303,32950,10,32940,293,False
train_3028_a_2.nii.gz,61,2,1b,iso07_best,exp017_cont_e050_abs_e150,raw,0.007628484959001672,False,303,25128,97,25031,206,False
train_3028_a_2.nii.gz,61,2,1b,iso07_best,exp017_cont_e050_abs_e150,pp2_whole_lung20,0.007628484959001672,False,303,25128,97,25031,206,False
train_3028_a_2.nii.gz,61,2,1b,iso07_best,exp017_cont_e050_abs_e150,pp3_fine20_corrected_routes,0.007628484959001672,False,303,25128,97,25031,206,False
train_13492_b_2.nii.gz,62,0,2d,overall_best,exp007_cont_e050_abs_e150,raw,0.7289433388530729,True,280,373,238,135,42,False
train_13492_b_2.nii.gz,62,0,2d,overall_best,exp007_cont_e050_abs_e150,pp2_whole_lung20,0.7289433388530729,True,280,373,238,135,42,False
train_13492_b_2.nii.gz,62,0,2d,overall_best,exp007_cont_e050_abs_e150,pp3_fine20_corrected_routes,0.7289433388530729,True,280,373,238,135,42,False
train_13492_b_2.nii.gz,62,0,2d,category_best,exp007_cont_e050_abs_e150,raw,0.7289433388530729,True,280,373,238,135,42,False
train_13492_b_2.nii.gz,62,0,2d,category_best,exp007_cont_e050_abs_e150,pp2_whole_lung20,0.7289433388530729,True,280,373,238,135,42,False
train_13492_b_2.nii.gz,62,0,2d,category_best,exp007_cont_e050_abs_e150,pp3_fine20_corrected_routes,0.7289433388530729,True,280,373,238,135,42,False
train_13492_b_2.nii.gz,62,0,2d,iso07_best,exp017_cont_e050_abs_e150,raw,0.6192893405846582,True,280,508,244,264,36,False
train_13492_b_2.nii.gz,62,0,2d,iso07_best,exp017_cont_e050_abs_e150,pp2_whole_lung20,0.6192893405846582,True,280,508,244,264,36,False
train_13492_b_2.nii.gz,62,0,2d,iso07_best,exp017_cont_e050_abs_e150,pp3_fine20_corrected_routes,0.6912181307489829,True,280,426,244,182,36,False
train_13492_b_2.nii.gz,62,1,2a,overall_best,exp007_cont_e050_abs_e150,raw,0.4086804340423983,True,18528,10042,5838,4204,12690,False
train_13492_b_2.nii.gz,62,1,2a,overall_best,exp007_cont_e050_abs_e150,pp2_whole_lung20,0.4086804340423983,True,18528,10042,5838,4204,12690,False
train_13492_b_2.nii.gz,62,1,2a,overall_best,exp007_cont_e050_abs_e150,pp3_fine20_corrected_routes,0.4086804340423983,True,18528,10042,5838,4204,12690,False
train_13492_b_2.nii.gz,62,1,2a,category_best,exp009_s3v2_e100,raw,0.4157177785743724,True,18528,10102,5951,4151,12577,False
train_13492_b_2.nii.gz,62,1,2a,category_best,exp009_s3v2_e100,pp2_whole_lung20,0.4157177785743724,True,18528,10102,5951,4151,12577,False
train_13492_b_2.nii.gz,62,1,2a,category_best,exp009_s3v2_e100,pp3_fine20_corrected_routes,0.4157177785743724,True,18528,10102,5951,4151,12577,False
train_13492_b_2.nii.gz,62,1,2a,iso07_best,exp017_cont_e050_abs_e150,raw,0.3245501551468645,True,18528,5647,3923,1724,14605,False
train_13492_b_2.nii.gz,62,1,2a,iso07_best,exp017_cont_e050_abs_e150,pp2_whole_lung20,0.3245501551468645,True,18528,5647,3923,1724,14605,False
train_13492_b_2.nii.gz,62,1,2a,iso07_best,exp017_cont_e050_abs_e150,pp3_fine20_corrected_routes,0.3245501551468645,True,18528,5647,3923,1724,14605,False
train_13492_b_2.nii.gz,62,2,2b,overall_best,exp007_cont_e050_abs_e150,raw,0.07139315816322413,False,4518,118519,4392,114127,126,False
train_13492_b_2.nii.gz,62,2,2b,overall_best,exp007_cont_e050_abs_e150,pp2_whole_lung20,0.07139315816322413,False,4518,118519,4392,114127,126,False
train_13492_b_2.nii.gz,62,2,2b,overall_best,exp007_cont_e050_abs_e150,pp3_fine20_corrected_routes,0.07139315816322413,False,4518,118519,4392,114127,126,False
train_13492_b_2.nii.gz,62,2,2b,category_best,exp013_category_2all_focal_target100_e100,raw,0.08284547836347592,False,4518,99338,4302,95036,216,False
train_13492_b_2.nii.gz,62,2,2b,category_best,exp013_category_2all_focal_target100_e100,pp2_whole_lung20,0.08284547836347592,False,4518,99338,4302,95036,216,False
train_13492_b_2.nii.gz,62,2,2b,category_best,exp013_category_2all_focal_target100_e100,pp3_fine20_corrected_routes,0.08284547836347592,False,4518,99338,4302,95036,216,False
train_13492_b_2.nii.gz,62,2,2b,iso07_best,exp017_cont_e050_abs_e150,raw,0.06693450693062017,False,4518,125908,4365,121543,153,False
train_13492_b_2.nii.gz,62,2,2b,iso07_best,exp017_cont_e050_abs_e150,pp2_whole_lung20,0.06693450693062017,False,4518,125908,4365,121543,153,False
train_13492_b_2.nii.gz,62,2,2b,iso07_best,exp017_cont_e050_abs_e150,pp3_fine20_corrected_routes,0.06693450693062017,False,4518,125908,4365,121543,153,False
train_13492_b_2.nii.gz,62,3,2c,overall_best,exp007_cont_e050_abs_e150,raw,0.6105132816421319,True,405686,272694,207080,65614,198606,False
train_13492_b_2.nii.gz,62,3,2c,overall_best,exp007_cont_e050_abs_e150,pp2_whole_lung20,0.6105132816421319,True,405686,272694,207080,65614,198606,False
train_13492_b_2.nii.gz,62,3,2c,overall_best,exp007_cont_e050_abs_e150,pp3_fine20_corrected_routes,0.6105132816421319,True,405686,272694,207080,65614,198606,False
train_13492_b_2.nii.gz,62,3,2c,category_best,exp007_cont_e050_abs_e150,raw,0.6105132816421319,True,405686,272694,207080,65614,198606,False
train_13492_b_2.nii.gz,62,3,2c,category_best,exp007_cont_e050_abs_e150,pp2_whole_lung20,0.6105132816421319,True,405686,272694,207080,65614,198606,False
train_13492_b_2.nii.gz,62,3,2c,category_best,exp007_cont_e050_abs_e150,pp3_fine20_corrected_routes,0.6105132816421319,True,405686,272694,207080,65614,198606,False
train_13492_b_2.nii.gz,62,3,2c,iso07_best,exp017_cont_e050_abs_e150,raw,0.609932633269401,True,405686,244635,198326,46309,207360,False
train_13492_b_2.nii.gz,62,3,2c,iso07_best,exp017_cont_e050_abs_e150,pp2_whole_lung20,0.609932633269401,True,405686,244635,198326,46309,207360,False
train_13492_b_2.nii.gz,62,3,2c,iso07_best,exp017_cont_e050_abs_e150,pp3_fine20_corrected_routes,0.609932633269401,True,405686,244635,198326,46309,207360,False
train_18452_d_2.nii.gz,63,0,2d,overall_best,exp007_cont_e050_abs_e150,raw,0.07421150450053524,False,71,468,20,448,51,False
train_18452_d_2.nii.gz,63,0,2d,overall_best,exp007_cont_e050_abs_e150,pp2_whole_lung20,0.07421150450053524,False,71,468,20,448,51,False
train_18452_d_2.nii.gz,63,0,2d,overall_best,exp007_cont_e050_abs_e150,pp3_fine20_corrected_routes,0.07421150450053524,False,71,468,20,448,51,False
train_18452_d_2.nii.gz,63,0,2d,category_best,exp007_cont_e050_abs_e150,raw,0.07421150450053524,False,71,468,20,448,51,False
train_18452_d_2.nii.gz,63,0,2d,category_best,exp007_cont_e050_abs_e150,pp2_whole_lung20,0.07421150450053524,False,71,468,20,448,51,False
train_18452_d_2.nii.gz,63,0,2d,category_best,exp007_cont_e050_abs_e150,pp3_fine20_corrected_routes,0.07421150450053524,False,71,468,20,448,51,False
train_18452_d_2.nii.gz,63,0,2d,iso07_best,exp017_cont_e050_abs_e150,raw,2.1598272091580403e-09,False,71,392,0,392,71,False
train_18452_d_2.nii.gz,63,0,2d,iso07_best,exp017_cont_e050_abs_e150,pp2_whole_lung20,2.1834061087698557e-09,False,71,387,0,387,71,False
train_18452_d_2.nii.gz,63,0,2d,iso07_best,exp017_cont_e050_abs_e150,pp3_fine20_corrected_routes,2.1834061087698557e-09,False,71,387,0,387,71,False
train_18452_d_2.nii.gz,63,1,2d,overall_best,exp007_cont_e050_abs_e150,raw,0.48000000173333335,True,73,227,72,155,1,False
train_18452_d_2.nii.gz,63,1,2d,overall_best,exp007_cont_e050_abs_e150,pp2_whole_lung20,0.48000000173333335,True,73,227,72,155,1,False
train_18452_d_2.nii.gz,63,1,2d,overall_best,exp007_cont_e050_abs_e150,pp3_fine20_corrected_routes,0.48000000173333335,True,73,227,72,155,1,False
train_18452_d_2.nii.gz,63,1,2d,category_best,exp007_cont_e050_abs_e150,raw,0.48000000173333335,True,73,227,72,155,1,False
train_18452_d_2.nii.gz,63,1,2d,category_best,exp007_cont_e050_abs_e150,pp2_whole_lung20,0.48000000173333335,True,73,227,72,155,1,False
train_18452_d_2.nii.gz,63,1,2d,category_best,exp007_cont_e050_abs_e150,pp3_fine20_corrected_routes,0.48000000173333335,True,73,227,72,155,1,False
train_18452_d_2.nii.gz,63,1,2d,iso07_best,exp017_cont_e050_abs_e150,raw,0.44268774923838833,True,73,180,56,124,17,False
train_18452_d_2.nii.gz,63,1,2d,iso07_best,exp017_cont_e050_abs_e150,pp2_whole_lung20,0.44268774923838833,True,73,180,56,124,17,False
train_18452_d_2.nii.gz,63,1,2d,iso07_best,exp017_cont_e050_abs_e150,pp3_fine20_corrected_routes,0.44268774923838833,True,73,180,56,124,17,False
train_2646_a_1.nii.gz,64,0,2d,overall_best,exp007_cont_e050_abs_e150,raw,0.49808429311078817,True,66,195,65,130,1,False
train_2646_a_1.nii.gz,64,0,2d,overall_best,exp007_cont_e050_abs_e150,pp2_whole_lung20,0.49808429311078817,True,66,195,65,130,1,False
train_2646_a_1.nii.gz,64,0,2d,overall_best,exp007_cont_e050_abs_e150,pp3_fine20_corrected_routes,0.49808429311078817,True,66,195,65,130,1,False
train_2646_a_1.nii.gz,64,0,2d,category_best,exp007_cont_e050_abs_e150,raw,0.49808429311078817,True,66,195,65,130,1,False
train_2646_a_1.nii.gz,64,0,2d,category_best,exp007_cont_e050_abs_e150,pp2_whole_lung20,0.49808429311078817,True,66,195,65,130,1,False
train_2646_a_1.nii.gz,64,0,2d,category_best,exp007_cont_e050_abs_e150,pp3_fine20_corrected_routes,0.49808429311078817,True,66,195,65,130,1,False
train_2646_a_1.nii.gz,64,0,2d,iso07_best,exp017_cont_e050_abs_e150,raw,0.3455497399331159,True,66,316,66,250,0,False
train_2646_a_1.nii.gz,64,0,2d,iso07_best,exp017_cont_e050_abs_e150,pp2_whole_lung20,0.3455497399331159,True,66,316,66,250,0,False
train_2646_a_1.nii.gz,64,0,2d,iso07_best,exp017_cont_e050_abs_e150,pp3_fine20_corrected_routes,0.3455497399331159,True,66,316,66,250,0,False
train_18542_a_1.nii.gz,65,0,2a,overall_best,exp007_cont_e050_abs_e150,raw,0.4332752453713072,True,9947,11859,4724,7135,5223,False
train_18542_a_1.nii.gz,65,0,2a,overall_best,exp007_cont_e050_abs_e150,pp2_whole_lung20,0.46322808396434456,True,9947,10449,4724,5725,5223,False
train_18542_a_1.nii.gz,65,0,2a,overall_best,exp007_cont_e050_abs_e150,pp3_fine20_corrected_routes,0.46322808396434456,True,9947,10449,4724,5725,5223,False
train_18542_a_1.nii.gz,65,0,2a,category_best,exp009_s3v2_e100,raw,0.4520937530914929,True,9947,10447,4610,5837,5337,False
train_18542_a_1.nii.gz,65,0,2a,category_best,exp009_s3v2_e100,pp2_whole_lung20,0.5173090950167026,True,9947,7876,4610,3266,5337,False
train_18542_a_1.nii.gz,65,0,2a,category_best,exp009_s3v2_e100,pp3_fine20_corrected_routes,0.5173090950167026,True,9947,7876,4610,3266,5337,False
train_18542_a_1.nii.gz,65,0,2a,iso07_best,exp017_cont_e050_abs_e150,raw,0.5488064501721789,True,9947,12130,6058,6072,3889,False
train_18542_a_1.nii.gz,65,0,2a,iso07_best,exp017_cont_e050_abs_e150,pp2_whole_lung20,0.5488064501721789,True,9947,12130,6058,6072,3889,False
train_18542_a_1.nii.gz,65,0,2a,iso07_best,exp017_cont_e050_abs_e150,pp3_fine20_corrected_routes,0.5488064501721789,True,9947,12130,6058,6072,3889,False
train_18542_a_1.nii.gz,65,1,2d,overall_best,exp007_cont_e050_abs_e150,raw,0.7940298513611049,True,144,191,133,58,11,False
train_18542_a_1.nii.gz,65,1,2d,overall_best,exp007_cont_e050_abs_e150,pp2_whole_lung20,0.8260869570618418,True,144,178,133,45,11,False
train_18542_a_1.nii.gz,65,1,2d,overall_best,exp007_cont_e050_abs_e150,pp3_fine20_corrected_routes,0.8260869570618418,True,144,178,133,45,11,False
train_18542_a_1.nii.gz,65,1,2d,category_best,exp007_cont_e050_abs_e150,raw,0.7940298513611049,True,144,191,133,58,11,False
train_18542_a_1.nii.gz,65,1,2d,category_best,exp007_cont_e050_abs_e150,pp2_whole_lung20,0.8260869570618418,True,144,178,133,45,11,False
train_18542_a_1.nii.gz,65,1,2d,category_best,exp007_cont_e050_abs_e150,pp3_fine20_corrected_routes,0.8260869570618418,True,144,178,133,45,11,False
train_18542_a_1.nii.gz,65,1,2d,iso07_best,exp017_cont_e050_abs_e150,raw,0.6808510645842765,True,144,279,144,135,0,False
train_18542_a_1.nii.gz,65,1,2d,iso07_best,exp017_cont_e050_abs_e150,pp2_whole_lung20,0.6808510645842765,True,144,279,144,135,0,False
train_18542_a_1.nii.gz,65,1,2d,iso07_best,exp017_cont_e050_abs_e150,pp3_fine20_corrected_routes,0.7182044894807869,True,144,257,144,113,0,False
train_19767_a_1.nii.gz,66,0,2b,overall_best,exp007_cont_e050_abs_e150,raw,0.3725358590157721,True,32456,7771,7493,278,24963,False
train_19767_a_1.nii.gz,66,0,2b,overall_best,exp007_cont_e050_abs_e150,pp2_whole_lung20,0.3725358590157721,True,32456,7771,7493,278,24963,False
train_19767_a_1.nii.gz,66,0,2b,overall_best,exp007_cont_e050_abs_e150,pp3_fine20_corrected_routes,0.3725358590157721,True,32456,7771,7493,278,24963,False
train_19767_a_1.nii.gz,66,0,2b,category_best,exp013_category_2all_focal_target100_e100,raw,0.27975985826135885,True,32456,5355,5289,66,27167,False
train_19767_a_1.nii.gz,66,0,2b,category_best,exp013_category_2all_focal_target100_e100,pp2_whole_lung20,0.27975985826135885,True,32456,5355,5289,66,27167,False
train_19767_a_1.nii.gz,66,0,2b,category_best,exp013_category_2all_focal_target100_e100,pp3_fine20_corrected_routes,0.27975985826135885,True,32456,5355,5289,66,27167,False
train_19767_a_1.nii.gz,66,0,2b,iso07_best,exp017_cont_e050_abs_e150,raw,0.3387352874627937,True,32456,7221,6720,501,25736,False
train_19767_a_1.nii.gz,66,0,2b,iso07_best,exp017_cont_e050_abs_e150,pp2_whole_lung20,0.3387352874627937,True,32456,7221,6720,501,25736,False
train_19767_a_1.nii.gz,66,0,2b,iso07_best,exp017_cont_e050_abs_e150,pp3_fine20_corrected_routes,0.3387352874627937,True,32456,7221,6720,501,25736,False
train_19767_a_1.nii.gz,66,1,2d,overall_best,exp007_cont_e050_abs_e150,raw,0.7551020420658059,True,118,78,74,4,44,False
train_19767_a_1.nii.gz,66,1,2d,overall_best,exp007_cont_e050_abs_e150,pp2_whole_lung20,0.7551020420658059,True,118,78,74,4,44,False
train_19767_a_1.nii.gz,66,1,2d,overall_best,exp007_cont_e050_abs_e150,pp3_fine20_corrected_routes,0.7551020420658059,True,118,78,74,4,44,False
train_19767_a_1.nii.gz,66,1,2d,category_best,exp007_cont_e050_abs_e150,raw,0.7551020420658059,True,118,78,74,4,44,False
train_19767_a_1.nii.gz,66,1,2d,category_best,exp007_cont_e050_abs_e150,pp2_whole_lung20,0.7551020420658059,True,118,78,74,4,44,False
train_19767_a_1.nii.gz,66,1,2d,category_best,exp007_cont_e050_abs_e150,pp3_fine20_corrected_routes,0.7551020420658059,True,118,78,74,4,44,False
train_19767_a_1.nii.gz,66,1,2d,iso07_best,exp017_cont_e050_abs_e150,raw,0.7462686579787629,True,118,83,75,8,43,False
train_19767_a_1.nii.gz,66,1,2d,iso07_best,exp017_cont_e050_abs_e150,pp2_whole_lung20,0.7462686579787629,True,118,83,75,8,43,False
train_19767_a_1.nii.gz,66,1,2d,iso07_best,exp017_cont_e050_abs_e150,pp3_fine20_corrected_routes,0.7462686579787629,True,118,83,75,8,43,False
train_2532_a_2.nii.gz,67,0,2c,overall_best,exp007_cont_e050_abs_e150,raw,0.6132809688213859,True,118761,228548,106499,122049,12262,False
train_2532_a_2.nii.gz,67,0,2c,overall_best,exp007_cont_e050_abs_e150,pp2_whole_lung20,0.6132809688213859,True,118761,228548,106499,122049,12262,False
train_2532_a_2.nii.gz,67,0,2c,overall_best,exp007_cont_e050_abs_e150,pp3_fine20_corrected_routes,0.613288032134253,True,118761,228544,106499,122045,12262,False
train_2532_a_2.nii.gz,67,0,2c,category_best,exp007_cont_e050_abs_e150,raw,0.6132809688213859,True,118761,228548,106499,122049,12262,False
train_2532_a_2.nii.gz,67,0,2c,category_best,exp007_cont_e050_abs_e150,pp2_whole_lung20,0.6132809688213859,True,118761,228548,106499,122049,12262,False
train_2532_a_2.nii.gz,67,0,2c,category_best,exp007_cont_e050_abs_e150,pp3_fine20_corrected_routes,0.613288032134253,True,118761,228544,106499,122045,12262,False
train_2532_a_2.nii.gz,67,0,2c,iso07_best,exp017_cont_e050_abs_e150,raw,0.544276224426367,True,118761,306806,115813,190993,2948,False
train_2532_a_2.nii.gz,67,0,2c,iso07_best,exp017_cont_e050_abs_e150,pp2_whole_lung20,0.544276224426367,True,118761,306806,115813,190993,2948,False
train_2532_a_2.nii.gz,67,0,2c,iso07_best,exp017_cont_e050_abs_e150,pp3_fine20_corrected_routes,0.5456430020199113,True,118761,305740,115813,189927,2948,False
train_19180_a_2.nii.gz,68,0,2b,overall_best,exp007_cont_e050_abs_e150,raw,0.11349987992092542,True,16043,17261,1890,15371,14153,False
train_19180_a_2.nii.gz,68,0,2b,overall_best,exp007_cont_e050_abs_e150,pp2_whole_lung20,0.11349987992092542,True,16043,17261,1890,15371,14153,False
train_19180_a_2.nii.gz,68,0,2b,overall_best,exp007_cont_e050_abs_e150,pp3_fine20_corrected_routes,0.11349987992092542,True,16043,17261,1890,15371,14153,False
train_19180_a_2.nii.gz,68,0,2b,category_best,exp013_category_2all_focal_target100_e100,raw,0.2764720909670305,True,16043,15273,4329,10944,11714,False
train_19180_a_2.nii.gz,68,0,2b,category_best,exp013_category_2all_focal_target100_e100,pp2_whole_lung20,0.27944356584967744,True,16043,14940,4329,10611,11714,False
train_19180_a_2.nii.gz,68,0,2b,category_best,exp013_category_2all_focal_target100_e100,pp3_fine20_corrected_routes,0.27944356584967744,True,16043,14940,4329,10611,11714,False
train_19180_a_2.nii.gz,68,0,2b,iso07_best,exp017_cont_e050_abs_e150,raw,0.0002692394435598277,False,16043,6242,3,6239,16040,False
train_19180_a_2.nii.gz,68,0,2b,iso07_best,exp017_cont_e050_abs_e150,pp2_whole_lung20,0.0002692394435598277,False,16043,6242,3,6239,16040,False
train_19180_a_2.nii.gz,68,0,2b,iso07_best,exp017_cont_e050_abs_e150,pp3_fine20_corrected_routes,0.0002692394435598277,False,16043,6242,3,6239,16040,False
train_19180_a_2.nii.gz,68,1,2a,overall_best,exp007_cont_e050_abs_e150,raw,0.11879531536006824,True,755,2831,213,2618,542,False
train_19180_a_2.nii.gz,68,1,2a,overall_best,exp007_cont_e050_abs_e150,pp2_whole_lung20,0.14252258309049096,True,755,2234,213,2021,542,False
train_19180_a_2.nii.gz,68,1,2a,overall_best,exp007_cont_e050_abs_e150,pp3_fine20_corrected_routes,0.14252258309049096,True,755,2234,213,2021,542,False
train_19180_a_2.nii.gz,68,1,2a,category_best,exp009_s3v2_e100,raw,0.05915154170899019,False,755,17537,541,16996,214,False
train_19180_a_2.nii.gz,68,1,2a,category_best,exp009_s3v2_e100,pp2_whole_lung20,0.13557198356902997,True,755,7226,541,6685,214,False
train_19180_a_2.nii.gz,68,1,2a,category_best,exp009_s3v2_e100,pp3_fine20_corrected_routes,0.13557198356902997,True,755,7226,541,6685,214,False
train_19180_a_2.nii.gz,68,1,2a,iso07_best,exp017_cont_e050_abs_e150,raw,0.10077519396441949,True,755,4663,273,4390,482,False
train_19180_a_2.nii.gz,68,1,2a,iso07_best,exp017_cont_e050_abs_e150,pp2_whole_lung20,0.12774918129907598,True,755,3519,273,3246,482,False
train_19180_a_2.nii.gz,68,1,2a,iso07_best,exp017_cont_e050_abs_e150,pp3_fine20_corrected_routes,0.12774918129907598,True,755,3519,273,3246,482,False
train_18392_a_1.nii.gz,69,0,2d,overall_best,exp007_cont_e050_abs_e150,raw,0.42248449701490604,True,1943,3056,1056,2000,887,False
train_18392_a_1.nii.gz,69,0,2d,overall_best,exp007_cont_e050_abs_e150,pp2_whole_lung20,0.42248449701490604,True,1943,3056,1056,2000,887,False
train_18392_a_1.nii.gz,69,0,2d,overall_best,exp007_cont_e050_abs_e150,pp3_fine20_corrected_routes,0.42248449701490604,True,1943,3056,1056,2000,887,False
train_18392_a_1.nii.gz,69,0,2d,category_best,exp007_cont_e050_abs_e150,raw,0.42248449701490604,True,1943,3056,1056,2000,887,False
train_18392_a_1.nii.gz,69,0,2d,category_best,exp007_cont_e050_abs_e150,pp2_whole_lung20,0.42248449701490604,True,1943,3056,1056,2000,887,False
train_18392_a_1.nii.gz,69,0,2d,category_best,exp007_cont_e050_abs_e150,pp3_fine20_corrected_routes,0.42248449701490604,True,1943,3056,1056,2000,887,False
train_18392_a_1.nii.gz,69,0,2d,iso07_best,exp017_cont_e050_abs_e150,raw,0.3782802443673411,True,1943,4116,1146,2970,797,False
train_18392_a_1.nii.gz,69,0,2d,iso07_best,exp017_cont_e050_abs_e150,pp2_whole_lung20,0.3782802443673411,True,1943,4116,1146,2970,797,False
train_18392_a_1.nii.gz,69,0,2d,iso07_best,exp017_cont_e050_abs_e150,pp3_fine20_corrected_routes,0.3782802443673411,True,1943,4116,1146,2970,797,False
train_18392_a_1.nii.gz,69,1,2e,overall_best,exp007_cont_e050_abs_e150,raw,2.488800397588651e-10,False,1186,2832,0,2832,1186,False
train_18392_a_1.nii.gz,69,1,2e,overall_best,exp007_cont_e050_abs_e150,pp2_whole_lung20,2.488800397588651e-10,False,1186,2832,0,2832,1186,False
train_18392_a_1.nii.gz,69,1,2e,overall_best,exp007_cont_e050_abs_e150,pp3_fine20_corrected_routes,2.488800397588651e-10,False,1186,2832,0,2832,1186,False
train_18392_a_1.nii.gz,69,1,2e,category_best,exp007_cont_e100_abs_e200,raw,4.1580041562752583e-10,False,1186,1219,0,1219,1186,False
train_18392_a_1.nii.gz,69,1,2e,category_best,exp007_cont_e100_abs_e200,pp2_whole_lung20,4.1580041562752583e-10,False,1186,1219,0,1219,1186,False
train_18392_a_1.nii.gz,69,1,2e,category_best,exp007_cont_e100_abs_e200,pp3_fine20_corrected_routes,4.1580041562752583e-10,False,1186,1219,0,1219,1186,False
train_18392_a_1.nii.gz,69,1,2e,iso07_best,exp017_cont_e050_abs_e150,raw,4.0849673185927423e-10,False,1186,1262,0,1262,1186,False
train_18392_a_1.nii.gz,69,1,2e,iso07_best,exp017_cont_e050_abs_e150,pp2_whole_lung20,4.0849673185927423e-10,False,1186,1262,0,1262,1186,False
train_18392_a_1.nii.gz,69,1,2e,iso07_best,exp017_cont_e050_abs_e150,pp3_fine20_corrected_routes,4.0849673185927423e-10,False,1186,1262,0,1262,1186,False
train_19397_a_1.nii.gz,70,0,2d,overall_best,exp007_cont_e050_abs_e150,raw,0.44616709780691893,True,821,340,259,81,562,False
train_19397_a_1.nii.gz,70,0,2d,overall_best,exp007_cont_e050_abs_e150,pp2_whole_lung20,0.44616709780691893,True,821,340,259,81,562,False
train_19397_a_1.nii.gz,70,0,2d,overall_best,exp007_cont_e050_abs_e150,pp3_fine20_corrected_routes,0.44616709780691893,True,821,340,259,81,562,False
train_19397_a_1.nii.gz,70,0,2d,category_best,exp007_cont_e050_abs_e150,raw,0.44616709780691893,True,821,340,259,81,562,False
train_19397_a_1.nii.gz,70,0,2d,category_best,exp007_cont_e050_abs_e150,pp2_whole_lung20,0.44616709780691893,True,821,340,259,81,562,False
train_19397_a_1.nii.gz,70,0,2d,category_best,exp007_cont_e050_abs_e150,pp3_fine20_corrected_routes,0.44616709780691893,True,821,340,259,81,562,False
train_19397_a_1.nii.gz,70,0,2d,iso07_best,exp017_cont_e050_abs_e150,raw,0.3952502125570396,True,821,358,233,125,588,False
train_19397_a_1.nii.gz,70,0,2d,iso07_best,exp017_cont_e050_abs_e150,pp2_whole_lung20,0.3952502125570396,True,821,358,233,125,588,False
train_19397_a_1.nii.gz,70,0,2d,iso07_best,exp017_cont_e050_abs_e150,pp3_fine20_corrected_routes,0.3952502125570396,True,821,358,233,125,588,False
train_3008_a_1.nii.gz,71,0,2c,overall_best,exp007_cont_e050_abs_e150,raw,0.5239291741919134,True,78909,158688,62242,96446,16667,False
train_3008_a_1.nii.gz,71,0,2c,overall_best,exp007_cont_e050_abs_e150,pp2_whole_lung20,0.5239291741919134,True,78909,158688,62242,96446,16667,False
train_3008_a_1.nii.gz,71,0,2c,overall_best,exp007_cont_e050_abs_e150,pp3_fine20_corrected_routes,0.5239291741919134,True,78909,158688,62242,96446,16667,False
train_3008_a_1.nii.gz,71,0,2c,category_best,exp007_cont_e050_abs_e150,raw,0.5239291741919134,True,78909,158688,62242,96446,16667,False
train_3008_a_1.nii.gz,71,0,2c,category_best,exp007_cont_e050_abs_e150,pp2_whole_lung20,0.5239291741919134,True,78909,158688,62242,96446,16667,False
train_3008_a_1.nii.gz,71,0,2c,category_best,exp007_cont_e050_abs_e150,pp3_fine20_corrected_routes,0.5239291741919134,True,78909,158688,62242,96446,16667,False
train_3008_a_1.nii.gz,71,0,2c,iso07_best,exp017_cont_e050_abs_e150,raw,0.37227955962090953,True,78909,281143,67020,214123,11889,False
train_3008_a_1.nii.gz,71,0,2c,iso07_best,exp017_cont_e050_abs_e150,pp2_whole_lung20,0.37227955962090953,True,78909,281143,67020,214123,11889,False
train_3008_a_1.nii.gz,71,0,2c,iso07_best,exp017_cont_e050_abs_e150,pp3_fine20_corrected_routes,0.37227955962090953,True,78909,281143,67020,214123,11889,False
train_3008_a_1.nii.gz,71,1,2a,overall_best,exp007_cont_e050_abs_e150,raw,0.12462435923967542,True,2357,20271,1410,18861,947,False
train_3008_a_1.nii.gz,71,1,2a,overall_best,exp007_cont_e050_abs_e150,pp2_whole_lung20,0.12462435923967542,True,2357,20271,1410,18861,947,False
train_3008_a_1.nii.gz,71,1,2a,overall_best,exp007_cont_e050_abs_e150,pp3_fine20_corrected_routes,0.12462435923967542,True,2357,20271,1410,18861,947,False
train_3008_a_1.nii.gz,71,1,2a,category_best,exp009_s3v2_e100,raw,0.0963325298032548,False,2357,40370,2058,38312,299,False
train_3008_a_1.nii.gz,71,1,2a,category_best,exp009_s3v2_e100,pp2_whole_lung20,0.0963325298032548,False,2357,40370,2058,38312,299,False
train_3008_a_1.nii.gz,71,1,2a,category_best,exp009_s3v2_e100,pp3_fine20_corrected_routes,0.0963325298032548,False,2357,40370,2058,38312,299,False
train_3008_a_1.nii.gz,71,1,2a,iso07_best,exp017_cont_e050_abs_e150,raw,0.052049577405337756,False,2357,57509,1558,55951,799,False
train_3008_a_1.nii.gz,71,1,2a,iso07_best,exp017_cont_e050_abs_e150,pp2_whole_lung20,0.052049577405337756,False,2357,57509,1558,55951,799,False
train_3008_a_1.nii.gz,71,1,2a,iso07_best,exp017_cont_e050_abs_e150,pp3_fine20_corrected_routes,0.052049577405337756,False,2357,57509,1558,55951,799,False
train_3008_a_1.nii.gz,71,2,1c,overall_best,exp007_cont_e050_abs_e150,raw,0.012997180064273474,False,3405,365752,2399,363353,1006,False
train_3008_a_1.nii.gz,71,2,1c,overall_best,exp007_cont_e050_abs_e150,pp2_whole_lung20,0.01351065956963703,False,3405,351722,2399,349323,1006,False
train_3008_a_1.nii.gz,71,2,1c,overall_best,exp007_cont_e050_abs_e150,pp3_fine20_corrected_routes,0.01351065956963703,False,3405,351722,2399,349323,1006,False
train_3008_a_1.nii.gz,71,2,1c,category_best,exp017_cont_e075_abs_e175,raw,0.0246350038792406,False,3405,164405,2067,162338,1338,False
train_3008_a_1.nii.gz,71,2,1c,category_best,exp017_cont_e075_abs_e175,pp2_whole_lung20,0.025229777734902842,False,3405,160449,2067,158382,1338,False
train_3008_a_1.nii.gz,71,2,1c,category_best,exp017_cont_e075_abs_e175,pp3_fine20_corrected_routes,0.025229777734902842,False,3405,160449,2067,158382,1338,False
train_3008_a_1.nii.gz,71,2,1c,iso07_best,exp017_cont_e050_abs_e150,raw,0.018843379476387846,False,3405,278710,2658,276052,747,False
train_3008_a_1.nii.gz,71,2,1c,iso07_best,exp017_cont_e050_abs_e150,pp2_whole_lung20,0.02009685505003385,False,3405,261114,2658,258456,747,False
train_3008_a_1.nii.gz,71,2,1c,iso07_best,exp017_cont_e050_abs_e150,pp3_fine20_corrected_routes,0.02009685505003385,False,3405,261114,2658,258456,747,False
train_13572_a_2.nii.gz,72,0,2c,overall_best,exp007_cont_e050_abs_e150,raw,0.30063494333305024,True,2235,11782,2107,9675,128,False
train_13572_a_2.nii.gz,72,0,2c,overall_best,exp007_cont_e050_abs_e150,pp2_whole_lung20,0.30063494333305024,True,2235,11782,2107,9675,128,False
train_13572_a_2.nii.gz,72,0,2c,overall_best,exp007_cont_e050_abs_e150,pp3_fine20_corrected_routes,0.30063494333305024,True,2235,11782,2107,9675,128,False
train_13572_a_2.nii.gz,72,0,2c,category_best,exp007_cont_e050_abs_e150,raw,0.30063494333305024,True,2235,11782,2107,9675,128,False
train_13572_a_2.nii.gz,72,0,2c,category_best,exp007_cont_e050_abs_e150,pp2_whole_lung20,0.30063494333305024,True,2235,11782,2107,9675,128,False
train_13572_a_2.nii.gz,72,0,2c,category_best,exp007_cont_e050_abs_e150,pp3_fine20_corrected_routes,0.30063494333305024,True,2235,11782,2107,9675,128,False
train_13572_a_2.nii.gz,72,0,2c,iso07_best,exp017_cont_e050_abs_e150,raw,0.18451400333823062,True,2235,16582,1736,14846,499,False
train_13572_a_2.nii.gz,72,0,2c,iso07_best,exp017_cont_e050_abs_e150,pp2_whole_lung20,0.19002791313064266,True,2235,16036,1736,14300,499,False
train_13572_a_2.nii.gz,72,0,2c,iso07_best,exp017_cont_e050_abs_e150,pp3_fine20_corrected_routes,0.19340463462603583,True,2235,15717,1736,13981,499,False
train_13572_a_2.nii.gz,72,1,2c,overall_best,exp007_cont_e050_abs_e150,raw,0.45248980607284195,True,2473,5620,1831,3789,642,False
train_13572_a_2.nii.gz,72,1,2c,overall_best,exp007_cont_e050_abs_e150,pp2_whole_lung20,0.45248980607284195,True,2473,5620,1831,3789,642,False
train_13572_a_2.nii.gz,72,1,2c,overall_best,exp007_cont_e050_abs_e150,pp3_fine20_corrected_routes,0.45248980607284195,True,2473,5620,1831,3789,642,False
train_13572_a_2.nii.gz,72,1,2c,category_best,exp007_cont_e050_abs_e150,raw,0.45248980607284195,True,2473,5620,1831,3789,642,False
train_13572_a_2.nii.gz,72,1,2c,category_best,exp007_cont_e050_abs_e150,pp2_whole_lung20,0.45248980607284195,True,2473,5620,1831,3789,642,False
train_13572_a_2.nii.gz,72,1,2c,category_best,exp007_cont_e050_abs_e150,pp3_fine20_corrected_routes,0.45248980607284195,True,2473,5620,1831,3789,642,False
train_13572_a_2.nii.gz,72,1,2c,iso07_best,exp017_cont_e050_abs_e150,raw,0.465303049383197,True,2473,5496,1854,3642,619,False
train_13572_a_2.nii.gz,72,1,2c,iso07_best,exp017_cont_e050_abs_e150,pp2_whole_lung20,0.465303049383197,True,2473,5496,1854,3642,619,False
train_13572_a_2.nii.gz,72,1,2c,iso07_best,exp017_cont_e050_abs_e150,pp3_fine20_corrected_routes,0.4767905362637533,True,2473,5304,1854,3450,619,False
train_19341_a_2.nii.gz,73,0,2d,overall_best,exp007_cont_e050_abs_e150,raw,0.42233009848949005,True,120,292,87,205,33,False
train_19341_a_2.nii.gz,73,0,2d,overall_best,exp007_cont_e050_abs_e150,pp2_whole_lung20,0.42233009848949005,True,120,292,87,205,33,False
train_19341_a_2.nii.gz,73,0,2d,overall_best,exp007_cont_e050_abs_e150,pp3_fine20_corrected_routes,0.42233009848949005,True,120,292,87,205,33,False
train_19341_a_2.nii.gz,73,0,2d,category_best,exp007_cont_e050_abs_e150,raw,0.42233009848949005,True,120,292,87,205,33,False
train_19341_a_2.nii.gz,73,0,2d,category_best,exp007_cont_e050_abs_e150,pp2_whole_lung20,0.42233009848949005,True,120,292,87,205,33,False
train_19341_a_2.nii.gz,73,0,2d,category_best,exp007_cont_e050_abs_e150,pp3_fine20_corrected_routes,0.42233009848949005,True,120,292,87,205,33,False
train_19341_a_2.nii.gz,73,0,2d,iso07_best,exp017_cont_e050_abs_e150,raw,0.5034642043799903,True,120,313,109,204,11,False
train_19341_a_2.nii.gz,73,0,2d,iso07_best,exp017_cont_e050_abs_e150,pp2_whole_lung20,0.5034642043799903,True,120,313,109,204,11,False
train_19341_a_2.nii.gz,73,0,2d,iso07_best,exp017_cont_e050_abs_e150,pp3_fine20_corrected_routes,0.5034642043799903,True,120,313,109,204,11,False
train_19341_a_2.nii.gz,73,1,2a,overall_best,exp007_cont_e050_abs_e150,raw,0.3423746162560933,True,3787,4029,1338,2691,2449,False
train_19341_a_2.nii.gz,73,1,2a,overall_best,exp007_cont_e050_abs_e150,pp2_whole_lung20,0.3423746162560933,True,3787,4029,1338,2691,2449,False
train_19341_a_2.nii.gz,73,1,2a,overall_best,exp007_cont_e050_abs_e150,pp3_fine20_corrected_routes,0.3423746162560933,True,3787,4029,1338,2691,2449,False
train_19341_a_2.nii.gz,73,1,2a,category_best,exp009_s3v2_e100,raw,0.34747780912021237,True,3787,5451,1605,3846,2182,False
train_19341_a_2.nii.gz,73,1,2a,category_best,exp009_s3v2_e100,pp2_whole_lung20,0.34792976378192825,True,3787,5439,1605,3834,2182,False
train_19341_a_2.nii.gz,73,1,2a,category_best,exp009_s3v2_e100,pp3_fine20_corrected_routes,0.34792976378192825,True,3787,5439,1605,3834,2182,False
train_19341_a_2.nii.gz,73,1,2a,iso07_best,exp017_cont_e050_abs_e150,raw,0.35448136965933963,True,3787,5150,1584,3566,2203,False
train_19341_a_2.nii.gz,73,1,2a,iso07_best,exp017_cont_e050_abs_e150,pp2_whole_lung20,0.37944664039053216,True,3787,4562,1584,2978,2203,False
train_19341_a_2.nii.gz,73,1,2a,iso07_best,exp017_cont_e050_abs_e150,pp3_fine20_corrected_routes,0.37944664039053216,True,3787,4562,1584,2978,2203,False
train_19072_a_2.nii.gz,74,0,2c,overall_best,exp007_cont_e050_abs_e150,raw,1.838945181010336e-11,False,4120,50259,0,50259,4120,False
train_19072_a_2.nii.gz,74,0,2c,overall_best,exp007_cont_e050_abs_e150,pp2_whole_lung20,1.838945181010336e-11,False,4120,50259,0,50259,4120,False
train_19072_a_2.nii.gz,74,0,2c,overall_best,exp007_cont_e050_abs_e150,pp3_fine20_corrected_routes,1.838945181010336e-11,False,4120,50259,0,50259,4120,False
train_19072_a_2.nii.gz,74,0,2c,category_best,exp007_cont_e050_abs_e150,raw,1.838945181010336e-11,False,4120,50259,0,50259,4120,False
train_19072_a_2.nii.gz,74,0,2c,category_best,exp007_cont_e050_abs_e150,pp2_whole_lung20,1.838945181010336e-11,False,4120,50259,0,50259,4120,False
train_19072_a_2.nii.gz,74,0,2c,category_best,exp007_cont_e050_abs_e150,pp3_fine20_corrected_routes,1.838945181010336e-11,False,4120,50259,0,50259,4120,False
train_19072_a_2.nii.gz,74,0,2c,iso07_best,exp017_cont_e050_abs_e150,raw,6.407381302850811e-11,False,4120,11487,0,11487,4120,False
train_19072_a_2.nii.gz,74,0,2c,iso07_best,exp017_cont_e050_abs_e150,pp2_whole_lung20,6.407381302850811e-11,False,4120,11487,0,11487,4120,False
train_19072_a_2.nii.gz,74,0,2c,iso07_best,exp017_cont_e050_abs_e150,pp3_fine20_corrected_routes,6.407381302850811e-11,False,4120,11487,0,11487,4120,False
train_19072_a_2.nii.gz,74,1,2b,overall_best,exp007_cont_e050_abs_e150,raw,0.4299134430028896,True,114332,56307,36680,19627,77652,False
train_19072_a_2.nii.gz,74,1,2b,overall_best,exp007_cont_e050_abs_e150,pp2_whole_lung20,0.4299134430028896,True,114332,56307,36680,19627,77652,False
train_19072_a_2.nii.gz,74,1,2b,overall_best,exp007_cont_e050_abs_e150,pp3_fine20_corrected_routes,0.4299134430028896,True,114332,56307,36680,19627,77652,False
train_19072_a_2.nii.gz,74,1,2b,category_best,exp013_category_2all_focal_target100_e100,raw,0.32271292185429923,True,114332,44670,25656,19014,88676,False
train_19072_a_2.nii.gz,74,1,2b,category_best,exp013_category_2all_focal_target100_e100,pp2_whole_lung20,0.323068495914907,True,114332,44495,25656,18839,88676,False
train_19072_a_2.nii.gz,74,1,2b,category_best,exp013_category_2all_focal_target100_e100,pp3_fine20_corrected_routes,0.323068495914907,True,114332,44495,25656,18839,88676,False
train_19072_a_2.nii.gz,74,1,2b,iso07_best,exp017_cont_e050_abs_e150,raw,0.3576957811936673,True,114332,40688,27725,12963,86607,False
train_19072_a_2.nii.gz,74,1,2b,iso07_best,exp017_cont_e050_abs_e150,pp2_whole_lung20,0.3576957811936673,True,114332,40688,27725,12963,86607,False
train_19072_a_2.nii.gz,74,1,2b,iso07_best,exp017_cont_e050_abs_e150,pp3_fine20_corrected_routes,0.3576957811936673,True,114332,40688,27725,12963,86607,False
train_19545_a_2.nii.gz,75,0,2b,overall_best,exp007_cont_e050_abs_e150,raw,0.5855156671680632,True,11329,12766,7054,5712,4275,False
train_19545_a_2.nii.gz,75,0,2b,overall_best,exp007_cont_e050_abs_e150,pp2_whole_lung20,0.5855156671680632,True,11329,12766,7054,5712,4275,False
train_19545_a_2.nii.gz,75,0,2b,overall_best,exp007_cont_e050_abs_e150,pp3_fine20_corrected_routes,0.5855156671680632,True,11329,12766,7054,5712,4275,False
train_19545_a_2.nii.gz,75,0,2b,category_best,exp013_category_2all_focal_target100_e100,raw,0.6127919668363767,True,11329,11576,7018,4558,4311,False
train_19545_a_2.nii.gz,75,0,2b,category_best,exp013_category_2all_focal_target100_e100,pp2_whole_lung20,0.6186530324568648,True,11329,11359,7018,4341,4311,False
train_19545_a_2.nii.gz,75,0,2b,category_best,exp013_category_2all_focal_target100_e100,pp3_fine20_corrected_routes,0.6186530324568648,True,11329,11359,7018,4341,4311,False
train_19545_a_2.nii.gz,75,0,2b,iso07_best,exp017_cont_e050_abs_e150,raw,0.458683021333189,True,11329,7259,4263,2996,7066,False
train_19545_a_2.nii.gz,75,0,2b,iso07_best,exp017_cont_e050_abs_e150,pp2_whole_lung20,0.4980431100240643,True,11329,5790,4263,1527,7066,False
train_19545_a_2.nii.gz,75,0,2b,iso07_best,exp017_cont_e050_abs_e150,pp3_fine20_corrected_routes,0.4980431100240643,True,11329,5790,4263,1527,7066,False
train_19545_a_2.nii.gz,75,1,2b,overall_best,exp007_cont_e050_abs_e150,raw,0.599512591435591,True,4194,4423,2583,1840,1611,False
train_19545_a_2.nii.gz,75,1,2b,overall_best,exp007_cont_e050_abs_e150,pp2_whole_lung20,0.599512591435591,True,4194,4423,2583,1840,1611,False
train_19545_a_2.nii.gz,75,1,2b,overall_best,exp007_cont_e050_abs_e150,pp3_fine20_corrected_routes,0.599512591435591,True,4194,4423,2583,1840,1611,False
train_19545_a_2.nii.gz,75,1,2b,category_best,exp013_category_2all_focal_target100_e100,raw,0.6054959311704805,True,4194,4285,2567,1718,1627,False
train_19545_a_2.nii.gz,75,1,2b,category_best,exp013_category_2all_focal_target100_e100,pp2_whole_lung20,0.6068557920086459,True,4194,4266,2567,1699,1627,False
train_19545_a_2.nii.gz,75,1,2b,category_best,exp013_category_2all_focal_target100_e100,pp3_fine20_corrected_routes,0.6068557920086459,True,4194,4266,2567,1699,1627,False
train_19545_a_2.nii.gz,75,1,2b,iso07_best,exp017_cont_e050_abs_e150,raw,0.5663953848185438,True,4194,5513,2749,2764,1445,False
train_19545_a_2.nii.gz,75,1,2b,iso07_best,exp017_cont_e050_abs_e150,pp2_whole_lung20,0.5663953848185438,True,4194,5513,2749,2764,1445,False
train_19545_a_2.nii.gz,75,1,2b,iso07_best,exp017_cont_e050_abs_e150,pp3_fine20_corrected_routes,0.5663953848185438,True,4194,5513,2749,2764,1445,False
train_19545_a_2.nii.gz,75,2,2d,overall_best,exp007_cont_e050_abs_e150,raw,0.5575757602571166,True,114,51,46,5,68,False
train_19545_a_2.nii.gz,75,2,2d,overall_best,exp007_cont_e050_abs_e150,pp2_whole_lung20,0.5575757602571166,True,114,51,46,5,68,False
train_19545_a_2.nii.gz,75,2,2d,overall_best,exp007_cont_e050_abs_e150,pp3_fine20_corrected_routes,0.5575757602571166,True,114,51,46,5,68,False
train_19545_a_2.nii.gz,75,2,2d,category_best,exp007_cont_e050_abs_e150,raw,0.5575757602571166,True,114,51,46,5,68,False
train_19545_a_2.nii.gz,75,2,2d,category_best,exp007_cont_e050_abs_e150,pp2_whole_lung20,0.5575757602571166,True,114,51,46,5,68,False
train_19545_a_2.nii.gz,75,2,2d,category_best,exp007_cont_e050_abs_e150,pp3_fine20_corrected_routes,0.5575757602571166,True,114,51,46,5,68,False
train_19545_a_2.nii.gz,75,2,2d,iso07_best,exp017_cont_e050_abs_e150,raw,0.5280898902916298,True,114,64,47,17,67,False
train_19545_a_2.nii.gz,75,2,2d,iso07_best,exp017_cont_e050_abs_e150,pp2_whole_lung20,0.5280898902916298,True,114,64,47,17,67,False
train_19545_a_2.nii.gz,75,2,2d,iso07_best,exp017_cont_e050_abs_e150,pp3_fine20_corrected_routes,0.5280898902916298,True,114,64,47,17,67,False
train_2562_a_1.nii.gz,76,0,2d,overall_best,exp007_cont_e050_abs_e150,raw,3.378378366964938e-09,False,85,211,0,211,85,False
train_2562_a_1.nii.gz,76,0,2d,overall_best,exp007_cont_e050_abs_e150,pp2_whole_lung20,4.219409264897007e-09,False,85,152,0,152,85,False
train_2562_a_1.nii.gz,76,0,2d,overall_best,exp007_cont_e050_abs_e150,pp3_fine20_corrected_routes,4.219409264897007e-09,False,85,152,0,152,85,False
train_2562_a_1.nii.gz,76,0,2d,category_best,exp007_cont_e050_abs_e150,raw,3.378378366964938e-09,False,85,211,0,211,85,False
train_2562_a_1.nii.gz,76,0,2d,category_best,exp007_cont_e050_abs_e150,pp2_whole_lung20,4.219409264897007e-09,False,85,152,0,152,85,False
train_2562_a_1.nii.gz,76,0,2d,category_best,exp007_cont_e050_abs_e150,pp3_fine20_corrected_routes,4.219409264897007e-09,False,85,152,0,152,85,False
train_2562_a_1.nii.gz,76,0,2d,iso07_best,exp017_cont_e050_abs_e150,raw,0.3236994232684019,True,85,434,84,350,1,False
train_2562_a_1.nii.gz,76,0,2d,iso07_best,exp017_cont_e050_abs_e150,pp2_whole_lung20,0.3236994232684019,True,85,434,84,350,1,False
train_2562_a_1.nii.gz,76,0,2d,iso07_best,exp017_cont_e050_abs_e150,pp3_fine20_corrected_routes,0.3236994232684019,True,85,434,84,350,1,False
train_13035_a_1.nii.gz,77,0,2b,overall_best,exp007_cont_e050_abs_e150,raw,0.18357115313313568,True,6648,21875,2618,19257,4030,False
train_13035_a_1.nii.gz,77,0,2b,overall_best,exp007_cont_e050_abs_e150,pp2_whole_lung20,0.18357115313313568,True,6648,21875,2618,19257,4030,False
train_13035_a_1.nii.gz,77,0,2b,overall_best,exp007_cont_e050_abs_e150,pp3_fine20_corrected_routes,0.18357115313313568,True,6648,21875,2618,19257,4030,False
train_13035_a_1.nii.gz,77,0,2b,category_best,exp013_category_2all_focal_target100_e100,raw,0.13884025133538883,True,6648,32188,2696,29492,3952,False
train_13035_a_1.nii.gz,77,0,2b,category_best,exp013_category_2all_focal_target100_e100,pp2_whole_lung20,0.15009464427262847,True,6648,29276,2696,26580,3952,False
train_13035_a_1.nii.gz,77,0,2b,category_best,exp013_category_2all_focal_target100_e100,pp3_fine20_corrected_routes,0.15009464427262847,True,6648,29276,2696,26580,3952,False
train_13035_a_1.nii.gz,77,0,2b,iso07_best,exp017_cont_e050_abs_e150,raw,0.2415503400704837,True,6648,12909,2362,10547,4286,False
train_13035_a_1.nii.gz,77,0,2b,iso07_best,exp017_cont_e050_abs_e150,pp2_whole_lung20,0.24193383185281503,True,6648,12878,2362,10516,4286,False
train_13035_a_1.nii.gz,77,0,2b,iso07_best,exp017_cont_e050_abs_e150,pp3_fine20_corrected_routes,0.24193383185281503,True,6648,12878,2362,10516,4286,False
train_13035_a_1.nii.gz,77,1,2b,overall_best,exp007_cont_e050_abs_e150,raw,0.10515897873887953,True,5948,73874,4197,69677,1751,False
train_13035_a_1.nii.gz,77,1,2b,overall_best,exp007_cont_e050_abs_e150,pp2_whole_lung20,0.10515897873887953,True,5948,73874,4197,69677,1751,False
train_13035_a_1.nii.gz,77,1,2b,overall_best,exp007_cont_e050_abs_e150,pp3_fine20_corrected_routes,0.10515897873887953,True,5948,73874,4197,69677,1751,False
train_13035_a_1.nii.gz,77,1,2b,category_best,exp013_category_2all_focal_target100_e100,raw,0.05186471422427676,False,5948,213469,5690,207779,258,False
train_13035_a_1.nii.gz,77,1,2b,category_best,exp013_category_2all_focal_target100_e100,pp2_whole_lung20,0.05276188533770035,False,5948,209738,5690,204048,258,False
train_13035_a_1.nii.gz,77,1,2b,category_best,exp013_category_2all_focal_target100_e100,pp3_fine20_corrected_routes,0.05276188533770035,False,5948,209738,5690,204048,258,False
train_13035_a_1.nii.gz,77,1,2b,iso07_best,exp017_cont_e050_abs_e150,raw,0.048707881031604915,False,5948,227854,5694,222160,254,False
train_13035_a_1.nii.gz,77,1,2b,iso07_best,exp017_cont_e050_abs_e150,pp2_whole_lung20,0.048806620698460944,False,5948,227381,5694,221687,254,False
train_13035_a_1.nii.gz,77,1,2b,iso07_best,exp017_cont_e050_abs_e150,pp3_fine20_corrected_routes,0.048806620698460944,False,5948,227381,5694,221687,254,False
train_13035_a_1.nii.gz,77,2,2d,overall_best,exp007_cont_e050_abs_e150,raw,0.622641512993948,True,33,73,33,40,0,False
train_13035_a_1.nii.gz,77,2,2d,overall_best,exp007_cont_e050_abs_e150,pp2_whole_lung20,0.622641512993948,True,33,73,33,40,0,False
train_13035_a_1.nii.gz,77,2,2d,overall_best,exp007_cont_e050_abs_e150,pp3_fine20_corrected_routes,0.622641512993948,True,33,73,33,40,0,False
train_13035_a_1.nii.gz,77,2,2d,category_best,exp007_cont_e050_abs_e150,raw,0.622641512993948,True,33,73,33,40,0,False
train_13035_a_1.nii.gz,77,2,2d,category_best,exp007_cont_e050_abs_e150,pp2_whole_lung20,0.622641512993948,True,33,73,33,40,0,False
train_13035_a_1.nii.gz,77,2,2d,category_best,exp007_cont_e050_abs_e150,pp3_fine20_corrected_routes,0.622641512993948,True,33,73,33,40,0,False
train_13035_a_1.nii.gz,77,2,2d,iso07_best,exp017_cont_e050_abs_e150,raw,0.7636363679338842,True,33,22,21,1,12,False
train_13035_a_1.nii.gz,77,2,2d,iso07_best,exp017_cont_e050_abs_e150,pp2_whole_lung20,0.7636363679338842,True,33,22,21,1,12,False
train_13035_a_1.nii.gz,77,2,2d,iso07_best,exp017_cont_e050_abs_e150,pp3_fine20_corrected_routes,0.7636363679338842,True,33,22,21,1,12,False
train_2580_b_2.nii.gz,78,0,2d,overall_best,exp007_cont_e050_abs_e150,raw,0.21393035021410362,True,43,359,43,316,0,False
train_2580_b_2.nii.gz,78,0,2d,overall_best,exp007_cont_e050_abs_e150,pp2_whole_lung20,0.21393035021410362,True,43,359,43,316,0,False
train_2580_b_2.nii.gz,78,0,2d,overall_best,exp007_cont_e050_abs_e150,pp3_fine20_corrected_routes,0.21393035021410362,True,43,359,43,316,0,False
train_2580_b_2.nii.gz,78,0,2d,category_best,exp007_cont_e050_abs_e150,raw,0.21393035021410362,True,43,359,43,316,0,False
train_2580_b_2.nii.gz,78,0,2d,category_best,exp007_cont_e050_abs_e150,pp2_whole_lung20,0.21393035021410362,True,43,359,43,316,0,False
train_2580_b_2.nii.gz,78,0,2d,category_best,exp007_cont_e050_abs_e150,pp3_fine20_corrected_routes,0.21393035021410362,True,43,359,43,316,0,False
train_2580_b_2.nii.gz,78,0,2d,iso07_best,exp017_cont_e050_abs_e150,raw,0.15837937539893301,True,43,500,43,457,0,False
train_2580_b_2.nii.gz,78,0,2d,iso07_best,exp017_cont_e050_abs_e150,pp2_whole_lung20,0.15837937539893301,True,43,500,43,457,0,False
train_2580_b_2.nii.gz,78,0,2d,iso07_best,exp017_cont_e050_abs_e150,pp3_fine20_corrected_routes,0.2514619904928012,True,43,299,43,256,0,False
train_2508_a_2.nii.gz,79,0,2a,overall_best,exp007_cont_e050_abs_e150,raw,0.16673456087732738,True,6457,42639,4093,38546,2364,False
train_2508_a_2.nii.gz,79,0,2a,overall_best,exp007_cont_e050_abs_e150,pp2_whole_lung20,0.16673456087732738,True,6457,42639,4093,38546,2364,False
train_2508_a_2.nii.gz,79,0,2a,overall_best,exp007_cont_e050_abs_e150,pp3_fine20_corrected_routes,0.16673456087732738,True,6457,42639,4093,38546,2364,False
train_2508_a_2.nii.gz,79,0,2a,category_best,exp009_s3v2_e100,raw,0.1986482806625245,True,6457,33936,4012,29924,2445,False
train_2508_a_2.nii.gz,79,0,2a,category_best,exp009_s3v2_e100,pp2_whole_lung20,0.1986482806625245,True,6457,33936,4012,29924,2445,False
train_2508_a_2.nii.gz,79,0,2a,category_best,exp009_s3v2_e100,pp3_fine20_corrected_routes,0.1986482806625245,True,6457,33936,4012,29924,2445,False
train_2508_a_2.nii.gz,79,0,2a,iso07_best,exp017_cont_e050_abs_e150,raw,0.22314635721395404,True,6457,24563,3461,21102,2996,False
train_2508_a_2.nii.gz,79,0,2a,iso07_best,exp017_cont_e050_abs_e150,pp2_whole_lung20,0.22341283932403536,True,6457,24526,3461,21065,2996,False
train_2508_a_2.nii.gz,79,0,2a,iso07_best,exp017_cont_e050_abs_e150,pp3_fine20_corrected_routes,0.22314635721395404,True,6457,24563,3461,21102,2996,False
train_2508_a_2.nii.gz,79,1,1c,overall_best,exp007_cont_e050_abs_e150,raw,0.20359505131516253,True,152807,29221,18530,10691,134277,True
train_2508_a_2.nii.gz,79,1,1c,overall_best,exp007_cont_e050_abs_e150,pp2_whole_lung20,0.20359505131516253,True,152807,29221,18530,10691,134277,True
train_2508_a_2.nii.gz,79,1,1c,overall_best,exp007_cont_e050_abs_e150,pp3_fine20_corrected_routes,0.20359505131516253,True,152807,29221,18530,10691,134277,True
train_2508_a_2.nii.gz,79,1,1c,category_best,exp017_cont_e075_abs_e175,raw,0.49182521939023044,True,152807,110197,64676,45521,88131,True
train_2508_a_2.nii.gz,79,1,1c,category_best,exp017_cont_e075_abs_e175,pp2_whole_lung20,0.5024627480247422,True,152807,104629,64676,39953,88131,True
train_2508_a_2.nii.gz,79,1,1c,category_best,exp017_cont_e075_abs_e175,pp3_fine20_corrected_routes,0.5024627480247422,True,152807,104629,64676,39953,88131,True
train_2508_a_2.nii.gz,79,1,1c,iso07_best,exp017_cont_e050_abs_e150,raw,0.4002036659904589,True,152807,71089,44802,26287,108005,True
train_2508_a_2.nii.gz,79,1,1c,iso07_best,exp017_cont_e050_abs_e150,pp2_whole_lung20,0.4019396310062758,True,152807,70122,44802,25320,108005,True
train_2508_a_2.nii.gz,79,1,1c,iso07_best,exp017_cont_e050_abs_e150,pp3_fine20_corrected_routes,0.4019396310062758,True,152807,70122,44802,25320,108005,True
train_2724_a_1.nii.gz,80,0,2d,overall_best,exp007_cont_e050_abs_e150,raw,0.1338912152010644,True,66,412,32,380,34,False
train_2724_a_1.nii.gz,80,0,2d,overall_best,exp007_cont_e050_abs_e150,pp2_whole_lung20,0.17021276816432773,True,66,310,32,278,34,False
train_2724_a_1.nii.gz,80,0,2d,overall_best,exp007_cont_e050_abs_e150,pp3_fine20_corrected_routes,0.17021276816432773,True,66,310,32,278,34,False
train_2724_a_1.nii.gz,80,0,2d,category_best,exp007_cont_e050_abs_e150,raw,0.1338912152010644,True,66,412,32,380,34,False
train_2724_a_1.nii.gz,80,0,2d,category_best,exp007_cont_e050_abs_e150,pp2_whole_lung20,0.17021276816432773,True,66,310,32,278,34,False
train_2724_a_1.nii.gz,80,0,2d,category_best,exp007_cont_e050_abs_e150,pp3_fine20_corrected_routes,0.17021276816432773,True,66,310,32,278,34,False
train_2724_a_1.nii.gz,80,0,2d,iso07_best,exp017_cont_e050_abs_e150,raw,0.2857142888064316,True,66,165,33,132,33,False
train_2724_a_1.nii.gz,80,0,2d,iso07_best,exp017_cont_e050_abs_e150,pp2_whole_lung20,0.2857142888064316,True,66,165,33,132,33,False
train_2724_a_1.nii.gz,80,0,2d,iso07_best,exp017_cont_e050_abs_e150,pp3_fine20_corrected_routes,0.2857142888064316,True,66,165,33,132,33,False
train_13471_a_1.nii.gz,81,0,1f,overall_best,exp007_cont_e050_abs_e150,raw,6.797172375829446e-11,False,14305,407,0,407,14305,False
train_13471_a_1.nii.gz,81,0,1f,overall_best,exp007_cont_e050_abs_e150,pp2_whole_lung20,6.797172375829446e-11,False,14305,407,0,407,14305,False
train_13471_a_1.nii.gz,81,0,1f,overall_best,exp007_cont_e050_abs_e150,pp3_fine20_corrected_routes,6.797172375829446e-11,False,14305,407,0,407,14305,False
train_13471_a_1.nii.gz,81,0,1f,category_best,exp007_cont_e100_abs_e200,raw,6.990562739811914e-11,False,14305,0,0,0,14305,False
train_13471_a_1.nii.gz,81,0,1f,category_best,exp007_cont_e100_abs_e200,pp2_whole_lung20,6.990562739811914e-11,False,14305,0,0,0,14305,False
train_13471_a_1.nii.gz,81,0,1f,category_best,exp007_cont_e100_abs_e200,pp3_fine20_corrected_routes,6.990562739811914e-11,False,14305,0,0,0,14305,False
train_13471_a_1.nii.gz,81,0,1f,iso07_best,exp017_cont_e050_abs_e150,raw,6.990562739811914e-11,False,14305,0,0,0,14305,False
train_13471_a_1.nii.gz,81,0,1f,iso07_best,exp017_cont_e050_abs_e150,pp2_whole_lung20,6.990562739811914e-11,False,14305,0,0,0,14305,False
train_13471_a_1.nii.gz,81,0,1f,iso07_best,exp017_cont_e050_abs_e150,pp3_fine20_corrected_routes,6.990562739811914e-11,False,14305,0,0,0,14305,False
train_13284_a_2.nii.gz,82,0,2c,overall_best,exp007_cont_e050_abs_e150,raw,0.36137345289653666,True,235446,53723,52249,1474,183197,False
train_13284_a_2.nii.gz,82,0,2c,overall_best,exp007_cont_e050_abs_e150,pp2_whole_lung20,0.36137345289653666,True,235446,53723,52249,1474,183197,False
train_13284_a_2.nii.gz,82,0,2c,overall_best,exp007_cont_e050_abs_e150,pp3_fine20_corrected_routes,0.36137345289653666,True,235446,53723,52249,1474,183197,False
train_13284_a_2.nii.gz,82,0,2c,category_best,exp007_cont_e050_abs_e150,raw,0.36137345289653666,True,235446,53723,52249,1474,183197,False
train_13284_a_2.nii.gz,82,0,2c,category_best,exp007_cont_e050_abs_e150,pp2_whole_lung20,0.36137345289653666,True,235446,53723,52249,1474,183197,False
train_13284_a_2.nii.gz,82,0,2c,category_best,exp007_cont_e050_abs_e150,pp3_fine20_corrected_routes,0.36137345289653666,True,235446,53723,52249,1474,183197,False
train_13284_a_2.nii.gz,82,0,2c,iso07_best,exp017_cont_e050_abs_e150,raw,0.3883219336751358,True,235446,58130,57001,1129,178445,False
train_13284_a_2.nii.gz,82,0,2c,iso07_best,exp017_cont_e050_abs_e150,pp2_whole_lung20,0.3883219336751358,True,235446,58130,57001,1129,178445,False
train_13284_a_2.nii.gz,82,0,2c,iso07_best,exp017_cont_e050_abs_e150,pp3_fine20_corrected_routes,0.3883219336751358,True,235446,58130,57001,1129,178445,False
train_13284_a_2.nii.gz,82,1,2c,overall_best,exp007_cont_e050_abs_e150,raw,0.0004405692590228569,False,237239,153165,86,153079,237153,False
train_13284_a_2.nii.gz,82,1,2c,overall_best,exp007_cont_e050_abs_e150,pp2_whole_lung20,0.0004470342423017922,False,237239,147519,86,147433,237153,False
train_13284_a_2.nii.gz,82,1,2c,overall_best,exp007_cont_e050_abs_e150,pp3_fine20_corrected_routes,0.0004470342423017922,False,237239,147519,86,147433,237153,False
train_13284_a_2.nii.gz,82,1,2c,category_best,exp007_cont_e050_abs_e150,raw,0.0004405692590228569,False,237239,153165,86,153079,237153,False
train_13284_a_2.nii.gz,82,1,2c,category_best,exp007_cont_e050_abs_e150,pp2_whole_lung20,0.0004470342423017922,False,237239,147519,86,147433,237153,False
train_13284_a_2.nii.gz,82,1,2c,category_best,exp007_cont_e050_abs_e150,pp3_fine20_corrected_routes,0.0004470342423017922,False,237239,147519,86,147433,237153,False
train_13284_a_2.nii.gz,82,1,2c,iso07_best,exp017_cont_e050_abs_e150,raw,1.1690474311616265e-05,False,237239,104920,2,104918,237237,False
train_13284_a_2.nii.gz,82,1,2c,iso07_best,exp017_cont_e050_abs_e150,pp2_whole_lung20,1.1690474311616265e-05,False,237239,104920,2,104918,237237,False
train_13284_a_2.nii.gz,82,1,2c,iso07_best,exp017_cont_e050_abs_e150,pp3_fine20_corrected_routes,1.1690474311616265e-05,False,237239,104920,2,104918,237237,False
train_2592_a_2.nii.gz,83,0,2d,overall_best,exp007_cont_e050_abs_e150,raw,0.6377927495547666,True,1884,1233,994,239,890,False
train_2592_a_2.nii.gz,83,0,2d,overall_best,exp007_cont_e050_abs_e150,pp2_whole_lung20,0.6631087392718117,True,1884,1114,994,120,890,False
train_2592_a_2.nii.gz,83,0,2d,overall_best,exp007_cont_e050_abs_e150,pp3_fine20_corrected_routes,0.6631087392718117,True,1884,1114,994,120,890,False
train_2592_a_2.nii.gz,83,0,2d,category_best,exp007_cont_e050_abs_e150,raw,0.6377927495547666,True,1884,1233,994,239,890,False
train_2592_a_2.nii.gz,83,0,2d,category_best,exp007_cont_e050_abs_e150,pp2_whole_lung20,0.6631087392718117,True,1884,1114,994,120,890,False
train_2592_a_2.nii.gz,83,0,2d,category_best,exp007_cont_e050_abs_e150,pp3_fine20_corrected_routes,0.6631087392718117,True,1884,1114,994,120,890,False
train_2592_a_2.nii.gz,83,0,2d,iso07_best,exp017_cont_e050_abs_e150,raw,0.6045615163493218,True,1884,1229,941,288,943,False
train_2592_a_2.nii.gz,83,0,2d,iso07_best,exp017_cont_e050_abs_e150,pp2_whole_lung20,0.6045615163493218,True,1884,1229,941,288,943,False
train_2592_a_2.nii.gz,83,0,2d,iso07_best,exp017_cont_e050_abs_e150,pp3_fine20_corrected_routes,0.6233852270210716,True,1884,1135,941,194,943,False
train_2659_a_2.nii.gz,84,0,2d,overall_best,exp007_cont_e050_abs_e150,raw,0.3055022393945134,True,3393,2859,955,1904,2438,False
train_2659_a_2.nii.gz,84,0,2d,overall_best,exp007_cont_e050_abs_e150,pp2_whole_lung20,0.3055022393945134,True,3393,2859,955,1904,2438,False
train_2659_a_2.nii.gz,84,0,2d,overall_best,exp007_cont_e050_abs_e150,pp3_fine20_corrected_routes,0.3055022393945134,True,3393,2859,955,1904,2438,False
train_2659_a_2.nii.gz,84,0,2d,category_best,exp007_cont_e050_abs_e150,raw,0.3055022393945134,True,3393,2859,955,1904,2438,False
train_2659_a_2.nii.gz,84,0,2d,category_best,exp007_cont_e050_abs_e150,pp2_whole_lung20,0.3055022393945134,True,3393,2859,955,1904,2438,False
train_2659_a_2.nii.gz,84,0,2d,category_best,exp007_cont_e050_abs_e150,pp3_fine20_corrected_routes,0.3055022393945134,True,3393,2859,955,1904,2438,False
train_2659_a_2.nii.gz,84,0,2d,iso07_best,exp017_cont_e050_abs_e150,raw,0.30743397965082675,True,3393,3158,1007,2151,2386,False
train_2659_a_2.nii.gz,84,0,2d,iso07_best,exp017_cont_e050_abs_e150,pp2_whole_lung20,0.30743397965082675,True,3393,3158,1007,2151,2386,False
train_2659_a_2.nii.gz,84,0,2d,iso07_best,exp017_cont_e050_abs_e150,pp3_fine20_corrected_routes,0.30743397965082675,True,3393,3158,1007,2151,2386,False
train_18964_a_1.nii.gz,85,0,2b,overall_best,exp007_cont_e050_abs_e150,raw,0.15056452260142503,True,23531,188418,15956,172462,7575,False
train_18964_a_1.nii.gz,85,0,2b,overall_best,exp007_cont_e050_abs_e150,pp2_whole_lung20,0.15056452260142503,True,23531,188418,15956,172462,7575,False
train_18964_a_1.nii.gz,85,0,2b,overall_best,exp007_cont_e050_abs_e150,pp3_fine20_corrected_routes,0.15056452260142503,True,23531,188418,15956,172462,7575,False
train_18964_a_1.nii.gz,85,0,2b,category_best,exp013_category_2all_focal_target100_e100,raw,0.16729608410756408,True,23531,139318,13622,125696,9909,False
train_18964_a_1.nii.gz,85,0,2b,category_best,exp013_category_2all_focal_target100_e100,pp2_whole_lung20,0.16729608410756408,True,23531,139318,13622,125696,9909,False
train_18964_a_1.nii.gz,85,0,2b,category_best,exp013_category_2all_focal_target100_e100,pp3_fine20_corrected_routes,0.16729608410756408,True,23531,139318,13622,125696,9909,False
train_18964_a_1.nii.gz,85,0,2b,iso07_best,exp017_cont_e050_abs_e150,raw,0.400262793433711,True,23531,32787,11271,21516,12260,False
train_18964_a_1.nii.gz,85,0,2b,iso07_best,exp017_cont_e050_abs_e150,pp2_whole_lung20,0.400262793433711,True,23531,32787,11271,21516,12260,False
train_18964_a_1.nii.gz,85,0,2b,iso07_best,exp017_cont_e050_abs_e150,pp3_fine20_corrected_routes,0.400262793433711,True,23531,32787,11271,21516,12260,False
train_2625_a_2.nii.gz,86,0,2c,overall_best,exp007_cont_e050_abs_e150,raw,0.7712765958967576,True,780,724,580,144,200,False
train_2625_a_2.nii.gz,86,0,2c,overall_best,exp007_cont_e050_abs_e150,pp2_whole_lung20,0.7712765958967576,True,780,724,580,144,200,False
train_2625_a_2.nii.gz,86,0,2c,overall_best,exp007_cont_e050_abs_e150,pp3_fine20_corrected_routes,0.7712765958967576,True,780,724,580,144,200,False
train_2625_a_2.nii.gz,86,0,2c,category_best,exp007_cont_e050_abs_e150,raw,0.7712765958967576,True,780,724,580,144,200,False
train_2625_a_2.nii.gz,86,0,2c,category_best,exp007_cont_e050_abs_e150,pp2_whole_lung20,0.7712765958967576,True,780,724,580,144,200,False
train_2625_a_2.nii.gz,86,0,2c,category_best,exp007_cont_e050_abs_e150,pp3_fine20_corrected_routes,0.7712765958967576,True,780,724,580,144,200,False
train_2625_a_2.nii.gz,86,0,2c,iso07_best,exp017_cont_e050_abs_e150,raw,0.6762481091707654,True,780,542,447,95,333,False
train_2625_a_2.nii.gz,86,0,2c,iso07_best,exp017_cont_e050_abs_e150,pp2_whole_lung20,0.6762481091707654,True,780,542,447,95,333,False
train_2625_a_2.nii.gz,86,0,2c,iso07_best,exp017_cont_e050_abs_e150,pp3_fine20_corrected_routes,0.6762481091707654,True,780,542,447,95,333,False
train_18600_a_1.nii.gz,87,0,2d,overall_best,exp007_cont_e050_abs_e150,raw,0.3928463172498193,True,968,2331,648,1683,320,False
train_18600_a_1.nii.gz,87,0,2d,overall_best,exp007_cont_e050_abs_e150,pp2_whole_lung20,0.3928463172498193,True,968,2331,648,1683,320,False
train_18600_a_1.nii.gz,87,0,2d,overall_best,exp007_cont_e050_abs_e150,pp3_fine20_corrected_routes,0.3928463172498193,True,968,2331,648,1683,320,False
train_18600_a_1.nii.gz,87,0,2d,category_best,exp007_cont_e050_abs_e150,raw,0.3928463172498193,True,968,2331,648,1683,320,False
train_18600_a_1.nii.gz,87,0,2d,category_best,exp007_cont_e050_abs_e150,pp2_whole_lung20,0.3928463172498193,True,968,2331,648,1683,320,False
train_18600_a_1.nii.gz,87,0,2d,category_best,exp007_cont_e050_abs_e150,pp3_fine20_corrected_routes,0.3928463172498193,True,968,2331,648,1683,320,False
train_18600_a_1.nii.gz,87,0,2d,iso07_best,exp017_cont_e050_abs_e150,raw,0.4357239514764128,True,968,1988,644,1344,324,False
train_18600_a_1.nii.gz,87,0,2d,iso07_best,exp017_cont_e050_abs_e150,pp2_whole_lung20,0.4357239514764128,True,968,1988,644,1344,324,False
train_18600_a_1.nii.gz,87,0,2d,iso07_best,exp017_cont_e050_abs_e150,pp3_fine20_corrected_routes,0.4357239514764128,True,968,1988,644,1344,324,False
train_18600_a_1.nii.gz,87,1,2a,overall_best,exp007_cont_e050_abs_e150,raw,0.21605747075684792,True,7589,58810,7173,51637,416,False
train_18600_a_1.nii.gz,87,1,2a,overall_best,exp007_cont_e050_abs_e150,pp2_whole_lung20,0.21605747075684792,True,7589,58810,7173,51637,416,False
train_18600_a_1.nii.gz,87,1,2a,overall_best,exp007_cont_e050_abs_e150,pp3_fine20_corrected_routes,0.21605747075684792,True,7589,58810,7173,51637,416,False
train_18600_a_1.nii.gz,87,1,2a,category_best,exp009_s3v2_e100,raw,0.23083406218922106,True,7589,55296,7258,48038,331,False
train_18600_a_1.nii.gz,87,1,2a,category_best,exp009_s3v2_e100,pp2_whole_lung20,0.23086343179173843,True,7589,55288,7258,48030,331,False
train_18600_a_1.nii.gz,87,1,2a,category_best,exp009_s3v2_e100,pp3_fine20_corrected_routes,0.23086343179173843,True,7589,55288,7258,48030,331,False
train_18600_a_1.nii.gz,87,1,2a,iso07_best,exp017_cont_e050_abs_e150,raw,0.35187672657952007,True,7589,31868,6942,24926,647,False
train_18600_a_1.nii.gz,87,1,2a,iso07_best,exp017_cont_e050_abs_e150,pp2_whole_lung20,0.35187672657952007,True,7589,31868,6942,24926,647,False
train_18600_a_1.nii.gz,87,1,2a,iso07_best,exp017_cont_e050_abs_e150,pp3_fine20_corrected_routes,0.35187672657952007,True,7589,31868,6942,24926,647,False
train_18976_a_2.nii.gz,88,0,2d,overall_best,exp007_cont_e050_abs_e150,raw,0.25088968038177073,True,636,488,141,347,495,False
train_18976_a_2.nii.gz,88,0,2d,overall_best,exp007_cont_e050_abs_e150,pp2_whole_lung20,0.25088968038177073,True,636,488,141,347,495,False
train_18976_a_2.nii.gz,88,0,2d,overall_best,exp007_cont_e050_abs_e150,pp3_fine20_corrected_routes,0.19152854586415416,True,636,450,104,346,532,False
train_18976_a_2.nii.gz,88,0,2d,category_best,exp007_cont_e050_abs_e150,raw,0.25088968038177073,True,636,488,141,347,495,False
train_18976_a_2.nii.gz,88,0,2d,category_best,exp007_cont_e050_abs_e150,pp2_whole_lung20,0.25088968038177073,True,636,488,141,347,495,False
train_18976_a_2.nii.gz,88,0,2d,category_best,exp007_cont_e050_abs_e150,pp3_fine20_corrected_routes,0.19152854586415416,True,636,450,104,346,532,False
train_18976_a_2.nii.gz,88,0,2d,iso07_best,exp017_cont_e050_abs_e150,raw,0.3224669609493683,True,636,499,183,316,453,False
train_18976_a_2.nii.gz,88,0,2d,iso07_best,exp017_cont_e050_abs_e150,pp2_whole_lung20,0.3224669609493683,True,636,499,183,316,453,False
train_18976_a_2.nii.gz,88,0,2d,iso07_best,exp017_cont_e050_abs_e150,pp3_fine20_corrected_routes,0.20675944412846975,True,636,370,104,266,532,False
train_2657_a_2.nii.gz,89,0,2c,overall_best,exp007_cont_e050_abs_e150,raw,0.6441081854137908,True,5443,11343,5406,5937,37,False
train_2657_a_2.nii.gz,89,0,2c,overall_best,exp007_cont_e050_abs_e150,pp2_whole_lung20,0.6441081854137908,True,5443,11343,5406,5937,37,False
train_2657_a_2.nii.gz,89,0,2c,overall_best,exp007_cont_e050_abs_e150,pp3_fine20_corrected_routes,0.6441081854137908,True,5443,11343,5406,5937,37,False
train_2657_a_2.nii.gz,89,0,2c,category_best,exp007_cont_e050_abs_e150,raw,0.6441081854137908,True,5443,11343,5406,5937,37,False
train_2657_a_2.nii.gz,89,0,2c,category_best,exp007_cont_e050_abs_e150,pp2_whole_lung20,0.6441081854137908,True,5443,11343,5406,5937,37,False
train_2657_a_2.nii.gz,89,0,2c,category_best,exp007_cont_e050_abs_e150,pp3_fine20_corrected_routes,0.6441081854137908,True,5443,11343,5406,5937,37,False
train_2657_a_2.nii.gz,89,0,2c,iso07_best,exp017_cont_e050_abs_e150,raw,0.7575375953953969,True,5443,8056,5113,2943,330,False
train_2657_a_2.nii.gz,89,0,2c,iso07_best,exp017_cont_e050_abs_e150,pp2_whole_lung20,0.7575375953953969,True,5443,8056,5113,2943,330,False
train_2657_a_2.nii.gz,89,0,2c,iso07_best,exp017_cont_e050_abs_e150,pp3_fine20_corrected_routes,0.7575375953953969,True,5443,8056,5113,2943,330,False
train_2657_a_2.nii.gz,89,1,2a,overall_best,exp007_cont_e050_abs_e150,raw,0.18932213562151637,True,5896,10774,1578,9196,4318,False
train_2657_a_2.nii.gz,89,1,2a,overall_best,exp007_cont_e050_abs_e150,pp2_whole_lung20,0.19039575294459485,True,5896,10680,1578,9102,4318,False
train_2657_a_2.nii.gz,89,1,2a,overall_best,exp007_cont_e050_abs_e150,pp3_fine20_corrected_routes,0.19039575294459485,True,5896,10680,1578,9102,4318,False
train_2657_a_2.nii.gz,89,1,2a,category_best,exp009_s3v2_e100,raw,0.17573666051628686,True,5896,12939,1655,11284,4241,False
train_2657_a_2.nii.gz,89,1,2a,category_best,exp009_s3v2_e100,pp2_whole_lung20,0.21696381756574698,True,5896,9360,1655,7705,4241,False
train_2657_a_2.nii.gz,89,1,2a,category_best,exp009_s3v2_e100,pp3_fine20_corrected_routes,0.21696381756574698,True,5896,9360,1655,7705,4241,False
train_2657_a_2.nii.gz,89,1,2a,iso07_best,exp017_cont_e050_abs_e150,raw,0.1465364804223467,True,5896,7111,953,6158,4943,False
train_2657_a_2.nii.gz,89,1,2a,iso07_best,exp017_cont_e050_abs_e150,pp2_whole_lung20,0.15464503049455214,True,5896,6429,953,5476,4943,False
train_2657_a_2.nii.gz,89,1,2a,iso07_best,exp017_cont_e050_abs_e150,pp3_fine20_corrected_routes,0.15464503049455214,True,5896,6429,953,5476,4943,False
train_2657_a_2.nii.gz,89,2,1b,overall_best,exp007_cont_e050_abs_e150,raw,0.029836353301094163,False,9404,94295,1547,92748,7857,False
train_2657_a_2.nii.gz,89,2,1b,overall_best,exp007_cont_e050_abs_e150,pp2_whole_lung20,0.029837791974175576,False,9404,94290,1547,92743,7857,False
train_2657_a_2.nii.gz,89,2,1b,overall_best,exp007_cont_e050_abs_e150,pp3_fine20_corrected_routes,0.029837791974175576,False,9404,94290,1547,92743,7857,False
train_2657_a_2.nii.gz,89,2,1b,category_best,exp012_r02_category_2d_replay50_e100,raw,0.032385862717017724,False,9404,169810,2902,166908,6502,False
train_2657_a_2.nii.gz,89,2,1b,category_best,exp012_r02_category_2d_replay50_e100,pp2_whole_lung20,0.034067230546437045,False,9404,160965,2902,158063,6502,False
train_2657_a_2.nii.gz,89,2,1b,category_best,exp012_r02_category_2d_replay50_e100,pp3_fine20_corrected_routes,0.034067230546437045,False,9404,160965,2902,158063,6502,False
train_2657_a_2.nii.gz,89,2,1b,iso07_best,exp017_cont_e050_abs_e150,raw,0.0037630890142909845,False,9404,100612,207,100405,9197,False
train_2657_a_2.nii.gz,89,2,1b,iso07_best,exp017_cont_e050_abs_e150,pp2_whole_lung20,0.0037630890142909845,False,9404,100612,207,100405,9197,False
train_2657_a_2.nii.gz,89,2,1b,iso07_best,exp017_cont_e050_abs_e150,pp3_fine20_corrected_routes,0.0037630890142909845,False,9404,100612,207,100405,9197,False
train_13098_a_2.nii.gz,90,0,2c,overall_best,exp007_cont_e050_abs_e150,raw,0.5671784970120162,True,988339,810890,510242,300648,478097,False
train_13098_a_2.nii.gz,90,0,2c,overall_best,exp007_cont_e050_abs_e150,pp2_whole_lung20,0.5671784970120162,True,988339,810890,510242,300648,478097,False
train_13098_a_2.nii.gz,90,0,2c,overall_best,exp007_cont_e050_abs_e150,pp3_fine20_corrected_routes,0.5671784970120162,True,988339,810890,510242,300648,478097,False
train_13098_a_2.nii.gz,90,0,2c,category_best,exp007_cont_e050_abs_e150,raw,0.5671784970120162,True,988339,810890,510242,300648,478097,False
train_13098_a_2.nii.gz,90,0,2c,category_best,exp007_cont_e050_abs_e150,pp2_whole_lung20,0.5671784970120162,True,988339,810890,510242,300648,478097,False
train_13098_a_2.nii.gz,90,0,2c,category_best,exp007_cont_e050_abs_e150,pp3_fine20_corrected_routes,0.5671784970120162,True,988339,810890,510242,300648,478097,False
train_13098_a_2.nii.gz,90,0,2c,iso07_best,exp017_cont_e050_abs_e150,raw,0.2874204362153924,True,988339,249033,177823,71210,810516,False
train_13098_a_2.nii.gz,90,0,2c,iso07_best,exp017_cont_e050_abs_e150,pp2_whole_lung20,0.2874204362153924,True,988339,249033,177823,71210,810516,False
train_13098_a_2.nii.gz,90,0,2c,iso07_best,exp017_cont_e050_abs_e150,pp3_fine20_corrected_routes,0.2874204362153924,True,988339,249033,177823,71210,810516,False
train_13098_a_2.nii.gz,90,1,2a,overall_best,exp007_cont_e050_abs_e150,raw,0.23216326193347622,True,100914,92493,22451,70042,78463,False
train_13098_a_2.nii.gz,90,1,2a,overall_best,exp007_cont_e050_abs_e150,pp2_whole_lung20,0.23624176610878084,True,100914,89154,22451,66703,78463,False
train_13098_a_2.nii.gz,90,1,2a,overall_best,exp007_cont_e050_abs_e150,pp3_fine20_corrected_routes,0.23624176610878084,True,100914,89154,22451,66703,78463,False
train_13098_a_2.nii.gz,90,1,2a,category_best,exp009_s3v2_e100,raw,0.42188344900746666,True,100914,100663,42521,58142,58393,False
train_13098_a_2.nii.gz,90,1,2a,category_best,exp009_s3v2_e100,pp2_whole_lung20,0.42188344900746666,True,100914,100663,42521,58142,58393,False
train_13098_a_2.nii.gz,90,1,2a,category_best,exp009_s3v2_e100,pp3_fine20_corrected_routes,0.42188344900746666,True,100914,100663,42521,58142,58393,False
train_13098_a_2.nii.gz,90,1,2a,iso07_best,exp017_cont_e050_abs_e150,raw,0.4015792974324549,True,100914,111079,42566,68513,58348,False
train_13098_a_2.nii.gz,90,1,2a,iso07_best,exp017_cont_e050_abs_e150,pp2_whole_lung20,0.40279341768122295,True,100914,110440,42566,67874,58348,False
train_13098_a_2.nii.gz,90,1,2a,iso07_best,exp017_cont_e050_abs_e150,pp3_fine20_corrected_routes,0.40279341768122295,True,100914,110440,42566,67874,58348,False
train_3008_b_2.nii.gz,91,0,2c,overall_best,exp007_cont_e050_abs_e150,raw,0.20962978229240917,True,9577,19541,3052,16489,6525,False
train_3008_b_2.nii.gz,91,0,2c,overall_best,exp007_cont_e050_abs_e150,pp2_whole_lung20,0.20962978229240917,True,9577,19541,3052,16489,6525,False
train_3008_b_2.nii.gz,91,0,2c,overall_best,exp007_cont_e050_abs_e150,pp3_fine20_corrected_routes,0.20962978229240917,True,9577,19541,3052,16489,6525,False
train_3008_b_2.nii.gz,91,0,2c,category_best,exp007_cont_e050_abs_e150,raw,0.20962978229240917,True,9577,19541,3052,16489,6525,False
train_3008_b_2.nii.gz,91,0,2c,category_best,exp007_cont_e050_abs_e150,pp2_whole_lung20,0.20962978229240917,True,9577,19541,3052,16489,6525,False
train_3008_b_2.nii.gz,91,0,2c,category_best,exp007_cont_e050_abs_e150,pp3_fine20_corrected_routes,0.20962978229240917,True,9577,19541,3052,16489,6525,False
train_3008_b_2.nii.gz,91,0,2c,iso07_best,exp017_cont_e050_abs_e150,raw,0.17734992898417443,True,9577,37584,4182,33402,5395,False
train_3008_b_2.nii.gz,91,0,2c,iso07_best,exp017_cont_e050_abs_e150,pp2_whole_lung20,0.17734992898417443,True,9577,37584,4182,33402,5395,False
train_3008_b_2.nii.gz,91,0,2c,iso07_best,exp017_cont_e050_abs_e150,pp3_fine20_corrected_routes,0.17734992898417443,True,9577,37584,4182,33402,5395,False
train_3008_b_2.nii.gz,91,1,1c,overall_best,exp007_cont_e050_abs_e150,raw,0.17692158008195252,True,12762,90018,9092,80926,3670,False
train_3008_b_2.nii.gz,91,1,1c,overall_best,exp007_cont_e050_abs_e150,pp2_whole_lung20,0.18792112770050928,True,12762,84002,9092,74910,3670,False
train_3008_b_2.nii.gz,91,1,1c,overall_best,exp007_cont_e050_abs_e150,pp3_fine20_corrected_routes,0.17692158008195252,True,12762,90018,9092,80926,3670,False
train_3008_b_2.nii.gz,91,1,1c,category_best,exp017_cont_e075_abs_e175,raw,0.1669670493362167,True,12762,89330,8523,80807,4239,False
train_3008_b_2.nii.gz,91,1,1c,category_best,exp017_cont_e075_abs_e175,pp2_whole_lung20,0.16910378763150433,True,12762,88040,8523,79517,4239,False
train_3008_b_2.nii.gz,91,1,1c,category_best,exp017_cont_e075_abs_e175,pp3_fine20_corrected_routes,0.1669670493362167,True,12762,89330,8523,80807,4239,False
train_3008_b_2.nii.gz,91,1,1c,iso07_best,exp017_cont_e050_abs_e150,raw,0.1364330675691445,True,12762,106388,8128,98260,4634,False
train_3008_b_2.nii.gz,91,1,1c,iso07_best,exp017_cont_e050_abs_e150,pp2_whole_lung20,0.13862737072640685,True,12762,104502,8128,96374,4634,False
train_3008_b_2.nii.gz,91,1,1c,iso07_best,exp017_cont_e050_abs_e150,pp3_fine20_corrected_routes,0.1364330675691445,True,12762,106388,8128,98260,4634,False
train_2564_c_1.nii.gz,92,0,1b,overall_best,exp007_cont_e050_abs_e150,raw,0.0523363213128999,False,22073,95398,3074,92324,18999,False
train_2564_c_1.nii.gz,92,0,1b,overall_best,exp007_cont_e050_abs_e150,pp2_whole_lung20,0.0523363213128999,False,22073,95398,3074,92324,18999,False
train_2564_c_1.nii.gz,92,0,1b,overall_best,exp007_cont_e050_abs_e150,pp3_fine20_corrected_routes,0.0523363213128999,False,22073,95398,3074,92324,18999,False
train_2564_c_1.nii.gz,92,0,1b,category_best,exp012_r02_category_2d_replay50_e100,raw,0.10446575545132986,True,22073,100034,6378,93656,15695,False
train_2564_c_1.nii.gz,92,0,1b,category_best,exp012_r02_category_2d_replay50_e100,pp2_whole_lung20,0.10446575545132986,True,22073,100034,6378,93656,15695,False
train_2564_c_1.nii.gz,92,0,1b,category_best,exp012_r02_category_2d_replay50_e100,pp3_fine20_corrected_routes,0.10446575545132986,True,22073,100034,6378,93656,15695,False
train_2564_c_1.nii.gz,92,0,1b,iso07_best,exp017_cont_e050_abs_e150,raw,0.09392570820699056,False,22073,99044,5688,93356,16385,False
train_2564_c_1.nii.gz,92,0,1b,iso07_best,exp017_cont_e050_abs_e150,pp2_whole_lung20,0.09392570820699056,False,22073,99044,5688,93356,16385,False
train_2564_c_1.nii.gz,92,0,1b,iso07_best,exp017_cont_e050_abs_e150,pp3_fine20_corrected_routes,0.09392570820699056,False,22073,99044,5688,93356,16385,False
train_2564_c_1.nii.gz,92,1,2a,overall_best,exp007_cont_e050_abs_e150,raw,0.6689016286193707,True,18447,31964,16860,15104,1587,False
train_2564_c_1.nii.gz,92,1,2a,overall_best,exp007_cont_e050_abs_e150,pp2_whole_lung20,0.6689016286193707,True,18447,31964,16860,15104,1587,False
train_2564_c_1.nii.gz,92,1,2a,overall_best,exp007_cont_e050_abs_e150,pp3_fine20_corrected_routes,0.6689016286193707,True,18447,31964,16860,15104,1587,False
train_2564_c_1.nii.gz,92,1,2a,category_best,exp009_s3v2_e100,raw,0.6813977175944999,True,18447,29660,16390,13270,2057,False
train_2564_c_1.nii.gz,92,1,2a,category_best,exp009_s3v2_e100,pp2_whole_lung20,0.6813977175944999,True,18447,29660,16390,13270,2057,False
train_2564_c_1.nii.gz,92,1,2a,category_best,exp009_s3v2_e100,pp3_fine20_corrected_routes,0.6813977175944999,True,18447,29660,16390,13270,2057,False
train_2564_c_1.nii.gz,92,1,2a,iso07_best,exp017_cont_e050_abs_e150,raw,0.7168285193669813,True,18447,21610,14357,7253,4090,False
train_2564_c_1.nii.gz,92,1,2a,iso07_best,exp017_cont_e050_abs_e150,pp2_whole_lung20,0.7168285193669813,True,18447,21610,14357,7253,4090,False
train_2564_c_1.nii.gz,92,1,2a,iso07_best,exp017_cont_e050_abs_e150,pp3_fine20_corrected_routes,0.7168285193669813,True,18447,21610,14357,7253,4090,False
train_2564_c_1.nii.gz,92,2,2d,overall_best,exp007_cont_e050_abs_e150,raw,0.272300470622378,True,264,375,87,288,177,False
train_2564_c_1.nii.gz,92,2,2d,overall_best,exp007_cont_e050_abs_e150,pp2_whole_lung20,0.272300470622378,True,264,375,87,288,177,False
train_2564_c_1.nii.gz,92,2,2d,overall_best,exp007_cont_e050_abs_e150,pp3_fine20_corrected_routes,0.272300470622378,True,264,375,87,288,177,False
train_2564_c_1.nii.gz,92,2,2d,category_best,exp007_cont_e050_abs_e150,raw,0.272300470622378,True,264,375,87,288,177,False
train_2564_c_1.nii.gz,92,2,2d,category_best,exp007_cont_e050_abs_e150,pp2_whole_lung20,0.272300470622378,True,264,375,87,288,177,False
train_2564_c_1.nii.gz,92,2,2d,category_best,exp007_cont_e050_abs_e150,pp3_fine20_corrected_routes,0.272300470622378,True,264,375,87,288,177,False
train_2564_c_1.nii.gz,92,2,2d,iso07_best,exp017_cont_e050_abs_e150,raw,0.24600639098082047,True,264,362,77,285,187,False
train_2564_c_1.nii.gz,92,2,2d,iso07_best,exp017_cont_e050_abs_e150,pp2_whole_lung20,0.24600639098082047,True,264,362,77,285,187,False
train_2564_c_1.nii.gz,92,2,2d,iso07_best,exp017_cont_e050_abs_e150,pp3_fine20_corrected_routes,0.24600639098082047,True,264,362,77,285,187,False
train_25_a_2.nii.gz,93,0,2d,overall_best,exp007_cont_e050_abs_e150,raw,0.7041036720258059,True,425,501,326,175,99,False
train_25_a_2.nii.gz,93,0,2d,overall_best,exp007_cont_e050_abs_e150,pp2_whole_lung20,0.7041036720258059,True,425,501,326,175,99,False
train_25_a_2.nii.gz,93,0,2d,overall_best,exp007_cont_e050_abs_e150,pp3_fine20_corrected_routes,0.7041036720258059,True,425,501,326,175,99,False
train_25_a_2.nii.gz,93,0,2d,category_best,exp007_cont_e050_abs_e150,raw,0.7041036720258059,True,425,501,326,175,99,False
train_25_a_2.nii.gz,93,0,2d,category_best,exp007_cont_e050_abs_e150,pp2_whole_lung20,0.7041036720258059,True,425,501,326,175,99,False
train_25_a_2.nii.gz,93,0,2d,category_best,exp007_cont_e050_abs_e150,pp3_fine20_corrected_routes,0.7041036720258059,True,425,501,326,175,99,False
train_25_a_2.nii.gz,93,0,2d,iso07_best,exp017_cont_e050_abs_e150,raw,0.7368421055458194,True,425,506,343,163,82,False
train_25_a_2.nii.gz,93,0,2d,iso07_best,exp017_cont_e050_abs_e150,pp2_whole_lung20,0.7368421055458194,True,425,506,343,163,82,False
train_25_a_2.nii.gz,93,0,2d,iso07_best,exp017_cont_e050_abs_e150,pp3_fine20_corrected_routes,0.7368421055458194,True,425,506,343,163,82,False
train_2666_a_2.nii.gz,94,0,2d,overall_best,exp007_cont_e050_abs_e150,raw,0.1948488246389424,True,338,1448,174,1274,164,False
train_2666_a_2.nii.gz,94,0,2d,overall_best,exp007_cont_e050_abs_e150,pp2_whole_lung20,0.21641791093506346,True,338,1270,174,1096,164,False
train_2666_a_2.nii.gz,94,0,2d,overall_best,exp007_cont_e050_abs_e150,pp3_fine20_corrected_routes,0.1948488246389424,True,338,1448,174,1274,164,False
train_2666_a_2.nii.gz,94,0,2d,category_best,exp007_cont_e050_abs_e150,raw,0.1948488246389424,True,338,1448,174,1274,164,False
train_2666_a_2.nii.gz,94,0,2d,category_best,exp007_cont_e050_abs_e150,pp2_whole_lung20,0.21641791093506346,True,338,1270,174,1096,164,False
train_2666_a_2.nii.gz,94,0,2d,category_best,exp007_cont_e050_abs_e150,pp3_fine20_corrected_routes,0.1948488246389424,True,338,1448,174,1274,164,False
train_2666_a_2.nii.gz,94,0,2d,iso07_best,exp017_cont_e050_abs_e150,raw,0.08205953375621097,False,338,2148,102,2046,236,False
train_2666_a_2.nii.gz,94,0,2d,iso07_best,exp017_cont_e050_abs_e150,pp2_whole_lung20,0.18562329464456476,True,338,761,102,659,236,False
train_2666_a_2.nii.gz,94,0,2d,iso07_best,exp017_cont_e050_abs_e150,pp3_fine20_corrected_routes,0.08205953375621097,False,338,2148,102,2046,236,False
train_13141_a_1.nii.gz,95,0,2c,overall_best,exp007_cont_e050_abs_e150,raw,0.6084417586896477,True,211293,245934,139098,106836,72195,False
train_13141_a_1.nii.gz,95,0,2c,overall_best,exp007_cont_e050_abs_e150,pp2_whole_lung20,0.6084417586896477,True,211293,245934,139098,106836,72195,False
train_13141_a_1.nii.gz,95,0,2c,overall_best,exp007_cont_e050_abs_e150,pp3_fine20_corrected_routes,0.6084417586896477,True,211293,245934,139098,106836,72195,False
train_13141_a_1.nii.gz,95,0,2c,category_best,exp007_cont_e050_abs_e150,raw,0.6084417586896477,True,211293,245934,139098,106836,72195,False
train_13141_a_1.nii.gz,95,0,2c,category_best,exp007_cont_e050_abs_e150,pp2_whole_lung20,0.6084417586896477,True,211293,245934,139098,106836,72195,False
train_13141_a_1.nii.gz,95,0,2c,category_best,exp007_cont_e050_abs_e150,pp3_fine20_corrected_routes,0.6084417586896477,True,211293,245934,139098,106836,72195,False
train_13141_a_1.nii.gz,95,0,2c,iso07_best,exp017_cont_e050_abs_e150,raw,0.5582636471394339,True,211293,245158,127410,117748,83883,False
train_13141_a_1.nii.gz,95,0,2c,iso07_best,exp017_cont_e050_abs_e150,pp2_whole_lung20,0.5582636471394339,True,211293,245158,127410,117748,83883,False
train_13141_a_1.nii.gz,95,0,2c,iso07_best,exp017_cont_e050_abs_e150,pp3_fine20_corrected_routes,0.5582636471394339,True,211293,245158,127410,117748,83883,False
train_2148_a_2.nii.gz,96,0,2e,overall_best,exp007_cont_e050_abs_e150,raw,0.41132614626040626,True,36083,40907,15834,25073,20249,False
train_2148_a_2.nii.gz,96,0,2e,overall_best,exp007_cont_e050_abs_e150,pp2_whole_lung20,0.41132614626040626,True,36083,40907,15834,25073,20249,False
train_2148_a_2.nii.gz,96,0,2e,overall_best,exp007_cont_e050_abs_e150,pp3_fine20_corrected_routes,0.41132614626040626,True,36083,40907,15834,25073,20249,False
train_2148_a_2.nii.gz,96,0,2e,category_best,exp007_cont_e100_abs_e200,raw,0.4563151724647326,True,36083,28745,14791,13954,21292,False
train_2148_a_2.nii.gz,96,0,2e,category_best,exp007_cont_e100_abs_e200,pp2_whole_lung20,0.4563151724647326,True,36083,28745,14791,13954,21292,False
train_2148_a_2.nii.gz,96,0,2e,category_best,exp007_cont_e100_abs_e200,pp3_fine20_corrected_routes,0.4563151724647326,True,36083,28745,14791,13954,21292,False
train_2148_a_2.nii.gz,96,0,2e,iso07_best,exp017_cont_e050_abs_e150,raw,0.568224299070801,True,36083,44167,22800,21367,13283,False
train_2148_a_2.nii.gz,96,0,2e,iso07_best,exp017_cont_e050_abs_e150,pp2_whole_lung20,0.568224299070801,True,36083,44167,22800,21367,13283,False
train_2148_a_2.nii.gz,96,0,2e,iso07_best,exp017_cont_e050_abs_e150,pp3_fine20_corrected_routes,0.568224299070801,True,36083,44167,22800,21367,13283,False
train_2148_a_2.nii.gz,96,1,2a,overall_best,exp007_cont_e050_abs_e150,raw,0.5258455648037113,True,7231,8439,4120,4319,3111,False
train_2148_a_2.nii.gz,96,1,2a,overall_best,exp007_cont_e050_abs_e150,pp2_whole_lung20,0.5258455648037113,True,7231,8439,4120,4319,3111,False
train_2148_a_2.nii.gz,96,1,2a,overall_best,exp007_cont_e050_abs_e150,pp3_fine20_corrected_routes,0.5258455648037113,True,7231,8439,4120,4319,3111,False
train_2148_a_2.nii.gz,96,1,2a,category_best,exp009_s3v2_e100,raw,0.534877153372783,True,7231,10474,4735,5739,2496,False
train_2148_a_2.nii.gz,96,1,2a,category_best,exp009_s3v2_e100,pp2_whole_lung20,0.534877153372783,True,7231,10474,4735,5739,2496,False
train_2148_a_2.nii.gz,96,1,2a,category_best,exp009_s3v2_e100,pp3_fine20_corrected_routes,0.534877153372783,True,7231,10474,4735,5739,2496,False
train_2148_a_2.nii.gz,96,1,2a,iso07_best,exp017_cont_e050_abs_e150,raw,0.5226880394868874,True,7231,8989,4239,4750,2992,False
train_2148_a_2.nii.gz,96,1,2a,iso07_best,exp017_cont_e050_abs_e150,pp2_whole_lung20,0.5226880394868874,True,7231,8989,4239,4750,2992,False
train_2148_a_2.nii.gz,96,1,2a,iso07_best,exp017_cont_e050_abs_e150,pp3_fine20_corrected_routes,0.5226880394868874,True,7231,8989,4239,4750,2992,False
train_2148_a_2.nii.gz,96,2,2d,overall_best,exp007_cont_e050_abs_e150,raw,0.26587005282608656,True,264,1075,178,897,86,False
train_2148_a_2.nii.gz,96,2,2d,overall_best,exp007_cont_e050_abs_e150,pp2_whole_lung20,0.26587005282608656,True,264,1075,178,897,86,False
train_2148_a_2.nii.gz,96,2,2d,overall_best,exp007_cont_e050_abs_e150,pp3_fine20_corrected_routes,0.26587005282608656,True,264,1075,178,897,86,False
train_2148_a_2.nii.gz,96,2,2d,category_best,exp007_cont_e050_abs_e150,raw,0.26587005282608656,True,264,1075,178,897,86,False
train_2148_a_2.nii.gz,96,2,2d,category_best,exp007_cont_e050_abs_e150,pp2_whole_lung20,0.26587005282608656,True,264,1075,178,897,86,False
train_2148_a_2.nii.gz,96,2,2d,category_best,exp007_cont_e050_abs_e150,pp3_fine20_corrected_routes,0.26587005282608656,True,264,1075,178,897,86,False
train_2148_a_2.nii.gz,96,2,2d,iso07_best,exp017_cont_e050_abs_e150,raw,7.651109405010627e-10,False,264,1043,0,1043,264,False
train_2148_a_2.nii.gz,96,2,2d,iso07_best,exp017_cont_e050_abs_e150,pp2_whole_lung20,9.756097551457465e-10,False,264,761,0,761,264,False
train_2148_a_2.nii.gz,96,2,2d,iso07_best,exp017_cont_e050_abs_e150,pp3_fine20_corrected_routes,3.787878773530762e-09,False,264,0,0,0,264,False
train_2475_a_2.nii.gz,97,0,2a,overall_best,exp007_cont_e050_abs_e150,raw,0.5996309963183573,True,20635,27061,14300,12761,6335,False
train_2475_a_2.nii.gz,97,0,2a,overall_best,exp007_cont_e050_abs_e150,pp2_whole_lung20,0.655888086236535,True,20635,22970,14300,8670,6335,False
train_2475_a_2.nii.gz,97,0,2a,overall_best,exp007_cont_e050_abs_e150,pp3_fine20_corrected_routes,0.6676783004629934,True,20635,22200,14300,7900,6335,False
train_2475_a_2.nii.gz,97,0,2a,category_best,exp009_s3v2_e100,raw,0.5889524383004979,True,20635,19229,11739,7490,8896,False
train_2475_a_2.nii.gz,97,0,2a,category_best,exp009_s3v2_e100,pp2_whole_lung20,0.6141892952541677,True,20635,17591,11739,5852,8896,False
train_2475_a_2.nii.gz,97,0,2a,category_best,exp009_s3v2_e100,pp3_fine20_corrected_routes,0.6210782498380752,True,20635,17167,11739,5428,8896,False
train_2475_a_2.nii.gz,97,0,2a,iso07_best,exp017_cont_e050_abs_e150,raw,0.7195107269336276,True,20635,20896,14941,5955,5694,False
train_2475_a_2.nii.gz,97,0,2a,iso07_best,exp017_cont_e050_abs_e150,pp2_whole_lung20,0.726649320338335,True,20635,20488,14941,5547,5694,False
train_2475_a_2.nii.gz,97,0,2a,iso07_best,exp017_cont_e050_abs_e150,pp3_fine20_corrected_routes,0.726649320338335,True,20635,20488,14941,5547,5694,False
train_2475_a_2.nii.gz,97,1,2d,overall_best,exp007_cont_e050_abs_e150,raw,0.5005347598924762,True,341,594,234,360,107,False
train_2475_a_2.nii.gz,97,1,2d,overall_best,exp007_cont_e050_abs_e150,pp2_whole_lung20,0.5005347598924762,True,341,594,234,360,107,False
train_2475_a_2.nii.gz,97,1,2d,overall_best,exp007_cont_e050_abs_e150,pp3_fine20_corrected_routes,0.5005347598924762,True,341,594,234,360,107,False
train_2475_a_2.nii.gz,97,1,2d,category_best,exp007_cont_e050_abs_e150,raw,0.5005347598924762,True,341,594,234,360,107,False
train_2475_a_2.nii.gz,97,1,2d,category_best,exp007_cont_e050_abs_e150,pp2_whole_lung20,0.5005347598924762,True,341,594,234,360,107,False
train_2475_a_2.nii.gz,97,1,2d,category_best,exp007_cont_e050_abs_e150,pp3_fine20_corrected_routes,0.5005347598924762,True,341,594,234,360,107,False
train_2475_a_2.nii.gz,97,1,2d,iso07_best,exp017_cont_e050_abs_e150,raw,0.40208877336632826,True,341,808,231,577,110,False
train_2475_a_2.nii.gz,97,1,2d,iso07_best,exp017_cont_e050_abs_e150,pp2_whole_lung20,0.4738461543857988,True,341,634,231,403,110,False
train_2475_a_2.nii.gz,97,1,2d,iso07_best,exp017_cont_e050_abs_e150,pp3_fine20_corrected_routes,0.4738461543857988,True,341,634,231,403,110,False
train_2617_b_2.nii.gz,98,0,2b,overall_best,exp007_cont_e050_abs_e150,raw,0.615530369493394,True,30425,26573,17542,9031,12883,False
train_2617_b_2.nii.gz,98,0,2b,overall_best,exp007_cont_e050_abs_e150,pp2_whole_lung20,0.615530369493394,True,30425,26573,17542,9031,12883,False
train_2617_b_2.nii.gz,98,0,2b,overall_best,exp007_cont_e050_abs_e150,pp3_fine20_corrected_routes,0.615530369493394,True,30425,26573,17542,9031,12883,False
train_2617_b_2.nii.gz,98,0,2b,category_best,exp013_category_2all_focal_target100_e100,raw,0.6317586410947054,True,30425,28740,18689,10051,11736,False
train_2617_b_2.nii.gz,98,0,2b,category_best,exp013_category_2all_focal_target100_e100,pp2_whole_lung20,0.6317586410947054,True,30425,28740,18689,10051,11736,False
train_2617_b_2.nii.gz,98,0,2b,category_best,exp013_category_2all_focal_target100_e100,pp3_fine20_corrected_routes,0.6317586410947054,True,30425,28740,18689,10051,11736,False
train_2617_b_2.nii.gz,98,0,2b,iso07_best,exp017_cont_e050_abs_e150,raw,0.6537399266078896,True,30425,22437,17279,5158,13146,False
train_2617_b_2.nii.gz,98,0,2b,iso07_best,exp017_cont_e050_abs_e150,pp2_whole_lung20,0.6537399266078896,True,30425,22437,17279,5158,13146,False
train_2617_b_2.nii.gz,98,0,2b,iso07_best,exp017_cont_e050_abs_e150,pp3_fine20_corrected_routes,0.6537399266078896,True,30425,22437,17279,5158,13146,False
train_2617_b_2.nii.gz,98,1,2h,overall_best,exp007_cont_e050_abs_e150,raw,3.37154416609186e-10,False,991,1975,0,1975,991,False
train_2617_b_2.nii.gz,98,1,2h,overall_best,exp007_cont_e050_abs_e150,pp2_whole_lung20,3.6764705868836504e-10,False,991,1729,0,1729,991,False
train_2617_b_2.nii.gz,98,1,2h,overall_best,exp007_cont_e050_abs_e150,pp3_fine20_corrected_routes,3.6764705868836504e-10,False,991,1729,0,1729,991,False
train_2617_b_2.nii.gz,98,1,2h,category_best,exp017_cont_e075_abs_e175,raw,0.7360350494326204,True,991,835,672,163,319,False
train_2617_b_2.nii.gz,98,1,2h,category_best,exp017_cont_e075_abs_e175,pp2_whole_lung20,0.7360350494326204,True,991,835,672,163,319,False
train_2617_b_2.nii.gz,98,1,2h,category_best,exp017_cont_e075_abs_e175,pp3_fine20_corrected_routes,0.7360350494326204,True,991,835,672,163,319,False
train_2617_b_2.nii.gz,98,1,2h,iso07_best,exp017_cont_e050_abs_e150,raw,0.30908125368609596,True,991,892,291,601,700,False
train_2617_b_2.nii.gz,98,1,2h,iso07_best,exp017_cont_e050_abs_e150,pp2_whole_lung20,0.30908125368609596,True,991,892,291,601,700,False
train_2617_b_2.nii.gz,98,1,2h,iso07_best,exp017_cont_e050_abs_e150,pp3_fine20_corrected_routes,0.30908125368609596,True,991,892,291,601,700,False
train_2617_b_2.nii.gz,98,2,2c,overall_best,exp007_cont_e050_abs_e150,raw,1.3983276001706195e-11,False,6418,65096,0,65096,6418,False
train_2617_b_2.nii.gz,98,2,2c,overall_best,exp007_cont_e050_abs_e150,pp2_whole_lung20,1.3983276001706195e-11,False,6418,65096,0,65096,6418,False
train_2617_b_2.nii.gz,98,2,2c,overall_best,exp007_cont_e050_abs_e150,pp3_fine20_corrected_routes,1.5529879487893994e-11,False,6418,57974,0,57974,6418,False
train_2617_b_2.nii.gz,98,2,2c,category_best,exp007_cont_e050_abs_e150,raw,1.3983276001706195e-11,False,6418,65096,0,65096,6418,False
train_2617_b_2.nii.gz,98,2,2c,category_best,exp007_cont_e050_abs_e150,pp2_whole_lung20,1.3983276001706195e-11,False,6418,65096,0,65096,6418,False
train_2617_b_2.nii.gz,98,2,2c,category_best,exp007_cont_e050_abs_e150,pp3_fine20_corrected_routes,1.5529879487893994e-11,False,6418,57974,0,57974,6418,False
train_2617_b_2.nii.gz,98,2,2c,iso07_best,exp017_cont_e050_abs_e150,raw,0.07587990718579725,False,6418,76318,3139,73179,3279,False
train_2617_b_2.nii.gz,98,2,2c,iso07_best,exp017_cont_e050_abs_e150,pp2_whole_lung20,0.07587990718579725,False,6418,76318,3139,73179,3279,False
train_2617_b_2.nii.gz,98,2,2c,iso07_best,exp017_cont_e050_abs_e150,pp3_fine20_corrected_routes,0.07895365655437399,False,6418,73097,3139,69958,3279,False
train_2617_b_2.nii.gz,98,3,1a,overall_best,exp007_cont_e050_abs_e150,raw,0.079031598222053,False,3131,38422,1642,36780,1489,False
train_2617_b_2.nii.gz,98,3,1a,overall_best,exp007_cont_e050_abs_e150,pp2_whole_lung20,0.079031598222053,False,3131,38422,1642,36780,1489,False
train_2617_b_2.nii.gz,98,3,1a,overall_best,exp007_cont_e050_abs_e150,pp3_fine20_corrected_routes,0.079031598222053,False,3131,38422,1642,36780,1489,False
train_2617_b_2.nii.gz,98,3,1a,category_best,exp017_cont_e025_abs_e125,raw,0.11296634495741154,True,3131,12201,866,11335,2265,False
train_2617_b_2.nii.gz,98,3,1a,category_best,exp017_cont_e025_abs_e125,pp2_whole_lung20,0.11296634495741154,True,3131,12201,866,11335,2265,False
train_2617_b_2.nii.gz,98,3,1a,category_best,exp017_cont_e025_abs_e125,pp3_fine20_corrected_routes,0.11296634495741154,True,3131,12201,866,11335,2265,False
train_2617_b_2.nii.gz,98,3,1a,iso07_best,exp017_cont_e050_abs_e150,raw,0.044051164505301756,False,3131,43542,1028,42514,2103,False
train_2617_b_2.nii.gz,98,3,1a,iso07_best,exp017_cont_e050_abs_e150,pp2_whole_lung20,0.044051164505301756,False,3131,43542,1028,42514,2103,False
train_2617_b_2.nii.gz,98,3,1a,iso07_best,exp017_cont_e050_abs_e150,pp3_fine20_corrected_routes,0.044051164505301756,False,3131,43542,1028,42514,2103,False
train_2617_b_2.nii.gz,98,4,2d,overall_best,exp007_cont_e050_abs_e150,raw,0.43037974755648134,True,220,570,170,400,50,False
train_2617_b_2.nii.gz,98,4,2d,overall_best,exp007_cont_e050_abs_e150,pp2_whole_lung20,0.43037974755648134,True,220,570,170,400,50,False
train_2617_b_2.nii.gz,98,4,2d,overall_best,exp007_cont_e050_abs_e150,pp3_fine20_corrected_routes,0.43037974755648134,True,220,570,170,400,50,False
train_2617_b_2.nii.gz,98,4,2d,category_best,exp007_cont_e050_abs_e150,raw,0.43037974755648134,True,220,570,170,400,50,False
train_2617_b_2.nii.gz,98,4,2d,category_best,exp007_cont_e050_abs_e150,pp2_whole_lung20,0.43037974755648134,True,220,570,170,400,50,False
train_2617_b_2.nii.gz,98,4,2d,category_best,exp007_cont_e050_abs_e150,pp3_fine20_corrected_routes,0.43037974755648134,True,220,570,170,400,50,False
train_2617_b_2.nii.gz,98,4,2d,iso07_best,exp017_cont_e050_abs_e150,raw,0.3901869166002489,True,220,636,167,469,53,False
train_2617_b_2.nii.gz,98,4,2d,iso07_best,exp017_cont_e050_abs_e150,pp2_whole_lung20,0.3901869166002489,True,220,636,167,469,53,False
train_2617_b_2.nii.gz,98,4,2d,iso07_best,exp017_cont_e050_abs_e150,pp3_fine20_corrected_routes,0.3901869166002489,True,220,636,167,469,53,False
train_2664_a_2.nii.gz,99,0,2d,overall_best,exp007_cont_e050_abs_e150,raw,0.5523809566439909,True,31,74,29,45,2,False
train_2664_a_2.nii.gz,99,0,2d,overall_best,exp007_cont_e050_abs_e150,pp2_whole_lung20,0.5523809566439909,True,31,74,29,45,2,False
train_2664_a_2.nii.gz,99,0,2d,overall_best,exp007_cont_e050_abs_e150,pp3_fine20_corrected_routes,0.5523809566439909,True,31,74,29,45,2,False
train_2664_a_2.nii.gz,99,0,2d,category_best,exp007_cont_e050_abs_e150,raw,0.5523809566439909,True,31,74,29,45,2,False
train_2664_a_2.nii.gz,99,0,2d,category_best,exp007_cont_e050_abs_e150,pp2_whole_lung20,0.5523809566439909,True,31,74,29,45,2,False
train_2664_a_2.nii.gz,99,0,2d,category_best,exp007_cont_e050_abs_e150,pp3_fine20_corrected_routes,0.5523809566439909,True,31,74,29,45,2,False
train_2664_a_2.nii.gz,99,0,2d,iso07_best,exp017_cont_e050_abs_e150,raw,0.6067415774523418,True,31,58,27,31,4,False
train_2664_a_2.nii.gz,99,0,2d,iso07_best,exp017_cont_e050_abs_e150,pp2_whole_lung20,0.6067415774523418,True,31,58,27,31,4,False
train_2664_a_2.nii.gz,99,0,2d,iso07_best,exp017_cont_e050_abs_e150,pp3_fine20_corrected_routes,0.6067415774523418,True,31,58,27,31,4,False
train_2641_a_1.nii.gz,100,0,2c,overall_best,exp007_cont_e050_abs_e150,raw,0.06804175183664331,False,9445,118741,4361,114380,5084,False
train_2641_a_1.nii.gz,100,0,2c,overall_best,exp007_cont_e050_abs_e150,pp2_whole_lung20,0.06804175183664331,False,9445,118741,4361,114380,5084,False
train_2641_a_1.nii.gz,100,0,2c,overall_best,exp007_cont_e050_abs_e150,pp3_fine20_corrected_routes,0.06804175183664331,False,9445,118741,4361,114380,5084,False
train_2641_a_1.nii.gz,100,0,2c,category_best,exp007_cont_e050_abs_e150,raw,0.06804175183664331,False,9445,118741,4361,114380,5084,False
train_2641_a_1.nii.gz,100,0,2c,category_best,exp007_cont_e050_abs_e150,pp2_whole_lung20,0.06804175183664331,False,9445,118741,4361,114380,5084,False
train_2641_a_1.nii.gz,100,0,2c,category_best,exp007_cont_e050_abs_e150,pp3_fine20_corrected_routes,0.06804175183664331,False,9445,118741,4361,114380,5084,False
train_2641_a_1.nii.gz,100,0,2c,iso07_best,exp017_cont_e050_abs_e150,raw,0.007718380669723647,False,9445,148101,608,147493,8837,False
train_2641_a_1.nii.gz,100,0,2c,iso07_best,exp017_cont_e050_abs_e150,pp2_whole_lung20,0.010352724835383565,False,9445,108012,608,107404,8837,False
train_2641_a_1.nii.gz,100,0,2c,iso07_best,exp017_cont_e050_abs_e150,pp3_fine20_corrected_routes,0.007718380669723647,False,9445,148101,608,147493,8837,False
train_13398_a_1.nii.gz,101,0,1d,overall_best,exp007_cont_e050_abs_e150,raw,0.001927098787099895,False,335560,72307,393,71914,335167,False
train_13398_a_1.nii.gz,101,0,1d,overall_best,exp007_cont_e050_abs_e150,pp2_whole_lung20,0.001927160211737712,False,335560,72294,393,71901,335167,False
train_13398_a_1.nii.gz,101,0,1d,overall_best,exp007_cont_e050_abs_e150,pp3_fine20_corrected_routes,0.001927098787099895,False,335560,72307,393,71914,335167,False
train_13398_a_1.nii.gz,101,0,1d,category_best,exp011_e4d4_clip_linear_e100,raw,0.03704211288983444,False,335560,328441,12298,316143,323262,False
train_13398_a_1.nii.gz,101,0,1d,category_best,exp011_e4d4_clip_linear_e100,pp2_whole_lung20,0.038002710066271435,False,335560,311657,12298,299359,323262,False
train_13398_a_1.nii.gz,101,0,1d,category_best,exp011_e4d4_clip_linear_e100,pp3_fine20_corrected_routes,0.03704211288983444,False,335560,328441,12298,316143,323262,False
train_13398_a_1.nii.gz,101,0,1d,iso07_best,exp017_cont_e050_abs_e150,raw,2.3217693739991508e-12,False,335560,95146,0,95146,335560,False
train_13398_a_1.nii.gz,101,0,1d,iso07_best,exp017_cont_e050_abs_e150,pp2_whole_lung20,2.3217693739991508e-12,False,335560,95146,0,95146,335560,False
train_13398_a_1.nii.gz,101,0,1d,iso07_best,exp017_cont_e050_abs_e150,pp3_fine20_corrected_routes,2.3217693739991508e-12,False,335560,95146,0,95146,335560,False
train_13398_a_1.nii.gz,101,1,2a,overall_best,exp007_cont_e050_abs_e150,raw,0.16687136664481525,True,3687,8526,1019,7507,2668,False
train_13398_a_1.nii.gz,101,1,2a,overall_best,exp007_cont_e050_abs_e150,pp2_whole_lung20,0.16769521935590428,True,3687,8466,1019,7447,2668,False
train_13398_a_1.nii.gz,101,1,2a,overall_best,exp007_cont_e050_abs_e150,pp3_fine20_corrected_routes,0.16769521935590428,True,3687,8466,1019,7447,2668,False
train_13398_a_1.nii.gz,101,1,2a,category_best,exp009_s3v2_e100,raw,0.1718490387552932,True,3687,8952,1086,7866,2601,False
train_13398_a_1.nii.gz,101,1,2a,category_best,exp009_s3v2_e100,pp2_whole_lung20,0.1718490387552932,True,3687,8952,1086,7866,2601,False
train_13398_a_1.nii.gz,101,1,2a,category_best,exp009_s3v2_e100,pp3_fine20_corrected_routes,0.1718490387552932,True,3687,8952,1086,7866,2601,False
train_13398_a_1.nii.gz,101,1,2a,iso07_best,exp017_cont_e050_abs_e150,raw,0.1833659267015569,True,3687,5006,797,4209,2890,False
train_13398_a_1.nii.gz,101,1,2a,iso07_best,exp017_cont_e050_abs_e150,pp2_whole_lung20,0.19698467632266625,True,3687,4405,797,3608,2890,False
train_13398_a_1.nii.gz,101,1,2a,iso07_best,exp017_cont_e050_abs_e150,pp3_fine20_corrected_routes,0.19698467632266625,True,3687,4405,797,3608,2890,False
train_13398_a_1.nii.gz,101,2,2a,overall_best,exp007_cont_e050_abs_e150,raw,7.2780203731601e-10,False,778,596,0,596,778,False
train_13398_a_1.nii.gz,101,2,2a,overall_best,exp007_cont_e050_abs_e150,pp2_whole_lung20,7.385524366775831e-10,False,778,576,0,576,778,False
train_13398_a_1.nii.gz,101,2,2a,overall_best,exp007_cont_e050_abs_e150,pp3_fine20_corrected_routes,9.074410155104889e-10,False,778,324,0,324,778,False
train_13398_a_1.nii.gz,101,2,2a,category_best,exp009_s3v2_e100,raw,4.2140750087593446e-10,False,778,1595,0,1595,778,False
train_13398_a_1.nii.gz,101,2,2a,category_best,exp009_s3v2_e100,pp2_whole_lung20,4.2140750087593446e-10,False,778,1595,0,1595,778,False
train_13398_a_1.nii.gz,101,2,2a,category_best,exp009_s3v2_e100,pp3_fine20_corrected_routes,5.586592175649948e-10,False,778,1012,0,1012,778,False
train_13398_a_1.nii.gz,101,2,2a,iso07_best,exp017_cont_e050_abs_e150,raw,1.0266940441204374e-09,False,778,196,0,196,778,False
train_13398_a_1.nii.gz,101,2,2a,iso07_best,exp017_cont_e050_abs_e150,pp2_whole_lung20,1.095290250717097e-09,False,778,135,0,135,778,False
train_13398_a_1.nii.gz,101,2,2a,iso07_best,exp017_cont_e050_abs_e150,pp3_fine20_corrected_routes,1.2853470420496824e-09,False,778,0,0,0,778,False
train_13398_a_1.nii.gz,101,3,2d,overall_best,exp007_cont_e050_abs_e150,raw,0.4438887153973465,True,1505,1694,710,984,795,False
train_13398_a_1.nii.gz,101,3,2d,overall_best,exp007_cont_e050_abs_e150,pp2_whole_lung20,0.4438887153973465,True,1505,1694,710,984,795,False
train_13398_a_1.nii.gz,101,3,2d,overall_best,exp007_cont_e050_abs_e150,pp3_fine20_corrected_routes,0.4438887153973465,True,1505,1694,710,984,795,False
train_13398_a_1.nii.gz,101,3,2d,category_best,exp007_cont_e050_abs_e150,raw,0.4438887153973465,True,1505,1694,710,984,795,False
train_13398_a_1.nii.gz,101,3,2d,category_best,exp007_cont_e050_abs_e150,pp2_whole_lung20,0.4438887153973465,True,1505,1694,710,984,795,False
train_13398_a_1.nii.gz,101,3,2d,category_best,exp007_cont_e050_abs_e150,pp3_fine20_corrected_routes,0.4438887153973465,True,1505,1694,710,984,795,False
train_13398_a_1.nii.gz,101,3,2d,iso07_best,exp017_cont_e050_abs_e150,raw,0.354381936718568,True,1505,1108,463,645,1042,False
train_13398_a_1.nii.gz,101,3,2d,iso07_best,exp017_cont_e050_abs_e150,pp2_whole_lung20,0.3673145579661585,True,1505,1016,463,553,1042,False
train_13398_a_1.nii.gz,101,3,2d,iso07_best,exp017_cont_e050_abs_e150,pp3_fine20_corrected_routes,0.3673145579661585,True,1505,1016,463,553,1042,False
train_13339_a_1.nii.gz,102,0,2d,overall_best,exp007_cont_e050_abs_e150,raw,0.36431227002114397,True,118,151,49,102,69,False
train_13339_a_1.nii.gz,102,0,2d,overall_best,exp007_cont_e050_abs_e150,pp2_whole_lung20,0.36431227002114397,True,118,151,49,102,69,False
train_13339_a_1.nii.gz,102,0,2d,overall_best,exp007_cont_e050_abs_e150,pp3_fine20_corrected_routes,0.583333335813492,True,118,50,49,1,69,False
train_13339_a_1.nii.gz,102,0,2d,category_best,exp007_cont_e050_abs_e150,raw,0.36431227002114397,True,118,151,49,102,69,False
train_13339_a_1.nii.gz,102,0,2d,category_best,exp007_cont_e050_abs_e150,pp2_whole_lung20,0.36431227002114397,True,118,151,49,102,69,False
train_13339_a_1.nii.gz,102,0,2d,category_best,exp007_cont_e050_abs_e150,pp3_fine20_corrected_routes,0.583333335813492,True,118,50,49,1,69,False
train_13339_a_1.nii.gz,102,0,2d,iso07_best,exp017_cont_e050_abs_e150,raw,0.3736263759207825,True,118,155,51,104,67,False
train_13339_a_1.nii.gz,102,0,2d,iso07_best,exp017_cont_e050_abs_e150,pp2_whole_lung20,0.3736263759207825,True,118,155,51,104,67,False
train_13339_a_1.nii.gz,102,0,2d,iso07_best,exp017_cont_e050_abs_e150,pp3_fine20_corrected_routes,0.6000000023529412,True,118,52,51,1,67,False
train_13339_a_1.nii.gz,102,1,2d,overall_best,exp007_cont_e050_abs_e150,raw,0.8454545461570248,True,114,106,93,13,21,False
train_13339_a_1.nii.gz,102,1,2d,overall_best,exp007_cont_e050_abs_e150,pp2_whole_lung20,0.8454545461570248,True,114,106,93,13,21,False
train_13339_a_1.nii.gz,102,1,2d,overall_best,exp007_cont_e050_abs_e150,pp3_fine20_corrected_routes,0.8454545461570248,True,114,106,93,13,21,False
train_13339_a_1.nii.gz,102,1,2d,category_best,exp007_cont_e050_abs_e150,raw,0.8454545461570248,True,114,106,93,13,21,False
train_13339_a_1.nii.gz,102,1,2d,category_best,exp007_cont_e050_abs_e150,pp2_whole_lung20,0.8454545461570248,True,114,106,93,13,21,False
train_13339_a_1.nii.gz,102,1,2d,category_best,exp007_cont_e050_abs_e150,pp3_fine20_corrected_routes,0.8454545461570248,True,114,106,93,13,21,False
train_13339_a_1.nii.gz,102,1,2d,iso07_best,exp017_cont_e050_abs_e150,raw,0.768000000928,True,114,136,96,40,18,False
train_13339_a_1.nii.gz,102,1,2d,iso07_best,exp017_cont_e050_abs_e150,pp2_whole_lung20,0.768000000928,True,114,136,96,40,18,False
train_13339_a_1.nii.gz,102,1,2d,iso07_best,exp017_cont_e050_abs_e150,pp3_fine20_corrected_routes,0.768000000928,True,114,136,96,40,18,False
train_2677_a_2.nii.gz,103,0,2d,overall_best,exp007_cont_e050_abs_e150,raw,0.1587561381679573,True,165,1057,97,960,68,False
train_2677_a_2.nii.gz,103,0,2d,overall_best,exp007_cont_e050_abs_e150,pp2_whole_lung20,0.1587561381679573,True,165,1057,97,960,68,False
train_2677_a_2.nii.gz,103,0,2d,overall_best,exp007_cont_e050_abs_e150,pp3_fine20_corrected_routes,0.1587561381679573,True,165,1057,97,960,68,False
train_2677_a_2.nii.gz,103,0,2d,category_best,exp007_cont_e050_abs_e150,raw,0.1587561381679573,True,165,1057,97,960,68,False
train_2677_a_2.nii.gz,103,0,2d,category_best,exp007_cont_e050_abs_e150,pp2_whole_lung20,0.1587561381679573,True,165,1057,97,960,68,False
train_2677_a_2.nii.gz,103,0,2d,category_best,exp007_cont_e050_abs_e150,pp3_fine20_corrected_routes,0.1587561381679573,True,165,1057,97,960,68,False
train_2677_a_2.nii.gz,103,0,2d,iso07_best,exp017_cont_e050_abs_e150,raw,0.156521739797216,True,165,1100,99,1001,66,False
train_2677_a_2.nii.gz,103,0,2d,iso07_best,exp017_cont_e050_abs_e150,pp2_whole_lung20,0.156521739797216,True,165,1100,99,1001,66,False
train_2677_a_2.nii.gz,103,0,2d,iso07_best,exp017_cont_e050_abs_e150,pp3_fine20_corrected_routes,0.156521739797216,True,165,1100,99,1001,66,False
train_18956_a_1.nii.gz,104,0,2d,overall_best,exp007_cont_e050_abs_e150,raw,0.461538464990138,True,118,38,36,2,82,False
train_18956_a_1.nii.gz,104,0,2d,overall_best,exp007_cont_e050_abs_e150,pp2_whole_lung20,0.461538464990138,True,118,38,36,2,82,False
train_18956_a_1.nii.gz,104,0,2d,overall_best,exp007_cont_e050_abs_e150,pp3_fine20_corrected_routes,0.461538464990138,True,118,38,36,2,82,False
train_18956_a_1.nii.gz,104,0,2d,category_best,exp007_cont_e050_abs_e150,raw,0.461538464990138,True,118,38,36,2,82,False
train_18956_a_1.nii.gz,104,0,2d,category_best,exp007_cont_e050_abs_e150,pp2_whole_lung20,0.461538464990138,True,118,38,36,2,82,False
train_18956_a_1.nii.gz,104,0,2d,category_best,exp007_cont_e050_abs_e150,pp3_fine20_corrected_routes,0.461538464990138,True,118,38,36,2,82,False
train_18956_a_1.nii.gz,104,0,2d,iso07_best,exp017_cont_e050_abs_e150,raw,0.7443946199802932,True,118,105,83,22,35,False
train_18956_a_1.nii.gz,104,0,2d,iso07_best,exp017_cont_e050_abs_e150,pp2_whole_lung20,0.7443946199802932,True,118,105,83,22,35,False
train_18956_a_1.nii.gz,104,0,2d,iso07_best,exp017_cont_e050_abs_e150,pp3_fine20_corrected_routes,0.7443946199802932,True,118,105,83,22,35,False
train_19032_a_2.nii.gz,105,0,2h,overall_best,exp007_cont_e050_abs_e150,raw,0.13409648476361694,True,1121,102,82,20,1039,False
train_19032_a_2.nii.gz,105,0,2h,overall_best,exp007_cont_e050_abs_e150,pp2_whole_lung20,0.13632585275450884,True,1121,82,82,0,1039,False
train_19032_a_2.nii.gz,105,0,2h,overall_best,exp007_cont_e050_abs_e150,pp3_fine20_corrected_routes,0.13632585275450884,True,1121,82,82,0,1039,False
train_19032_a_2.nii.gz,105,0,2h,category_best,exp017_cont_e075_abs_e175,raw,0.7252566736241246,True,1121,1314,883,431,238,False
train_19032_a_2.nii.gz,105,0,2h,category_best,exp017_cont_e075_abs_e175,pp2_whole_lung20,0.7252566736241246,True,1121,1314,883,431,238,False
train_19032_a_2.nii.gz,105,0,2h,category_best,exp017_cont_e075_abs_e175,pp3_fine20_corrected_routes,0.7252566736241246,True,1121,1314,883,431,238,False
train_19032_a_2.nii.gz,105,0,2h,iso07_best,exp017_cont_e050_abs_e150,raw,0.6197183100166868,True,1121,1293,748,545,373,False
train_19032_a_2.nii.gz,105,0,2h,iso07_best,exp017_cont_e050_abs_e150,pp2_whole_lung20,0.6197183100166868,True,1121,1293,748,545,373,False
train_19032_a_2.nii.gz,105,0,2h,iso07_best,exp017_cont_e050_abs_e150,pp3_fine20_corrected_routes,0.6197183100166868,True,1121,1293,748,545,373,False
train_19032_a_2.nii.gz,105,1,2d,overall_best,exp007_cont_e050_abs_e150,raw,0.09685230242892905,False,174,239,20,219,154,False
train_19032_a_2.nii.gz,105,1,2d,overall_best,exp007_cont_e050_abs_e150,pp2_whole_lung20,0.09685230242892905,False,174,239,20,219,154,False
train_19032_a_2.nii.gz,105,1,2d,overall_best,exp007_cont_e050_abs_e150,pp3_fine20_corrected_routes,0.09685230242892905,False,174,239,20,219,154,False
train_19032_a_2.nii.gz,105,1,2d,category_best,exp007_cont_e050_abs_e150,raw,0.09685230242892905,False,174,239,20,219,154,False
train_19032_a_2.nii.gz,105,1,2d,category_best,exp007_cont_e050_abs_e150,pp2_whole_lung20,0.09685230242892905,False,174,239,20,219,154,False
train_19032_a_2.nii.gz,105,1,2d,category_best,exp007_cont_e050_abs_e150,pp3_fine20_corrected_routes,0.09685230242892905,False,174,239,20,219,154,False
train_19032_a_2.nii.gz,105,1,2d,iso07_best,exp017_cont_e050_abs_e150,raw,0.3410404633799993,True,174,518,118,400,56,False
train_19032_a_2.nii.gz,105,1,2d,iso07_best,exp017_cont_e050_abs_e150,pp2_whole_lung20,0.3410404633799993,True,174,518,118,400,56,False
train_19032_a_2.nii.gz,105,1,2d,iso07_best,exp017_cont_e050_abs_e150,pp3_fine20_corrected_routes,0.3410404633799993,True,174,518,118,400,56,False
train_13111_a_2.nii.gz,106,0,1d,overall_best,exp007_cont_e050_abs_e150,raw,6.7957866122541906e-12,False,133196,13954,0,13954,133196,False
train_13111_a_2.nii.gz,106,0,1d,overall_best,exp007_cont_e050_abs_e150,pp2_whole_lung20,6.7957866122541906e-12,False,133196,13954,0,13954,133196,False
train_13111_a_2.nii.gz,106,0,1d,overall_best,exp007_cont_e050_abs_e150,pp3_fine20_corrected_routes,6.7957866122541906e-12,False,133196,13954,0,13954,133196,False
train_13111_a_2.nii.gz,106,0,1d,category_best,exp011_e4d4_clip_linear_e100,raw,0.010164416996841799,False,133196,105283,1212,104071,131984,False
train_13111_a_2.nii.gz,106,0,1d,category_best,exp011_e4d4_clip_linear_e100,pp2_whole_lung20,0.0101869712713534,False,133196,104755,1212,103543,131984,False
train_13111_a_2.nii.gz,106,0,1d,category_best,exp011_e4d4_clip_linear_e100,pp3_fine20_corrected_routes,0.0101869712713534,False,133196,104755,1212,103543,131984,False
train_13111_a_2.nii.gz,106,0,1d,iso07_best,exp017_cont_e050_abs_e150,raw,7.502776027073746e-12,False,133196,88,0,88,133196,False
train_13111_a_2.nii.gz,106,0,1d,iso07_best,exp017_cont_e050_abs_e150,pp2_whole_lung20,7.502776027073746e-12,False,133196,88,0,88,133196,False
train_13111_a_2.nii.gz,106,0,1d,iso07_best,exp017_cont_e050_abs_e150,pp3_fine20_corrected_routes,7.502776027073746e-12,False,133196,88,0,88,133196,False
train_19325_a_2.nii.gz,107,0,2e,overall_best,exp007_cont_e050_abs_e150,raw,0.6272905199966027,True,411250,209024,194546,14478,216704,False
train_19325_a_2.nii.gz,107,0,2e,overall_best,exp007_cont_e050_abs_e150,pp2_whole_lung20,0.6272905199966027,True,411250,209024,194546,14478,216704,False
train_19325_a_2.nii.gz,107,0,2e,overall_best,exp007_cont_e050_abs_e150,pp3_fine20_corrected_routes,0.6272905199966027,True,411250,209024,194546,14478,216704,False
train_19325_a_2.nii.gz,107,0,2e,category_best,exp007_cont_e100_abs_e200,raw,0.6516135478075176,True,411250,229326,208704,20622,202546,False
train_19325_a_2.nii.gz,107,0,2e,category_best,exp007_cont_e100_abs_e200,pp2_whole_lung20,0.6516135478075176,True,411250,229326,208704,20622,202546,False
train_19325_a_2.nii.gz,107,0,2e,category_best,exp007_cont_e100_abs_e200,pp3_fine20_corrected_routes,0.6516135478075176,True,411250,229326,208704,20622,202546,False
train_19325_a_2.nii.gz,107,0,2e,iso07_best,exp017_cont_e050_abs_e150,raw,0.5955952827442029,True,411250,356654,228680,127974,182570,False
train_19325_a_2.nii.gz,107,0,2e,iso07_best,exp017_cont_e050_abs_e150,pp2_whole_lung20,0.5955952827442029,True,411250,356654,228680,127974,182570,False
train_19325_a_2.nii.gz,107,0,2e,iso07_best,exp017_cont_e050_abs_e150,pp3_fine20_corrected_routes,0.5955952827442029,True,411250,356654,228680,127974,182570,False
train_19325_a_2.nii.gz,107,1,2b,overall_best,exp007_cont_e050_abs_e150,raw,5.077430819747274e-11,False,1553,18142,0,18142,1553,False
train_19325_a_2.nii.gz,107,1,2b,overall_best,exp007_cont_e050_abs_e150,pp2_whole_lung20,5.1347881897235024e-11,False,1553,17922,0,17922,1553,False
train_19325_a_2.nii.gz,107,1,2b,overall_best,exp007_cont_e050_abs_e150,pp3_fine20_corrected_routes,5.077430819747274e-11,False,1553,18142,0,18142,1553,False
train_19325_a_2.nii.gz,107,1,2b,category_best,exp013_category_2all_focal_target100_e100,raw,0.02311283691475464,False,1553,20080,250,19830,1303,False
train_19325_a_2.nii.gz,107,1,2b,category_best,exp013_category_2all_focal_target100_e100,pp2_whole_lung20,0.024891721062135126,False,1553,18534,250,18284,1303,False
train_19325_a_2.nii.gz,107,1,2b,category_best,exp013_category_2all_focal_target100_e100,pp3_fine20_corrected_routes,0.02311283691475464,False,1553,20080,250,19830,1303,False
train_19325_a_2.nii.gz,107,1,2b,iso07_best,exp017_cont_e050_abs_e150,raw,9.059612247774994e-11,False,1553,9485,0,9485,1553,False
train_19325_a_2.nii.gz,107,1,2b,iso07_best,exp017_cont_e050_abs_e150,pp2_whole_lung20,9.305788199394584e-11,False,1553,9193,0,9193,1553,False
train_19325_a_2.nii.gz,107,1,2b,iso07_best,exp017_cont_e050_abs_e150,pp3_fine20_corrected_routes,9.059612247774994e-11,False,1553,9485,0,9485,1553,False
train_19325_a_2.nii.gz,107,2,2a,overall_best,exp007_cont_e050_abs_e150,raw,0.42035548286579916,True,18884,31245,10536,20709,8348,False
train_19325_a_2.nii.gz,107,2,2a,overall_best,exp007_cont_e050_abs_e150,pp2_whole_lung20,0.42636882361243233,True,18884,30538,10536,20002,8348,False
train_19325_a_2.nii.gz,107,2,2a,overall_best,exp007_cont_e050_abs_e150,pp3_fine20_corrected_routes,0.42636882361243233,True,18884,30538,10536,20002,8348,False
train_19325_a_2.nii.gz,107,2,2a,category_best,exp009_s3v2_e100,raw,0.46379460207573614,True,18884,25985,10405,15580,8479,False
train_19325_a_2.nii.gz,107,2,2a,category_best,exp009_s3v2_e100,pp2_whole_lung20,0.4672939168825973,True,18884,25649,10405,15244,8479,False
train_19325_a_2.nii.gz,107,2,2a,category_best,exp009_s3v2_e100,pp3_fine20_corrected_routes,0.4672939168825973,True,18884,25649,10405,15244,8479,False
train_19325_a_2.nii.gz,107,2,2a,iso07_best,exp017_cont_e050_abs_e150,raw,0.48058358930304623,True,18884,35812,13143,22669,5741,False
train_19325_a_2.nii.gz,107,2,2a,iso07_best,exp017_cont_e050_abs_e150,pp2_whole_lung20,0.4830031972459115,True,18884,35538,13143,22395,5741,False
train_19325_a_2.nii.gz,107,2,2a,iso07_best,exp017_cont_e050_abs_e150,pp3_fine20_corrected_routes,0.4830031972459115,True,18884,35538,13143,22395,5741,False
train_19325_a_2.nii.gz,107,3,2b,overall_best,exp007_cont_e050_abs_e150,raw,0.2687710939123608,True,79063,21677,13538,8139,65525,False
train_19325_a_2.nii.gz,107,3,2b,overall_best,exp007_cont_e050_abs_e150,pp2_whole_lung20,0.2694022128545192,True,79063,21441,13538,7903,65525,False
train_19325_a_2.nii.gz,107,3,2b,overall_best,exp007_cont_e050_abs_e150,pp3_fine20_corrected_routes,0.2694022128545192,True,79063,21441,13538,7903,65525,False
train_19325_a_2.nii.gz,107,3,2b,category_best,exp013_category_2all_focal_target100_e100,raw,0.2526054488834256,True,79063,18425,12313,6112,66750,False
train_19325_a_2.nii.gz,107,3,2b,category_best,exp013_category_2all_focal_target100_e100,pp2_whole_lung20,0.25321583910775797,True,79063,18190,12313,5877,66750,False
train_19325_a_2.nii.gz,107,3,2b,category_best,exp013_category_2all_focal_target100_e100,pp3_fine20_corrected_routes,0.25321583910775797,True,79063,18190,12313,5877,66750,False
train_19325_a_2.nii.gz,107,3,2b,iso07_best,exp017_cont_e050_abs_e150,raw,0.26869704732298727,True,79063,27518,14319,13199,64744,False
train_19325_a_2.nii.gz,107,3,2b,iso07_best,exp017_cont_e050_abs_e150,pp2_whole_lung20,0.27542364731697644,True,79063,24915,14319,10596,64744,False
train_19325_a_2.nii.gz,107,3,2b,iso07_best,exp017_cont_e050_abs_e150,pp3_fine20_corrected_routes,0.27542364731697644,True,79063,24915,14319,10596,64744,False
train_19325_a_2.nii.gz,107,4,2c,overall_best,exp007_cont_e050_abs_e150,raw,0.6807846230107014,True,104927,82730,63877,18853,41050,False
train_19325_a_2.nii.gz,107,4,2c,overall_best,exp007_cont_e050_abs_e150,pp2_whole_lung20,0.6807846230107014,True,104927,82730,63877,18853,41050,False
train_19325_a_2.nii.gz,107,4,2c,overall_best,exp007_cont_e050_abs_e150,pp3_fine20_corrected_routes,0.6807846230107014,True,104927,82730,63877,18853,41050,False
train_19325_a_2.nii.gz,107,4,2c,category_best,exp007_cont_e050_abs_e150,raw,0.6807846230107014,True,104927,82730,63877,18853,41050,False
train_19325_a_2.nii.gz,107,4,2c,category_best,exp007_cont_e050_abs_e150,pp2_whole_lung20,0.6807846230107014,True,104927,82730,63877,18853,41050,False
train_19325_a_2.nii.gz,107,4,2c,category_best,exp007_cont_e050_abs_e150,pp3_fine20_corrected_routes,0.6807846230107014,True,104927,82730,63877,18853,41050,False
train_19325_a_2.nii.gz,107,4,2c,iso07_best,exp017_cont_e050_abs_e150,raw,0.6900875492115277,True,104927,65263,58723,6540,46204,False
train_19325_a_2.nii.gz,107,4,2c,iso07_best,exp017_cont_e050_abs_e150,pp2_whole_lung20,0.6902903491260709,True,104927,65213,58723,6490,46204,False
train_19325_a_2.nii.gz,107,4,2c,iso07_best,exp017_cont_e050_abs_e150,pp3_fine20_corrected_routes,0.6900875492115277,True,104927,65263,58723,6540,46204,False
train_19021_b_2.nii.gz,108,0,2d,overall_best,exp007_cont_e050_abs_e150,raw,0.5746652937308624,True,1264,678,558,120,706,False
train_19021_b_2.nii.gz,108,0,2d,overall_best,exp007_cont_e050_abs_e150,pp2_whole_lung20,0.5746652937308624,True,1264,678,558,120,706,False
train_19021_b_2.nii.gz,108,0,2d,overall_best,exp007_cont_e050_abs_e150,pp3_fine20_corrected_routes,0.5746652937308624,True,1264,678,558,120,706,False
train_19021_b_2.nii.gz,108,0,2d,category_best,exp007_cont_e050_abs_e150,raw,0.5746652937308624,True,1264,678,558,120,706,False
train_19021_b_2.nii.gz,108,0,2d,category_best,exp007_cont_e050_abs_e150,pp2_whole_lung20,0.5746652937308624,True,1264,678,558,120,706,False
train_19021_b_2.nii.gz,108,0,2d,category_best,exp007_cont_e050_abs_e150,pp3_fine20_corrected_routes,0.5746652937308624,True,1264,678,558,120,706,False
train_19021_b_2.nii.gz,108,0,2d,iso07_best,exp017_cont_e050_abs_e150,raw,0.5743380857564471,True,1264,700,564,136,700,False
train_19021_b_2.nii.gz,108,0,2d,iso07_best,exp017_cont_e050_abs_e150,pp2_whole_lung20,0.5743380857564471,True,1264,700,564,136,700,False
train_19021_b_2.nii.gz,108,0,2d,iso07_best,exp017_cont_e050_abs_e150,pp3_fine20_corrected_routes,0.5743380857564471,True,1264,700,564,136,700,False
train_13113_a_1.nii.gz,109,0,2d,overall_best,exp007_cont_e050_abs_e150,raw,0.1775057389613575,True,222,1085,116,969,106,False
train_13113_a_1.nii.gz,109,0,2d,overall_best,exp007_cont_e050_abs_e150,pp2_whole_lung20,0.1775057389613575,True,222,1085,116,969,106,False
train_13113_a_1.nii.gz,109,0,2d,overall_best,exp007_cont_e050_abs_e150,pp3_fine20_corrected_routes,0.1775057389613575,True,222,1085,116,969,106,False
train_13113_a_1.nii.gz,109,0,2d,category_best,exp007_cont_e050_abs_e150,raw,0.1775057389613575,True,222,1085,116,969,106,False
train_13113_a_1.nii.gz,109,0,2d,category_best,exp007_cont_e050_abs_e150,pp2_whole_lung20,0.1775057389613575,True,222,1085,116,969,106,False
train_13113_a_1.nii.gz,109,0,2d,category_best,exp007_cont_e050_abs_e150,pp3_fine20_corrected_routes,0.1775057389613575,True,222,1085,116,969,106,False
train_13113_a_1.nii.gz,109,0,2d,iso07_best,exp017_cont_e050_abs_e150,raw,0.12205044823266846,True,222,1007,75,932,147,False
train_13113_a_1.nii.gz,109,0,2d,iso07_best,exp017_cont_e050_abs_e150,pp2_whole_lung20,0.12205044823266846,True,222,1007,75,932,147,False
train_13113_a_1.nii.gz,109,0,2d,iso07_best,exp017_cont_e050_abs_e150,pp3_fine20_corrected_routes,0.12205044823266846,True,222,1007,75,932,147,False
train_13316_a_2.nii.gz,110,0,2d,overall_best,exp007_cont_e050_abs_e150,raw,0.11475139948018181,True,946,11202,697,10505,249,False
train_13316_a_2.nii.gz,110,0,2d,overall_best,exp007_cont_e050_abs_e150,pp2_whole_lung20,0.11475139948018181,True,946,11202,697,10505,249,False
train_13316_a_2.nii.gz,110,0,2d,overall_best,exp007_cont_e050_abs_e150,pp3_fine20_corrected_routes,0.11475139948018181,True,946,11202,697,10505,249,False
train_13316_a_2.nii.gz,110,0,2d,category_best,exp007_cont_e050_abs_e150,raw,0.11475139948018181,True,946,11202,697,10505,249,False
train_13316_a_2.nii.gz,110,0,2d,category_best,exp007_cont_e050_abs_e150,pp2_whole_lung20,0.11475139948018181,True,946,11202,697,10505,249,False
train_13316_a_2.nii.gz,110,0,2d,category_best,exp007_cont_e050_abs_e150,pp3_fine20_corrected_routes,0.11475139948018181,True,946,11202,697,10505,249,False
train_13316_a_2.nii.gz,110,0,2d,iso07_best,exp017_cont_e050_abs_e150,raw,0.13194258722190047,True,946,10271,740,9531,206,False
train_13316_a_2.nii.gz,110,0,2d,iso07_best,exp017_cont_e050_abs_e150,pp2_whole_lung20,0.13194258722190047,True,946,10271,740,9531,206,False
train_13316_a_2.nii.gz,110,0,2d,iso07_best,exp017_cont_e050_abs_e150,pp3_fine20_corrected_routes,0.13194258722190047,True,946,10271,740,9531,206,False
train_13316_a_2.nii.gz,110,1,2d,overall_best,exp007_cont_e050_abs_e150,raw,0.7314078696053731,True,3688,6249,3634,2615,54,False
train_13316_a_2.nii.gz,110,1,2d,overall_best,exp007_cont_e050_abs_e150,pp2_whole_lung20,0.7314078696053731,True,3688,6249,3634,2615,54,False
train_13316_a_2.nii.gz,110,1,2d,overall_best,exp007_cont_e050_abs_e150,pp3_fine20_corrected_routes,0.7314078696053731,True,3688,6249,3634,2615,54,False
train_13316_a_2.nii.gz,110,1,2d,category_best,exp007_cont_e050_abs_e150,raw,0.7314078696053731,True,3688,6249,3634,2615,54,False
train_13316_a_2.nii.gz,110,1,2d,category_best,exp007_cont_e050_abs_e150,pp2_whole_lung20,0.7314078696053731,True,3688,6249,3634,2615,54,False
train_13316_a_2.nii.gz,110,1,2d,category_best,exp007_cont_e050_abs_e150,pp3_fine20_corrected_routes,0.7314078696053731,True,3688,6249,3634,2615,54,False
train_13316_a_2.nii.gz,110,1,2d,iso07_best,exp017_cont_e050_abs_e150,raw,0.707383596365928,True,3688,6578,3631,2947,57,False
train_13316_a_2.nii.gz,110,1,2d,iso07_best,exp017_cont_e050_abs_e150,pp2_whole_lung20,0.707383596365928,True,3688,6578,3631,2947,57,False
train_13316_a_2.nii.gz,110,1,2d,iso07_best,exp017_cont_e050_abs_e150,pp3_fine20_corrected_routes,0.707383596365928,True,3688,6578,3631,2947,57,False
train_2560_d_2.nii.gz,111,0,1a,overall_best,exp007_cont_e050_abs_e150,raw,0.17719413231210152,True,34524,345387,33659,311728,865,False
train_2560_d_2.nii.gz,111,0,1a,overall_best,exp007_cont_e050_abs_e150,pp2_whole_lung20,0.177390708584739,True,34524,344966,33659,311307,865,False
train_2560_d_2.nii.gz,111,0,1a,overall_best,exp007_cont_e050_abs_e150,pp3_fine20_corrected_routes,0.17719413231210152,True,34524,345387,33659,311728,865,False
train_2560_d_2.nii.gz,111,0,1a,category_best,exp017_cont_e025_abs_e125,raw,0.2916452497253724,True,34524,152244,27235,125009,7289,False
train_2560_d_2.nii.gz,111,0,1a,category_best,exp017_cont_e025_abs_e125,pp2_whole_lung20,0.2916780457019835,True,34524,152223,27235,124988,7289,False
train_2560_d_2.nii.gz,111,0,1a,category_best,exp017_cont_e025_abs_e125,pp3_fine20_corrected_routes,0.2916452497253724,True,34524,152244,27235,125009,7289,False
train_2560_d_2.nii.gz,111,0,1a,iso07_best,exp017_cont_e050_abs_e150,raw,0.24023831565255827,True,34524,218250,30363,187887,4161,False
train_2560_d_2.nii.gz,111,0,1a,iso07_best,exp017_cont_e050_abs_e150,pp2_whole_lung20,0.24153497973787955,True,34524,216893,30363,186530,4161,False
train_2560_d_2.nii.gz,111,0,1a,iso07_best,exp017_cont_e050_abs_e150,pp3_fine20_corrected_routes,0.24023831565255827,True,34524,218250,30363,187887,4161,False
train_2560_d_2.nii.gz,111,1,1c,overall_best,exp007_cont_e050_abs_e150,raw,0.04304273614224767,False,171549,46978,4703,42275,166846,False
train_2560_d_2.nii.gz,111,1,1c,overall_best,exp007_cont_e050_abs_e150,pp2_whole_lung20,0.04427957425022583,False,171549,40874,4703,36171,166846,False
train_2560_d_2.nii.gz,111,1,1c,overall_best,exp007_cont_e050_abs_e150,pp3_fine20_corrected_routes,0.04427957425022583,False,171549,40874,4703,36171,166846,False
train_2560_d_2.nii.gz,111,1,1c,category_best,exp017_cont_e075_abs_e175,raw,0.027507508679797496,False,171549,34213,2830,31383,168719,False
train_2560_d_2.nii.gz,111,1,1c,category_best,exp017_cont_e075_abs_e175,pp2_whole_lung20,0.02805076892297908,False,171549,30228,2830,27398,168719,False
train_2560_d_2.nii.gz,111,1,1c,category_best,exp017_cont_e075_abs_e175,pp3_fine20_corrected_routes,0.02805076892297908,False,171549,30228,2830,27398,168719,False
train_2560_d_2.nii.gz,111,1,1c,iso07_best,exp017_cont_e050_abs_e150,raw,0.044013008694152186,False,171549,72288,5366,66922,166183,False
train_2560_d_2.nii.gz,111,1,1c,iso07_best,exp017_cont_e050_abs_e150,pp2_whole_lung20,0.04545550807480991,False,171549,64550,5366,59184,166183,False
train_2560_d_2.nii.gz,111,1,1c,iso07_best,exp017_cont_e050_abs_e150,pp3_fine20_corrected_routes,0.04545550807480991,False,171549,64550,5366,59184,166183,False
train_2560_d_2.nii.gz,111,2,2d,overall_best,exp007_cont_e050_abs_e150,raw,0.07867867895535174,False,469,2861,131,2730,338,False
train_2560_d_2.nii.gz,111,2,2d,overall_best,exp007_cont_e050_abs_e150,pp2_whole_lung20,0.07867867895535174,False,469,2861,131,2730,338,False
train_2560_d_2.nii.gz,111,2,2d,overall_best,exp007_cont_e050_abs_e150,pp3_fine20_corrected_routes,0.07867867895535174,False,469,2861,131,2730,338,False
train_2560_d_2.nii.gz,111,2,2d,category_best,exp007_cont_e050_abs_e150,raw,0.07867867895535174,False,469,2861,131,2730,338,False
train_2560_d_2.nii.gz,111,2,2d,category_best,exp007_cont_e050_abs_e150,pp2_whole_lung20,0.07867867895535174,False,469,2861,131,2730,338,False
train_2560_d_2.nii.gz,111,2,2d,category_best,exp007_cont_e050_abs_e150,pp3_fine20_corrected_routes,0.07867867895535174,False,469,2861,131,2730,338,False
train_2560_d_2.nii.gz,111,2,2d,iso07_best,exp017_cont_e050_abs_e150,raw,0.14603174633296942,True,469,2366,207,2159,262,False
train_2560_d_2.nii.gz,111,2,2d,iso07_best,exp017_cont_e050_abs_e150,pp2_whole_lung20,0.14603174633296942,True,469,2366,207,2159,262,False
train_2560_d_2.nii.gz,111,2,2d,iso07_best,exp017_cont_e050_abs_e150,pp3_fine20_corrected_routes,0.14603174633296942,True,469,2366,207,2159,262,False
train_2555_a_1.nii.gz,112,0,2e,overall_best,exp007_cont_e050_abs_e150,raw,6.369426747535397e-10,False,893,677,0,677,893,False
train_2555_a_1.nii.gz,112,0,2e,overall_best,exp007_cont_e050_abs_e150,pp2_whole_lung20,6.369426747535397e-10,False,893,677,0,677,893,False
train_2555_a_1.nii.gz,112,0,2e,overall_best,exp007_cont_e050_abs_e150,pp3_fine20_corrected_routes,6.369426747535397e-10,False,893,677,0,677,893,False
train_2555_a_1.nii.gz,112,0,2e,category_best,exp007_cont_e100_abs_e200,raw,0.42913214154856866,True,893,1400,492,908,401,False
train_2555_a_1.nii.gz,112,0,2e,category_best,exp007_cont_e100_abs_e200,pp2_whole_lung20,0.42913214154856866,True,893,1400,492,908,401,False
train_2555_a_1.nii.gz,112,0,2e,category_best,exp007_cont_e100_abs_e200,pp3_fine20_corrected_routes,0.42913214154856866,True,893,1400,492,908,401,False
train_2555_a_1.nii.gz,112,0,2e,iso07_best,exp017_cont_e050_abs_e150,raw,1.1198208274134144e-09,False,893,0,0,0,893,False
train_2555_a_1.nii.gz,112,0,2e,iso07_best,exp017_cont_e050_abs_e150,pp2_whole_lung20,1.1198208274134144e-09,False,893,0,0,0,893,False
train_2555_a_1.nii.gz,112,0,2e,iso07_best,exp017_cont_e050_abs_e150,pp3_fine20_corrected_routes,1.1198208274134144e-09,False,893,0,0,0,893,False
train_19279_c_1.nii.gz,113,0,2d,overall_best,exp007_cont_e050_abs_e150,raw,0.4169381112239917,True,894,334,256,78,638,False
train_19279_c_1.nii.gz,113,0,2d,overall_best,exp007_cont_e050_abs_e150,pp2_whole_lung20,0.4169381112239917,True,894,334,256,78,638,False
train_19279_c_1.nii.gz,113,0,2d,overall_best,exp007_cont_e050_abs_e150,pp3_fine20_corrected_routes,0.4169381112239917,True,894,334,256,78,638,False
train_19279_c_1.nii.gz,113,0,2d,category_best,exp007_cont_e050_abs_e150,raw,0.4169381112239917,True,894,334,256,78,638,False
train_19279_c_1.nii.gz,113,0,2d,category_best,exp007_cont_e050_abs_e150,pp2_whole_lung20,0.4169381112239917,True,894,334,256,78,638,False
train_19279_c_1.nii.gz,113,0,2d,category_best,exp007_cont_e050_abs_e150,pp3_fine20_corrected_routes,0.4169381112239917,True,894,334,256,78,638,False
train_19279_c_1.nii.gz,113,0,2d,iso07_best,exp017_cont_e050_abs_e150,raw,0.3783359502524835,True,894,380,241,139,653,False
train_19279_c_1.nii.gz,113,0,2d,iso07_best,exp017_cont_e050_abs_e150,pp2_whole_lung20,0.4130248505458227,True,894,273,241,32,653,False
train_19279_c_1.nii.gz,113,0,2d,iso07_best,exp017_cont_e050_abs_e150,pp3_fine20_corrected_routes,0.4130248505458227,True,894,273,241,32,653,False
train_19279_c_1.nii.gz,113,1,2c,overall_best,exp007_cont_e050_abs_e150,raw,4.960317457856984e-10,False,665,1351,0,1351,665,False
train_19279_c_1.nii.gz,113,1,2c,overall_best,exp007_cont_e050_abs_e150,pp2_whole_lung20,5.574136005811518e-10,False,665,1129,0,1129,665,False
train_19279_c_1.nii.gz,113,1,2c,overall_best,exp007_cont_e050_abs_e150,pp3_fine20_corrected_routes,5.574136005811518e-10,False,665,1129,0,1129,665,False
train_19279_c_1.nii.gz,113,1,2c,category_best,exp007_cont_e050_abs_e150,raw,4.960317457856984e-10,False,665,1351,0,1351,665,False
train_19279_c_1.nii.gz,113,1,2c,category_best,exp007_cont_e050_abs_e150,pp2_whole_lung20,5.574136005811518e-10,False,665,1129,0,1129,665,False
train_19279_c_1.nii.gz,113,1,2c,category_best,exp007_cont_e050_abs_e150,pp3_fine20_corrected_routes,5.574136005811518e-10,False,665,1129,0,1129,665,False
train_19279_c_1.nii.gz,113,1,2c,iso07_best,exp017_cont_e050_abs_e150,raw,5.85480093334028e-10,False,665,1043,0,1043,665,False
train_19279_c_1.nii.gz,113,1,2c,iso07_best,exp017_cont_e050_abs_e150,pp2_whole_lung20,5.85480093334028e-10,False,665,1043,0,1043,665,False
train_19279_c_1.nii.gz,113,1,2c,iso07_best,exp017_cont_e050_abs_e150,pp3_fine20_corrected_routes,5.85480093334028e-10,False,665,1043,0,1043,665,False
train_19279_c_1.nii.gz,113,2,2a,overall_best,exp007_cont_e050_abs_e150,raw,0.12367894899690389,True,948,6054,433,5621,515,False
train_19279_c_1.nii.gz,113,2,2a,overall_best,exp007_cont_e050_abs_e150,pp2_whole_lung20,0.28144296415942704,True,948,2129,433,1696,515,False
train_19279_c_1.nii.gz,113,2,2a,overall_best,exp007_cont_e050_abs_e150,pp3_fine20_corrected_routes,0.39706556653046055,True,948,1233,433,800,515,False
train_19279_c_1.nii.gz,113,2,2a,category_best,exp009_s3v2_e100,raw,0.1101332257480716,True,948,11437,682,10755,266,False
train_19279_c_1.nii.gz,113,2,2a,category_best,exp009_s3v2_e100,pp2_whole_lung20,0.2897811771213552,True,948,3759,682,3077,266,False
train_19279_c_1.nii.gz,113,2,2a,category_best,exp009_s3v2_e100,pp3_fine20_corrected_routes,0.3324396784468828,True,948,3155,682,2473,266,False
train_19279_c_1.nii.gz,113,2,2a,iso07_best,exp017_cont_e050_abs_e150,raw,0.2664878159475771,True,948,3525,596,2929,352,False
train_19279_c_1.nii.gz,113,2,2a,iso07_best,exp017_cont_e050_abs_e150,pp2_whole_lung20,0.2664878159475771,True,948,3525,596,2929,352,False
train_19279_c_1.nii.gz,113,2,2a,iso07_best,exp017_cont_e050_abs_e150,pp3_fine20_corrected_routes,0.2664878159475771,True,948,3525,596,2929,352,False
train_13155_a_2.nii.gz,114,0,1c,overall_best,exp007_cont_e050_abs_e150,raw,0.3677192983090006,True,3842,6133,1834,4299,2008,True
train_13155_a_2.nii.gz,114,0,1c,overall_best,exp007_cont_e050_abs_e150,pp2_whole_lung20,0.5612853864481583,True,3842,2693,1834,859,2008,True
train_13155_a_2.nii.gz,114,0,1c,overall_best,exp007_cont_e050_abs_e150,pp3_fine20_corrected_routes,0.5612853864481583,True,3842,2693,1834,859,2008,True
train_13155_a_2.nii.gz,114,0,1c,category_best,exp017_cont_e075_abs_e175,raw,0.594089264234908,True,3842,2790,1970,820,1872,True
train_13155_a_2.nii.gz,114,0,1c,category_best,exp017_cont_e075_abs_e175,pp2_whole_lung20,0.5950762725275522,True,3842,2779,1970,809,1872,True
train_13155_a_2.nii.gz,114,0,1c,category_best,exp017_cont_e075_abs_e175,pp3_fine20_corrected_routes,0.5950762725275522,True,3842,2779,1970,809,1872,True
train_13155_a_2.nii.gz,114,0,1c,iso07_best,exp017_cont_e050_abs_e150,raw,0.20979280872093306,True,3842,28447,3387,25060,455,True
train_13155_a_2.nii.gz,114,0,1c,iso07_best,exp017_cont_e050_abs_e150,pp2_whole_lung20,0.20979280872093306,True,3842,28447,3387,25060,455,True
train_13155_a_2.nii.gz,114,0,1c,iso07_best,exp017_cont_e050_abs_e150,pp3_fine20_corrected_routes,0.20979280872093306,True,3842,28447,3387,25060,455,True
train_13155_a_2.nii.gz,114,1,2d,overall_best,exp007_cont_e050_abs_e150,raw,2.079002074679829e-09,False,140,341,0,341,140,False
train_13155_a_2.nii.gz,114,1,2d,overall_best,exp007_cont_e050_abs_e150,pp2_whole_lung20,2.079002074679829e-09,False,140,341,0,341,140,False
train_13155_a_2.nii.gz,114,1,2d,overall_best,exp007_cont_e050_abs_e150,pp3_fine20_corrected_routes,2.079002074679829e-09,False,140,341,0,341,140,False
train_13155_a_2.nii.gz,114,1,2d,category_best,exp007_cont_e050_abs_e150,raw,2.079002074679829e-09,False,140,341,0,341,140,False
train_13155_a_2.nii.gz,114,1,2d,category_best,exp007_cont_e050_abs_e150,pp2_whole_lung20,2.079002074679829e-09,False,140,341,0,341,140,False
train_13155_a_2.nii.gz,114,1,2d,category_best,exp007_cont_e050_abs_e150,pp3_fine20_corrected_routes,2.079002074679829e-09,False,140,341,0,341,140,False
train_13155_a_2.nii.gz,114,1,2d,iso07_best,exp017_cont_e050_abs_e150,raw,2.770083094819714e-09,False,140,221,0,221,140,False
train_13155_a_2.nii.gz,114,1,2d,iso07_best,exp017_cont_e050_abs_e150,pp2_whole_lung20,2.770083094819714e-09,False,140,221,0,221,140,False
train_13155_a_2.nii.gz,114,1,2d,iso07_best,exp017_cont_e050_abs_e150,pp3_fine20_corrected_routes,2.770083094819714e-09,False,140,221,0,221,140,False
train_13155_a_2.nii.gz,114,2,2a,overall_best,exp007_cont_e050_abs_e150,raw,0.03326486365875657,False,33948,1104,583,521,33365,False
train_13155_a_2.nii.gz,114,2,2a,overall_best,exp007_cont_e050_abs_e150,pp2_whole_lung20,0.03326486365875657,False,33948,1104,583,521,33365,False
train_13155_a_2.nii.gz,114,2,2a,overall_best,exp007_cont_e050_abs_e150,pp3_fine20_corrected_routes,0.03326486365875657,False,33948,1104,583,521,33365,False
train_13155_a_2.nii.gz,114,2,2a,category_best,exp009_s3v2_e100,raw,0.025717686017075914,False,33948,503,443,60,33505,False
train_13155_a_2.nii.gz,114,2,2a,category_best,exp009_s3v2_e100,pp2_whole_lung20,0.025717686017075914,False,33948,503,443,60,33505,False
train_13155_a_2.nii.gz,114,2,2a,category_best,exp009_s3v2_e100,pp3_fine20_corrected_routes,0.025717686017075914,False,33948,503,443,60,33505,False
train_13155_a_2.nii.gz,114,2,2a,iso07_best,exp017_cont_e050_abs_e150,raw,0.0571054802190625,False,33948,1215,1004,211,32944,False
train_13155_a_2.nii.gz,114,2,2a,iso07_best,exp017_cont_e050_abs_e150,pp2_whole_lung20,0.057107104287096665,False,33948,1214,1004,210,32944,False
train_13155_a_2.nii.gz,114,2,2a,iso07_best,exp017_cont_e050_abs_e150,pp3_fine20_corrected_routes,0.057107104287096665,False,33948,1214,1004,210,32944,False
train_2694_a_2.nii.gz,115,0,2c,overall_best,exp007_cont_e050_abs_e150,raw,0.18427872541842563,True,141894,1054294,110216,944078,31678,False
train_2694_a_2.nii.gz,115,0,2c,overall_best,exp007_cont_e050_abs_e150,pp2_whole_lung20,0.18427872541842563,True,141894,1054294,110216,944078,31678,False
train_2694_a_2.nii.gz,115,0,2c,overall_best,exp007_cont_e050_abs_e150,pp3_fine20_corrected_routes,0.18427872541842563,True,141894,1054294,110216,944078,31678,False
train_2694_a_2.nii.gz,115,0,2c,category_best,exp007_cont_e050_abs_e150,raw,0.18427872541842563,True,141894,1054294,110216,944078,31678,False
train_2694_a_2.nii.gz,115,0,2c,category_best,exp007_cont_e050_abs_e150,pp2_whole_lung20,0.18427872541842563,True,141894,1054294,110216,944078,31678,False
train_2694_a_2.nii.gz,115,0,2c,category_best,exp007_cont_e050_abs_e150,pp3_fine20_corrected_routes,0.18427872541842563,True,141894,1054294,110216,944078,31678,False
train_2694_a_2.nii.gz,115,0,2c,iso07_best,exp017_cont_e050_abs_e150,raw,0.18292753514721558,True,141894,739209,80589,658620,61305,False
train_2694_a_2.nii.gz,115,0,2c,iso07_best,exp017_cont_e050_abs_e150,pp2_whole_lung20,0.18405912621740664,True,141894,733792,80589,653203,61305,False
train_2694_a_2.nii.gz,115,0,2c,iso07_best,exp017_cont_e050_abs_e150,pp3_fine20_corrected_routes,0.18405912621740664,True,141894,733792,80589,653203,61305,False
train_2694_a_2.nii.gz,115,1,1d,overall_best,exp007_cont_e050_abs_e150,raw,0.6548011415023289,True,503879,690337,390987,299350,112892,False
train_2694_a_2.nii.gz,115,1,1d,overall_best,exp007_cont_e050_abs_e150,pp2_whole_lung20,0.6548011415023289,True,503879,690337,390987,299350,112892,False
train_2694_a_2.nii.gz,115,1,1d,overall_best,exp007_cont_e050_abs_e150,pp3_fine20_corrected_routes,0.6548011415023289,True,503879,690337,390987,299350,112892,False
train_2694_a_2.nii.gz,115,1,1d,category_best,exp011_e4d4_clip_linear_e100,raw,0.6603916446696656,True,503879,696648,396409,300239,107470,False
train_2694_a_2.nii.gz,115,1,1d,category_best,exp011_e4d4_clip_linear_e100,pp2_whole_lung20,0.6603916446696656,True,503879,696648,396409,300239,107470,False
train_2694_a_2.nii.gz,115,1,1d,category_best,exp011_e4d4_clip_linear_e100,pp3_fine20_corrected_routes,0.6603916446696656,True,503879,696648,396409,300239,107470,False
train_2694_a_2.nii.gz,115,1,1d,iso07_best,exp017_cont_e050_abs_e150,raw,0.6561744483893676,True,503879,386241,292037,94204,211842,False
train_2694_a_2.nii.gz,115,1,1d,iso07_best,exp017_cont_e050_abs_e150,pp2_whole_lung20,0.6569730427724608,True,503879,385159,292037,93122,211842,False
train_2694_a_2.nii.gz,115,1,1d,iso07_best,exp017_cont_e050_abs_e150,pp3_fine20_corrected_routes,0.6561744483893676,True,503879,386241,292037,94204,211842,False
train_13119_c_1.nii.gz,116,0,1d,overall_best,exp007_cont_e050_abs_e150,raw,0.014886392384809934,False,118070,723907,6267,717640,111803,False
train_13119_c_1.nii.gz,116,0,1d,overall_best,exp007_cont_e050_abs_e150,pp2_whole_lung20,0.014897326825986414,False,118070,723289,6267,717022,111803,False
train_13119_c_1.nii.gz,116,0,1d,overall_best,exp007_cont_e050_abs_e150,pp3_fine20_corrected_routes,0.014897326825986414,False,118070,723289,6267,717022,111803,False
train_13119_c_1.nii.gz,116,0,1d,category_best,exp011_e4d4_clip_linear_e100,raw,0.014674941991637203,False,118070,926159,7662,918497,110408,False
train_13119_c_1.nii.gz,116,0,1d,category_best,exp011_e4d4_clip_linear_e100,pp2_whole_lung20,0.014724860165702987,False,118070,922619,7662,914957,110408,False
train_13119_c_1.nii.gz,116,0,1d,category_best,exp011_e4d4_clip_linear_e100,pp3_fine20_corrected_routes,0.014724860165702987,False,118070,922619,7662,914957,110408,False
train_13119_c_1.nii.gz,116,0,1d,iso07_best,exp017_cont_e050_abs_e150,raw,0.007545539159088831,False,118070,363274,1816,361458,116254,False
train_13119_c_1.nii.gz,116,0,1d,iso07_best,exp017_cont_e050_abs_e150,pp2_whole_lung20,0.007545539159088831,False,118070,363274,1816,361458,116254,False
train_13119_c_1.nii.gz,116,0,1d,iso07_best,exp017_cont_e050_abs_e150,pp3_fine20_corrected_routes,0.007545539159088831,False,118070,363274,1816,361458,116254,False
train_13119_c_1.nii.gz,116,1,2d,overall_best,exp007_cont_e050_abs_e150,raw,0.4220907300680026,True,1040,988,428,560,612,False
train_13119_c_1.nii.gz,116,1,2d,overall_best,exp007_cont_e050_abs_e150,pp2_whole_lung20,0.4220907300680026,True,1040,988,428,560,612,False
train_13119_c_1.nii.gz,116,1,2d,overall_best,exp007_cont_e050_abs_e150,pp3_fine20_corrected_routes,0.4220907300680026,True,1040,988,428,560,612,False
train_13119_c_1.nii.gz,116,1,2d,category_best,exp007_cont_e050_abs_e150,raw,0.4220907300680026,True,1040,988,428,560,612,False
train_13119_c_1.nii.gz,116,1,2d,category_best,exp007_cont_e050_abs_e150,pp2_whole_lung20,0.4220907300680026,True,1040,988,428,560,612,False
train_13119_c_1.nii.gz,116,1,2d,category_best,exp007_cont_e050_abs_e150,pp3_fine20_corrected_routes,0.4220907300680026,True,1040,988,428,560,612,False
train_13119_c_1.nii.gz,116,1,2d,iso07_best,exp017_cont_e050_abs_e150,raw,0.21339387104801708,True,1040,722,188,534,852,False
train_13119_c_1.nii.gz,116,1,2d,iso07_best,exp017_cont_e050_abs_e150,pp2_whole_lung20,0.25788751765576984,True,1040,418,188,230,852,False
train_13119_c_1.nii.gz,116,1,2d,iso07_best,exp017_cont_e050_abs_e150,pp3_fine20_corrected_routes,0.25788751765576984,True,1040,418,188,230,852,False
train_13119_c_1.nii.gz,116,2,2b,overall_best,exp007_cont_e050_abs_e150,raw,0.28453295374508997,True,42186,245141,40877,204264,1309,False
train_13119_c_1.nii.gz,116,2,2b,overall_best,exp007_cont_e050_abs_e150,pp2_whole_lung20,0.28453295374508997,True,42186,245141,40877,204264,1309,False
train_13119_c_1.nii.gz,116,2,2b,overall_best,exp007_cont_e050_abs_e150,pp3_fine20_corrected_routes,0.28453295374508997,True,42186,245141,40877,204264,1309,False
train_13119_c_1.nii.gz,116,2,2b,category_best,exp013_category_2all_focal_target100_e100,raw,0.2819045964934455,True,42186,234177,38954,195223,3232,False
train_13119_c_1.nii.gz,116,2,2b,category_best,exp013_category_2all_focal_target100_e100,pp2_whole_lung20,0.28288006971684804,True,42186,233224,38954,194270,3232,False
train_13119_c_1.nii.gz,116,2,2b,category_best,exp013_category_2all_focal_target100_e100,pp3_fine20_corrected_routes,0.28288006971684804,True,42186,233224,38954,194270,3232,False
train_13119_c_1.nii.gz,116,2,2b,iso07_best,exp017_cont_e050_abs_e150,raw,0.3312007153917112,True,42186,203834,40741,163093,1445,False
train_13119_c_1.nii.gz,116,2,2b,iso07_best,exp017_cont_e050_abs_e150,pp2_whole_lung20,0.3312007153917112,True,42186,203834,40741,163093,1445,False
train_13119_c_1.nii.gz,116,2,2b,iso07_best,exp017_cont_e050_abs_e150,pp3_fine20_corrected_routes,0.3312007153917112,True,42186,203834,40741,163093,1445,False
train_13119_c_1.nii.gz,116,3,2e,overall_best,exp007_cont_e050_abs_e150,raw,0.010751314441445127,False,5139,96616,547,96069,4592,False
train_13119_c_1.nii.gz,116,3,2e,overall_best,exp007_cont_e050_abs_e150,pp2_whole_lung20,0.010751314441445127,False,5139,96616,547,96069,4592,False
train_13119_c_1.nii.gz,116,3,2e,overall_best,exp007_cont_e050_abs_e150,pp3_fine20_corrected_routes,0.010751314441445127,False,5139,96616,547,96069,4592,False
train_13119_c_1.nii.gz,116,3,2e,category_best,exp007_cont_e100_abs_e200,raw,0.00822371873606009,False,5139,42528,196,42332,4943,False
train_13119_c_1.nii.gz,116,3,2e,category_best,exp007_cont_e100_abs_e200,pp2_whole_lung20,0.00822371873606009,False,5139,42528,196,42332,4943,False
train_13119_c_1.nii.gz,116,3,2e,category_best,exp007_cont_e100_abs_e200,pp3_fine20_corrected_routes,0.00822371873606009,False,5139,42528,196,42332,4943,False
train_13119_c_1.nii.gz,116,3,2e,iso07_best,exp017_cont_e050_abs_e150,raw,0.005172844916193874,False,5139,122837,331,122506,4808,False
train_13119_c_1.nii.gz,116,3,2e,iso07_best,exp017_cont_e050_abs_e150,pp2_whole_lung20,0.005172844916193874,False,5139,122837,331,122506,4808,False
train_13119_c_1.nii.gz,116,3,2e,iso07_best,exp017_cont_e050_abs_e150,pp3_fine20_corrected_routes,0.005172844916193874,False,5139,122837,331,122506,4808,False
train_13075_a_2.nii.gz,117,0,2b,overall_best,exp007_cont_e050_abs_e150,raw,0.3986856199921927,True,54570,83594,27542,56052,27028,False
train_13075_a_2.nii.gz,117,0,2b,overall_best,exp007_cont_e050_abs_e150,pp2_whole_lung20,0.3986856199921927,True,54570,83594,27542,56052,27028,False
train_13075_a_2.nii.gz,117,0,2b,overall_best,exp007_cont_e050_abs_e150,pp3_fine20_corrected_routes,0.3986856199921927,True,54570,83594,27542,56052,27028,False
train_13075_a_2.nii.gz,117,0,2b,category_best,exp013_category_2all_focal_target100_e100,raw,0.49295401403357014,True,54570,73730,31623,42107,22947,False
train_13075_a_2.nii.gz,117,0,2b,category_best,exp013_category_2all_focal_target100_e100,pp2_whole_lung20,0.49295401403357014,True,54570,73730,31623,42107,22947,False
train_13075_a_2.nii.gz,117,0,2b,category_best,exp013_category_2all_focal_target100_e100,pp3_fine20_corrected_routes,0.49295401403357014,True,54570,73730,31623,42107,22947,False
train_13075_a_2.nii.gz,117,0,2b,iso07_best,exp017_cont_e050_abs_e150,raw,0.462119485102645,True,54570,77028,30407,46621,24163,False
train_13075_a_2.nii.gz,117,0,2b,iso07_best,exp017_cont_e050_abs_e150,pp2_whole_lung20,0.462119485102645,True,54570,77028,30407,46621,24163,False
train_13075_a_2.nii.gz,117,0,2b,iso07_best,exp017_cont_e050_abs_e150,pp3_fine20_corrected_routes,0.462119485102645,True,54570,77028,30407,46621,24163,False
train_18410_b_2.nii.gz,118,0,2a,overall_best,exp007_cont_e050_abs_e150,raw,0.42667960225919577,True,13776,6839,4398,2441,9378,False
train_18410_b_2.nii.gz,118,0,2a,overall_best,exp007_cont_e050_abs_e150,pp2_whole_lung20,0.42667960225919577,True,13776,6839,4398,2441,9378,False
train_18410_b_2.nii.gz,118,0,2a,overall_best,exp007_cont_e050_abs_e150,pp3_fine20_corrected_routes,0.42667960225919577,True,13776,6839,4398,2441,9378,False
train_18410_b_2.nii.gz,118,0,2a,category_best,exp009_s3v2_e100,raw,0.50466123469483,True,13776,13470,6875,6595,6901,False
train_18410_b_2.nii.gz,118,0,2a,category_best,exp009_s3v2_e100,pp2_whole_lung20,0.50466123469483,True,13776,13470,6875,6595,6901,False
train_18410_b_2.nii.gz,118,0,2a,category_best,exp009_s3v2_e100,pp3_fine20_corrected_routes,0.50466123469483,True,13776,13470,6875,6595,6901,False
train_18410_b_2.nii.gz,118,0,2a,iso07_best,exp017_cont_e050_abs_e150,raw,0.4656079855051902,True,13776,8264,5131,3133,8645,False
train_18410_b_2.nii.gz,118,0,2a,iso07_best,exp017_cont_e050_abs_e150,pp2_whole_lung20,0.4656079855051902,True,13776,8264,5131,3133,8645,False
train_18410_b_2.nii.gz,118,0,2a,iso07_best,exp017_cont_e050_abs_e150,pp3_fine20_corrected_routes,0.4656079855051902,True,13776,8264,5131,3133,8645,False
train_2603_a_1.nii.gz,119,0,2d,overall_best,exp007_cont_e050_abs_e150,raw,0.2857142869586859,True,343,231,82,149,261,False
train_2603_a_1.nii.gz,119,0,2d,overall_best,exp007_cont_e050_abs_e150,pp2_whole_lung20,0.2857142869586859,True,343,231,82,149,261,False
train_2603_a_1.nii.gz,119,0,2d,overall_best,exp007_cont_e050_abs_e150,pp3_fine20_corrected_routes,0.2857142869586859,True,343,231,82,149,261,False
train_2603_a_1.nii.gz,119,0,2d,category_best,exp007_cont_e050_abs_e150,raw,0.2857142869586859,True,343,231,82,149,261,False
train_2603_a_1.nii.gz,119,0,2d,category_best,exp007_cont_e050_abs_e150,pp2_whole_lung20,0.2857142869586859,True,343,231,82,149,261,False
train_2603_a_1.nii.gz,119,0,2d,category_best,exp007_cont_e050_abs_e150,pp3_fine20_corrected_routes,0.2857142869586859,True,343,231,82,149,261,False
train_2603_a_1.nii.gz,119,0,2d,iso07_best,exp017_cont_e050_abs_e150,raw,0.3223684217956487,True,343,569,147,422,196,False
train_2603_a_1.nii.gz,119,0,2d,iso07_best,exp017_cont_e050_abs_e150,pp2_whole_lung20,0.3223684217956487,True,343,569,147,422,196,False
train_2603_a_1.nii.gz,119,0,2d,iso07_best,exp017_cont_e050_abs_e150,pp3_fine20_corrected_routes,0.3223684217956487,True,343,569,147,422,196,False
train_19722_a_1.nii.gz,120,0,2a,overall_best,exp007_cont_e050_abs_e150,raw,0.2609361368906843,True,43279,12888,7328,5560,35951,True
train_19722_a_1.nii.gz,120,0,2a,overall_best,exp007_cont_e050_abs_e150,pp2_whole_lung20,0.2609361368906843,True,43279,12888,7328,5560,35951,True
train_19722_a_1.nii.gz,120,0,2a,overall_best,exp007_cont_e050_abs_e150,pp3_fine20_corrected_routes,0.2609361368906843,True,43279,12888,7328,5560,35951,True
train_19722_a_1.nii.gz,120,0,2a,category_best,exp009_s3v2_e100,raw,0.3970931570912319,True,43279,17543,12076,5467,31203,True
train_19722_a_1.nii.gz,120,0,2a,category_best,exp009_s3v2_e100,pp2_whole_lung20,0.3970931570912319,True,43279,17543,12076,5467,31203,True
train_19722_a_1.nii.gz,120,0,2a,category_best,exp009_s3v2_e100,pp3_fine20_corrected_routes,0.3970931570912319,True,43279,17543,12076,5467,31203,True
train_19722_a_1.nii.gz,120,0,2a,iso07_best,exp017_cont_e050_abs_e150,raw,0.20521799362748264,True,43279,8695,5333,3362,37946,True
train_19722_a_1.nii.gz,120,0,2a,iso07_best,exp017_cont_e050_abs_e150,pp2_whole_lung20,0.20521799362748264,True,43279,8695,5333,3362,37946,True
train_19722_a_1.nii.gz,120,0,2a,iso07_best,exp017_cont_e050_abs_e150,pp3_fine20_corrected_routes,0.20521799362748264,True,43279,8695,5333,3362,37946,True
train_13252_b_2.nii.gz,121,0,1b,overall_best,exp007_cont_e050_abs_e150,raw,0.504072878008849,True,68694,138776,52290,86486,16404,False
train_13252_b_2.nii.gz,121,0,1b,overall_best,exp007_cont_e050_abs_e150,pp2_whole_lung20,0.506457846031069,True,68694,137799,52290,85509,16404,False
train_13252_b_2.nii.gz,121,0,1b,overall_best,exp007_cont_e050_abs_e150,pp3_fine20_corrected_routes,0.5212164708017044,True,68694,131952,52290,79662,16404,False
train_13252_b_2.nii.gz,121,0,1b,category_best,exp012_r02_category_2d_replay50_e100,raw,0.6009895086321413,True,68694,117459,55938,61521,12756,False
train_13252_b_2.nii.gz,121,0,1b,category_best,exp012_r02_category_2d_replay50_e100,pp2_whole_lung20,0.6177683782745281,True,68694,112403,55938,56465,12756,False
train_13252_b_2.nii.gz,121,0,1b,category_best,exp012_r02_category_2d_replay50_e100,pp3_fine20_corrected_routes,0.6295531408462831,True,68694,109013,55938,53075,12756,False
train_13252_b_2.nii.gz,121,0,1b,iso07_best,exp017_cont_e050_abs_e150,raw,0.412384047373438,True,68694,159632,47079,112553,21615,False
train_13252_b_2.nii.gz,121,0,1b,iso07_best,exp017_cont_e050_abs_e150,pp2_whole_lung20,0.412384047373438,True,68694,159632,47079,112553,21615,False
train_13252_b_2.nii.gz,121,0,1b,iso07_best,exp017_cont_e050_abs_e150,pp3_fine20_corrected_routes,0.487519222109241,True,68694,124443,47079,77364,21615,False
train_13252_b_2.nii.gz,121,1,1b,overall_best,exp007_cont_e050_abs_e150,raw,0.1752983363827039,True,41909,26135,5964,20171,35945,False
train_13252_b_2.nii.gz,121,1,1b,overall_best,exp007_cont_e050_abs_e150,pp2_whole_lung20,0.1752983363827039,True,41909,26135,5964,20171,35945,False
train_13252_b_2.nii.gz,121,1,1b,overall_best,exp007_cont_e050_abs_e150,pp3_fine20_corrected_routes,0.1752983363827039,True,41909,26135,5964,20171,35945,False
train_13252_b_2.nii.gz,121,1,1b,category_best,exp012_r02_category_2d_replay50_e100,raw,0.19868827374829554,True,41909,138464,17919,120545,23990,False
train_13252_b_2.nii.gz,121,1,1b,category_best,exp012_r02_category_2d_replay50_e100,pp2_whole_lung20,0.19868937529550768,True,41909,138463,17919,120544,23990,False
train_13252_b_2.nii.gz,121,1,1b,category_best,exp012_r02_category_2d_replay50_e100,pp3_fine20_corrected_routes,0.19868827374829554,True,41909,138464,17919,120545,23990,False
train_13252_b_2.nii.gz,121,1,1b,iso07_best,exp017_cont_e050_abs_e150,raw,0.2433853541507397,True,41909,41391,10137,31254,31772,False
train_13252_b_2.nii.gz,121,1,1b,iso07_best,exp017_cont_e050_abs_e150,pp2_whole_lung20,0.2433853541507397,True,41909,41391,10137,31254,31772,False
train_13252_b_2.nii.gz,121,1,1b,iso07_best,exp017_cont_e050_abs_e150,pp3_fine20_corrected_routes,0.2433853541507397,True,41909,41391,10137,31254,31772,False
train_13252_b_2.nii.gz,121,2,1a,overall_best,exp007_cont_e050_abs_e150,raw,0.03433063573405733,False,3942,164479,2891,161588,1051,False
train_13252_b_2.nii.gz,121,2,1a,overall_best,exp007_cont_e050_abs_e150,pp2_whole_lung20,0.034331858806909525,False,3942,164473,2891,161582,1051,False
train_13252_b_2.nii.gz,121,2,1a,overall_best,exp007_cont_e050_abs_e150,pp3_fine20_corrected_routes,0.03433063573405733,False,3942,164479,2891,161588,1051,False
train_13252_b_2.nii.gz,121,2,1a,category_best,exp017_cont_e025_abs_e125,raw,0.05852742555050704,False,3942,84461,2587,81874,1355,False
train_13252_b_2.nii.gz,121,2,1a,category_best,exp017_cont_e025_abs_e125,pp2_whole_lung20,0.05852742555050704,False,3942,84461,2587,81874,1355,False
train_13252_b_2.nii.gz,121,2,1a,category_best,exp017_cont_e025_abs_e125,pp3_fine20_corrected_routes,0.05852742555050704,False,3942,84461,2587,81874,1355,False
train_13252_b_2.nii.gz,121,2,1a,iso07_best,exp017_cont_e050_abs_e150,raw,0.03725706298864777,False,3942,144862,2772,142090,1170,False
train_13252_b_2.nii.gz,121,2,1a,iso07_best,exp017_cont_e050_abs_e150,pp2_whole_lung20,0.03725706298864777,False,3942,144862,2772,142090,1170,False
train_13252_b_2.nii.gz,121,2,1a,iso07_best,exp017_cont_e050_abs_e150,pp3_fine20_corrected_routes,0.03725706298864777,False,3942,144862,2772,142090,1170,False
train_13252_b_2.nii.gz,121,3,1d,overall_best,exp007_cont_e050_abs_e150,raw,0.0032226228188333927,False,19452,129495,240,129255,19212,False
train_13252_b_2.nii.gz,121,3,1d,overall_best,exp007_cont_e050_abs_e150,pp2_whole_lung20,0.0032226228188333927,False,19452,129495,240,129255,19212,False
train_13252_b_2.nii.gz,121,3,1d,overall_best,exp007_cont_e050_abs_e150,pp3_fine20_corrected_routes,0.0032226228188333927,False,19452,129495,240,129255,19212,False
train_13252_b_2.nii.gz,121,3,1d,category_best,exp011_e4d4_clip_linear_e100,raw,0.0834828918959428,False,19452,220142,10001,210141,9451,False
train_13252_b_2.nii.gz,121,3,1d,category_best,exp011_e4d4_clip_linear_e100,pp2_whole_lung20,0.0834828918959428,False,19452,220142,10001,210141,9451,False
train_13252_b_2.nii.gz,121,3,1d,category_best,exp011_e4d4_clip_linear_e100,pp3_fine20_corrected_routes,0.0834828918959428,False,19452,220142,10001,210141,9451,False
train_13252_b_2.nii.gz,121,3,1d,iso07_best,exp017_cont_e050_abs_e150,raw,0.04927785046069401,False,19452,247321,6573,240748,12879,False
train_13252_b_2.nii.gz,121,3,1d,iso07_best,exp017_cont_e050_abs_e150,pp2_whole_lung20,0.04927785046069401,False,19452,247321,6573,240748,12879,False
train_13252_b_2.nii.gz,121,3,1d,iso07_best,exp017_cont_e050_abs_e150,pp3_fine20_corrected_routes,0.04927785046069401,False,19452,247321,6573,240748,12879,False
train_13252_b_2.nii.gz,121,4,2d,overall_best,exp007_cont_e050_abs_e150,raw,0.19986675576286916,True,2023,979,300,679,1723,False
train_13252_b_2.nii.gz,121,4,2d,overall_best,exp007_cont_e050_abs_e150,pp2_whole_lung20,0.19986675576286916,True,2023,979,300,679,1723,False
train_13252_b_2.nii.gz,121,4,2d,overall_best,exp007_cont_e050_abs_e150,pp3_fine20_corrected_routes,0.19986675576286916,True,2023,979,300,679,1723,False
train_13252_b_2.nii.gz,121,4,2d,category_best,exp007_cont_e050_abs_e150,raw,0.19986675576286916,True,2023,979,300,679,1723,False
train_13252_b_2.nii.gz,121,4,2d,category_best,exp007_cont_e050_abs_e150,pp2_whole_lung20,0.19986675576286916,True,2023,979,300,679,1723,False
train_13252_b_2.nii.gz,121,4,2d,category_best,exp007_cont_e050_abs_e150,pp3_fine20_corrected_routes,0.19986675576286916,True,2023,979,300,679,1723,False
train_13252_b_2.nii.gz,121,4,2d,iso07_best,exp017_cont_e050_abs_e150,raw,0.18047337308414446,True,2023,681,244,437,1779,False
train_13252_b_2.nii.gz,121,4,2d,iso07_best,exp017_cont_e050_abs_e150,pp2_whole_lung20,0.18047337308414446,True,2023,681,244,437,1779,False
train_13252_b_2.nii.gz,121,4,2d,iso07_best,exp017_cont_e050_abs_e150,pp3_fine20_corrected_routes,0.18047337308414446,True,2023,681,244,437,1779,False
train_2455_a_1.nii.gz,122,0,2d,overall_best,exp007_cont_e050_abs_e150,raw,0.2921348394142153,True,74,15,13,2,61,False
train_2455_a_1.nii.gz,122,0,2d,overall_best,exp007_cont_e050_abs_e150,pp2_whole_lung20,0.2921348394142153,True,74,15,13,2,61,False
train_2455_a_1.nii.gz,122,0,2d,overall_best,exp007_cont_e050_abs_e150,pp3_fine20_corrected_routes,0.2921348394142153,True,74,15,13,2,61,False
train_2455_a_1.nii.gz,122,0,2d,category_best,exp007_cont_e050_abs_e150,raw,0.2921348394142153,True,74,15,13,2,61,False
train_2455_a_1.nii.gz,122,0,2d,category_best,exp007_cont_e050_abs_e150,pp2_whole_lung20,0.2921348394142153,True,74,15,13,2,61,False
train_2455_a_1.nii.gz,122,0,2d,category_best,exp007_cont_e050_abs_e150,pp3_fine20_corrected_routes,0.2921348394142153,True,74,15,13,2,61,False
train_2455_a_1.nii.gz,122,0,2d,iso07_best,exp017_cont_e050_abs_e150,raw,0.6380952398185941,True,74,136,67,69,7,False
train_2455_a_1.nii.gz,122,0,2d,iso07_best,exp017_cont_e050_abs_e150,pp2_whole_lung20,0.6380952398185941,True,74,136,67,69,7,False
train_2455_a_1.nii.gz,122,0,2d,iso07_best,exp017_cont_e050_abs_e150,pp3_fine20_corrected_routes,0.6380952398185941,True,74,136,67,69,7,False
train_3020_a_2.nii.gz,123,0,2a,overall_best,exp007_cont_e050_abs_e150,raw,0.32407874819231713,True,2141,5783,1284,4499,857,True
train_3020_a_2.nii.gz,123,0,2a,overall_best,exp007_cont_e050_abs_e150,pp2_whole_lung20,0.35308675933547545,True,2141,5132,1284,3848,857,True
train_3020_a_2.nii.gz,123,0,2a,overall_best,exp007_cont_e050_abs_e150,pp3_fine20_corrected_routes,0.35308675933547545,True,2141,5132,1284,3848,857,True
train_3020_a_2.nii.gz,123,0,2a,category_best,exp009_s3v2_e100,raw,0.354261749185363,True,2141,5966,1436,4530,705,True
train_3020_a_2.nii.gz,123,0,2a,category_best,exp009_s3v2_e100,pp2_whole_lung20,0.354261749185363,True,2141,5966,1436,4530,705,True
train_3020_a_2.nii.gz,123,0,2a,category_best,exp009_s3v2_e100,pp3_fine20_corrected_routes,0.354261749185363,True,2141,5966,1436,4530,705,True
train_3020_a_2.nii.gz,123,0,2a,iso07_best,exp017_cont_e050_abs_e150,raw,0.34630541879971605,True,2141,5979,1406,4573,735,True
train_3020_a_2.nii.gz,123,0,2a,iso07_best,exp017_cont_e050_abs_e150,pp2_whole_lung20,0.34630541879971605,True,2141,5979,1406,4573,735,True
train_3020_a_2.nii.gz,123,0,2a,iso07_best,exp017_cont_e050_abs_e150,pp3_fine20_corrected_routes,0.34630541879971605,True,2141,5979,1406,4573,735,True
train_3020_a_2.nii.gz,123,1,1b,overall_best,exp007_cont_e050_abs_e150,raw,0.007335815809556981,False,266,71437,263,71174,3,False
train_3020_a_2.nii.gz,123,1,1b,overall_best,exp007_cont_e050_abs_e150,pp2_whole_lung20,0.007685564012161228,False,266,68174,263,67911,3,False
train_3020_a_2.nii.gz,123,1,1b,overall_best,exp007_cont_e050_abs_e150,pp3_fine20_corrected_routes,0.00942905800825618,False,266,55519,263,55256,3,False
train_3020_a_2.nii.gz,123,1,1b,category_best,exp012_r02_category_2d_replay50_e100,raw,0.020014072432960123,False,266,25316,256,25060,10,False
train_3020_a_2.nii.gz,123,1,1b,category_best,exp012_r02_category_2d_replay50_e100,pp2_whole_lung20,0.020192459417092898,False,266,25090,256,24834,10,False
train_3020_a_2.nii.gz,123,1,1b,category_best,exp012_r02_category_2d_replay50_e100,pp3_fine20_corrected_routes,0.022603858592441663,False,266,22385,256,22129,10,False
train_3020_a_2.nii.gz,123,1,1b,iso07_best,exp017_cont_e050_abs_e150,raw,0.023592339699909627,False,266,20673,247,20426,19,False
train_3020_a_2.nii.gz,123,1,1b,iso07_best,exp017_cont_e050_abs_e150,pp2_whole_lung20,0.024639632948045307,False,266,19783,247,19536,19,False
train_3020_a_2.nii.gz,123,1,1b,iso07_best,exp017_cont_e050_abs_e150,pp3_fine20_corrected_routes,0.03603997964280733,False,266,13441,247,13194,19,False
train_18442_a_1.nii.gz,124,0,2c,overall_best,exp007_cont_e050_abs_e150,raw,0.5832267962690838,True,2857,4965,2281,2684,576,False
train_18442_a_1.nii.gz,124,0,2c,overall_best,exp007_cont_e050_abs_e150,pp2_whole_lung20,0.5832267962690838,True,2857,4965,2281,2684,576,False
train_18442_a_1.nii.gz,124,0,2c,overall_best,exp007_cont_e050_abs_e150,pp3_fine20_corrected_routes,0.5832267962690838,True,2857,4965,2281,2684,576,False
train_18442_a_1.nii.gz,124,0,2c,category_best,exp007_cont_e050_abs_e150,raw,0.5832267962690838,True,2857,4965,2281,2684,576,False
train_18442_a_1.nii.gz,124,0,2c,category_best,exp007_cont_e050_abs_e150,pp2_whole_lung20,0.5832267962690838,True,2857,4965,2281,2684,576,False
train_18442_a_1.nii.gz,124,0,2c,category_best,exp007_cont_e050_abs_e150,pp3_fine20_corrected_routes,0.5832267962690838,True,2857,4965,2281,2684,576,False
train_18442_a_1.nii.gz,124,0,2c,iso07_best,exp017_cont_e050_abs_e150,raw,0.43175752960048064,True,2857,7635,2265,5370,592,False
train_18442_a_1.nii.gz,124,0,2c,iso07_best,exp017_cont_e050_abs_e150,pp2_whole_lung20,0.43175752960048064,True,2857,7635,2265,5370,592,False
train_18442_a_1.nii.gz,124,0,2c,iso07_best,exp017_cont_e050_abs_e150,pp3_fine20_corrected_routes,0.43175752960048064,True,2857,7635,2265,5370,592,False
train_18442_a_1.nii.gz,124,1,2b,overall_best,exp007_cont_e050_abs_e150,raw,0.06710940263295721,False,714,2147,96,2051,618,False
train_18442_a_1.nii.gz,124,1,2b,overall_best,exp007_cont_e050_abs_e150,pp2_whole_lung20,0.06710940263295721,False,714,2147,96,2051,618,False
train_18442_a_1.nii.gz,124,1,2b,overall_best,exp007_cont_e050_abs_e150,pp3_fine20_corrected_routes,0.06710940263295721,False,714,2147,96,2051,618,False
train_18442_a_1.nii.gz,124,1,2b,category_best,exp013_category_2all_focal_target100_e100,raw,0.08039165187312763,False,714,3167,156,3011,558,False
train_18442_a_1.nii.gz,124,1,2b,category_best,exp013_category_2all_focal_target100_e100,pp2_whole_lung20,0.08106001582721226,False,714,3135,156,2979,558,False
train_18442_a_1.nii.gz,124,1,2b,category_best,exp013_category_2all_focal_target100_e100,pp3_fine20_corrected_routes,0.08106001582721226,False,714,3135,156,2979,558,False
train_18442_a_1.nii.gz,124,1,2b,iso07_best,exp017_cont_e050_abs_e150,raw,0.039106145634833944,False,714,1792,49,1743,665,False
train_18442_a_1.nii.gz,124,1,2b,iso07_best,exp017_cont_e050_abs_e150,pp2_whole_lung20,0.039106145634833944,False,714,1792,49,1743,665,False
train_18442_a_1.nii.gz,124,1,2b,iso07_best,exp017_cont_e050_abs_e150,pp3_fine20_corrected_routes,0.039106145634833944,False,714,1792,49,1743,665,False
train_13577_a_2.nii.gz,125,0,2c,overall_best,exp007_cont_e050_abs_e150,raw,0.27801268518022926,True,533,3251,526,2725,7,False
train_13577_a_2.nii.gz,125,0,2c,overall_best,exp007_cont_e050_abs_e150,pp2_whole_lung20,0.27801268518022926,True,533,3251,526,2725,7,False
train_13577_a_2.nii.gz,125,0,2c,overall_best,exp007_cont_e050_abs_e150,pp3_fine20_corrected_routes,0.27801268518022926,True,533,3251,526,2725,7,False
train_13577_a_2.nii.gz,125,0,2c,category_best,exp007_cont_e050_abs_e150,raw,0.27801268518022926,True,533,3251,526,2725,7,False
train_13577_a_2.nii.gz,125,0,2c,category_best,exp007_cont_e050_abs_e150,pp2_whole_lung20,0.27801268518022926,True,533,3251,526,2725,7,False
train_13577_a_2.nii.gz,125,0,2c,category_best,exp007_cont_e050_abs_e150,pp3_fine20_corrected_routes,0.27801268518022926,True,533,3251,526,2725,7,False
train_13577_a_2.nii.gz,125,0,2c,iso07_best,exp017_cont_e050_abs_e150,raw,0.23251748268520162,True,533,4043,532,3511,1,False
train_13577_a_2.nii.gz,125,0,2c,iso07_best,exp017_cont_e050_abs_e150,pp2_whole_lung20,0.23251748268520162,True,533,4043,532,3511,1,False
train_13577_a_2.nii.gz,125,0,2c,iso07_best,exp017_cont_e050_abs_e150,pp3_fine20_corrected_routes,0.23251748268520162,True,533,4043,532,3511,1,False
train_18399_a_2.nii.gz,126,0,2d,overall_best,exp007_cont_e050_abs_e150,raw,0.35146443785998144,True,197,42,42,0,155,False
train_18399_a_2.nii.gz,126,0,2d,overall_best,exp007_cont_e050_abs_e150,pp2_whole_lung20,0.35146443785998144,True,197,42,42,0,155,False
train_18399_a_2.nii.gz,126,0,2d,overall_best,exp007_cont_e050_abs_e150,pp3_fine20_corrected_routes,0.35146443785998144,True,197,42,42,0,155,False
train_18399_a_2.nii.gz,126,0,2d,category_best,exp007_cont_e050_abs_e150,raw,0.35146443785998144,True,197,42,42,0,155,False
train_18399_a_2.nii.gz,126,0,2d,category_best,exp007_cont_e050_abs_e150,pp2_whole_lung20,0.35146443785998144,True,197,42,42,0,155,False
train_18399_a_2.nii.gz,126,0,2d,category_best,exp007_cont_e050_abs_e150,pp3_fine20_corrected_routes,0.35146443785998144,True,197,42,42,0,155,False
train_18399_a_2.nii.gz,126,0,2d,iso07_best,exp017_cont_e050_abs_e150,raw,0.4503816814870928,True,197,65,59,6,138,False
train_18399_a_2.nii.gz,126,0,2d,iso07_best,exp017_cont_e050_abs_e150,pp2_whole_lung20,0.4503816814870928,True,197,65,59,6,138,False
train_18399_a_2.nii.gz,126,0,2d,iso07_best,exp017_cont_e050_abs_e150,pp3_fine20_corrected_routes,0.4503816814870928,True,197,65,59,6,138,False
train_13444_a_2.nii.gz,127,0,2d,overall_best,exp007_cont_e050_abs_e150,raw,0.601398602095457,True,196,376,172,204,24,False
train_13444_a_2.nii.gz,127,0,2d,overall_best,exp007_cont_e050_abs_e150,pp2_whole_lung20,0.601398602095457,True,196,376,172,204,24,False
train_13444_a_2.nii.gz,127,0,2d,overall_best,exp007_cont_e050_abs_e150,pp3_fine20_corrected_routes,0.601398602095457,True,196,376,172,204,24,False
train_13444_a_2.nii.gz,127,0,2d,category_best,exp007_cont_e050_abs_e150,raw,0.601398602095457,True,196,376,172,204,24,False
train_13444_a_2.nii.gz,127,0,2d,category_best,exp007_cont_e050_abs_e150,pp2_whole_lung20,0.601398602095457,True,196,376,172,204,24,False
train_13444_a_2.nii.gz,127,0,2d,category_best,exp007_cont_e050_abs_e150,pp3_fine20_corrected_routes,0.601398602095457,True,196,376,172,204,24,False
train_13444_a_2.nii.gz,127,0,2d,iso07_best,exp017_cont_e050_abs_e150,raw,0.5311203329229869,True,196,286,128,158,68,False
train_13444_a_2.nii.gz,127,0,2d,iso07_best,exp017_cont_e050_abs_e150,pp2_whole_lung20,0.5423728823254812,True,196,276,128,148,68,False
train_13444_a_2.nii.gz,127,0,2d,iso07_best,exp017_cont_e050_abs_e150,pp3_fine20_corrected_routes,0.5423728823254812,True,196,276,128,148,68,False
train_2594_a_2.nii.gz,128,0,1b,overall_best,exp007_cont_e050_abs_e150,raw,0.5787745852883592,True,28723,40119,19922,20197,8801,False
train_2594_a_2.nii.gz,128,0,1b,overall_best,exp007_cont_e050_abs_e150,pp2_whole_lung20,0.5787745852883592,True,28723,40119,19922,20197,8801,False
train_2594_a_2.nii.gz,128,0,1b,overall_best,exp007_cont_e050_abs_e150,pp3_fine20_corrected_routes,0.5787745852883592,True,28723,40119,19922,20197,8801,False
train_2594_a_2.nii.gz,128,0,1b,category_best,exp012_r02_category_2d_replay50_e100,raw,0.5568538444357087,True,28723,42653,19873,22780,8850,False
train_2594_a_2.nii.gz,128,0,1b,category_best,exp012_r02_category_2d_replay50_e100,pp2_whole_lung20,0.5568538444357087,True,28723,42653,19873,22780,8850,False
train_2594_a_2.nii.gz,128,0,1b,category_best,exp012_r02_category_2d_replay50_e100,pp3_fine20_corrected_routes,0.5570645699371111,True,28723,42626,19873,22753,8850,False
train_2594_a_2.nii.gz,128,0,1b,iso07_best,exp017_cont_e050_abs_e150,raw,0.43741123961376727,True,28723,20567,10780,9787,17943,False
train_2594_a_2.nii.gz,128,0,1b,iso07_best,exp017_cont_e050_abs_e150,pp2_whole_lung20,0.43741123961376727,True,28723,20567,10780,9787,17943,False
train_2594_a_2.nii.gz,128,0,1b,iso07_best,exp017_cont_e050_abs_e150,pp3_fine20_corrected_routes,0.4447378192284183,True,28723,19755,10780,8975,17943,False
train_2594_a_2.nii.gz,128,1,1e,overall_best,exp007_cont_e050_abs_e150,raw,0.036339610493445786,False,601,2426,55,2371,546,False
train_2594_a_2.nii.gz,128,1,1e,overall_best,exp007_cont_e050_abs_e150,pp2_whole_lung20,0.036339610493445786,False,601,2426,55,2371,546,False
train_2594_a_2.nii.gz,128,1,1e,overall_best,exp007_cont_e050_abs_e150,pp3_fine20_corrected_routes,0.040515654128723516,False,601,2114,55,2059,546,False
train_2594_a_2.nii.gz,128,1,1e,category_best,exp012_r02_category_2d_replay50_e100,raw,0.08550236020424783,False,601,6814,317,6497,284,False
train_2594_a_2.nii.gz,128,1,1e,category_best,exp012_r02_category_2d_replay50_e100,pp2_whole_lung20,0.08550236020424783,False,601,6814,317,6497,284,False
train_2594_a_2.nii.gz,128,1,1e,category_best,exp012_r02_category_2d_replay50_e100,pp3_fine20_corrected_routes,0.08702814013904898,False,601,6684,317,6367,284,False
train_2594_a_2.nii.gz,128,1,1e,iso07_best,exp017_cont_e050_abs_e150,raw,1.314060445053797e-09,False,601,160,0,160,601,False
train_2594_a_2.nii.gz,128,1,1e,iso07_best,exp017_cont_e050_abs_e150,pp2_whole_lung20,1.314060445053797e-09,False,601,160,0,160,601,False
train_2594_a_2.nii.gz,128,1,1e,iso07_best,exp017_cont_e050_abs_e150,pp3_fine20_corrected_routes,1.663893508046766e-09,False,601,0,0,0,601,False
train_2594_a_2.nii.gz,128,2,1b,overall_best,exp007_cont_e050_abs_e150,raw,0.044324769947366144,False,13937,359669,8280,351389,5657,False
train_2594_a_2.nii.gz,128,2,1b,overall_best,exp007_cont_e050_abs_e150,pp2_whole_lung20,0.044324769947366144,False,13937,359669,8280,351389,5657,False
train_2594_a_2.nii.gz,128,2,1b,overall_best,exp007_cont_e050_abs_e150,pp3_fine20_corrected_routes,0.044324769947366144,False,13937,359669,8280,351389,5657,False
train_2594_a_2.nii.gz,128,2,1b,category_best,exp012_r02_category_2d_replay50_e100,raw,0.057628938506342195,False,13937,202135,6226,195909,7711,False
train_2594_a_2.nii.gz,128,2,1b,category_best,exp012_r02_category_2d_replay50_e100,pp2_whole_lung20,0.057628938506342195,False,13937,202135,6226,195909,7711,False
train_2594_a_2.nii.gz,128,2,1b,category_best,exp012_r02_category_2d_replay50_e100,pp3_fine20_corrected_routes,0.057628938506342195,False,13937,202135,6226,195909,7711,False
train_2594_a_2.nii.gz,128,2,1b,iso07_best,exp017_cont_e050_abs_e150,raw,0.030335589456613958,False,13937,424426,6649,417777,7288,False
train_2594_a_2.nii.gz,128,2,1b,iso07_best,exp017_cont_e050_abs_e150,pp2_whole_lung20,0.030335589456613958,False,13937,424426,6649,417777,7288,False
train_2594_a_2.nii.gz,128,2,1b,iso07_best,exp017_cont_e050_abs_e150,pp3_fine20_corrected_routes,0.030335589456613958,False,13937,424426,6649,417777,7288,False
train_2594_a_2.nii.gz,128,3,2d,overall_best,exp007_cont_e050_abs_e150,raw,0.264884569097883,True,782,864,218,646,564,False
train_2594_a_2.nii.gz,128,3,2d,overall_best,exp007_cont_e050_abs_e150,pp2_whole_lung20,0.264884569097883,True,782,864,218,646,564,False
train_2594_a_2.nii.gz,128,3,2d,overall_best,exp007_cont_e050_abs_e150,pp3_fine20_corrected_routes,0.264884569097883,True,782,864,218,646,564,False
train_2594_a_2.nii.gz,128,3,2d,category_best,exp007_cont_e050_abs_e150,raw,0.264884569097883,True,782,864,218,646,564,False
train_2594_a_2.nii.gz,128,3,2d,category_best,exp007_cont_e050_abs_e150,pp2_whole_lung20,0.264884569097883,True,782,864,218,646,564,False
train_2594_a_2.nii.gz,128,3,2d,category_best,exp007_cont_e050_abs_e150,pp3_fine20_corrected_routes,0.264884569097883,True,782,864,218,646,564,False
train_2594_a_2.nii.gz,128,3,2d,iso07_best,exp017_cont_e050_abs_e150,raw,0.1322033905659293,True,782,398,78,320,704,False
train_2594_a_2.nii.gz,128,3,2d,iso07_best,exp017_cont_e050_abs_e150,pp2_whole_lung20,0.1322033905659293,True,782,398,78,320,704,False
train_2594_a_2.nii.gz,128,3,2d,iso07_best,exp017_cont_e050_abs_e150,pp3_fine20_corrected_routes,0.1322033905659293,True,782,398,78,320,704,False
train_2594_a_2.nii.gz,128,4,1c,overall_best,exp007_cont_e050_abs_e150,raw,0.0007356557171214445,False,18795,231322,92,231230,18703,False
train_2594_a_2.nii.gz,128,4,1c,overall_best,exp007_cont_e050_abs_e150,pp2_whole_lung20,0.0007683859343582583,False,18795,220668,92,220576,18703,False
train_2594_a_2.nii.gz,128,4,1c,overall_best,exp007_cont_e050_abs_e150,pp3_fine20_corrected_routes,0.0007683859343582583,False,18795,220668,92,220576,18703,False
train_2594_a_2.nii.gz,128,4,1c,category_best,exp017_cont_e075_abs_e175,raw,7.847199334495917e-12,False,18795,108639,0,108639,18795,False
train_2594_a_2.nii.gz,128,4,1c,category_best,exp017_cont_e075_abs_e175,pp2_whole_lung20,7.847260913516536e-12,False,18795,108638,0,108638,18795,False
train_2594_a_2.nii.gz,128,4,1c,category_best,exp017_cont_e075_abs_e175,pp3_fine20_corrected_routes,7.847260913516536e-12,False,18795,108638,0,108638,18795,False
train_2594_a_2.nii.gz,128,4,1c,iso07_best,exp017_cont_e050_abs_e150,raw,0.0017513459464136728,False,18795,197039,189,196850,18606,False
train_2594_a_2.nii.gz,128,4,1c,iso07_best,exp017_cont_e050_abs_e150,pp2_whole_lung20,0.0017681398093319979,False,18795,194989,189,194800,18606,False
train_2594_a_2.nii.gz,128,4,1c,iso07_best,exp017_cont_e050_abs_e150,pp3_fine20_corrected_routes,0.0017681398093319979,False,18795,194989,189,194800,18606,False
train_18733_a_1.nii.gz,129,0,2b,overall_best,exp007_cont_e050_abs_e150,raw,0.6044066964173981,True,1582618,779242,713762,65480,868856,False
train_18733_a_1.nii.gz,129,0,2b,overall_best,exp007_cont_e050_abs_e150,pp2_whole_lung20,0.6044066964173981,True,1582618,779242,713762,65480,868856,False
train_18733_a_1.nii.gz,129,0,2b,overall_best,exp007_cont_e050_abs_e150,pp3_fine20_corrected_routes,0.6044066964173981,True,1582618,779242,713762,65480,868856,False
train_18733_a_1.nii.gz,129,0,2b,category_best,exp013_category_2all_focal_target100_e100,raw,0.5957990946960496,True,1582618,810390,712876,97514,869742,False
train_18733_a_1.nii.gz,129,0,2b,category_best,exp013_category_2all_focal_target100_e100,pp2_whole_lung20,0.5963019502383547,True,1582618,808372,712876,95496,869742,False
train_18733_a_1.nii.gz,129,0,2b,category_best,exp013_category_2all_focal_target100_e100,pp3_fine20_corrected_routes,0.5963019502383547,True,1582618,808372,712876,95496,869742,False
train_18733_a_1.nii.gz,129,0,2b,iso07_best,exp017_cont_e050_abs_e150,raw,0.7697062954380696,True,1582618,1098784,1031946,66838,550672,False
train_18733_a_1.nii.gz,129,0,2b,iso07_best,exp017_cont_e050_abs_e150,pp2_whole_lung20,0.7697062954380696,True,1582618,1098784,1031946,66838,550672,False
train_18733_a_1.nii.gz,129,0,2b,iso07_best,exp017_cont_e050_abs_e150,pp3_fine20_corrected_routes,0.7689607124173089,True,1582618,1097160,1030322,66838,552296,False
train_18733_a_1.nii.gz,129,1,2c,overall_best,exp007_cont_e050_abs_e150,raw,0.40295697934819813,True,125251,363491,98471,265020,26780,False
train_18733_a_1.nii.gz,129,1,2c,overall_best,exp007_cont_e050_abs_e150,pp2_whole_lung20,0.4034522741345685,True,125251,362891,98471,264420,26780,False
train_18733_a_1.nii.gz,129,1,2c,overall_best,exp007_cont_e050_abs_e150,pp3_fine20_corrected_routes,0.4034522741345685,True,125251,362891,98471,264420,26780,False
train_18733_a_1.nii.gz,129,1,2c,category_best,exp007_cont_e050_abs_e150,raw,0.40295697934819813,True,125251,363491,98471,265020,26780,False
train_18733_a_1.nii.gz,129,1,2c,category_best,exp007_cont_e050_abs_e150,pp2_whole_lung20,0.4034522741345685,True,125251,362891,98471,264420,26780,False
train_18733_a_1.nii.gz,129,1,2c,category_best,exp007_cont_e050_abs_e150,pp3_fine20_corrected_routes,0.4034522741345685,True,125251,362891,98471,264420,26780,False
train_18733_a_1.nii.gz,129,1,2c,iso07_best,exp017_cont_e050_abs_e150,raw,0.311898934617106,True,125251,511327,99274,412053,25977,False
train_18733_a_1.nii.gz,129,1,2c,iso07_best,exp017_cont_e050_abs_e150,pp2_whole_lung20,0.31295000315346927,True,125251,509189,99274,409915,25977,False
train_18733_a_1.nii.gz,129,1,2c,iso07_best,exp017_cont_e050_abs_e150,pp3_fine20_corrected_routes,0.31303437500601,True,125251,509018,99274,409744,25977,False
train_18733_a_1.nii.gz,129,2,1b,overall_best,exp007_cont_e050_abs_e150,raw,0.003648638491934417,False,13711,238986,461,238525,13250,False
train_18733_a_1.nii.gz,129,2,1b,overall_best,exp007_cont_e050_abs_e150,pp2_whole_lung20,0.003648638491934417,False,13711,238986,461,238525,13250,False
train_18733_a_1.nii.gz,129,2,1b,overall_best,exp007_cont_e050_abs_e150,pp3_fine20_corrected_routes,0.0037084707625946885,False,13711,234909,461,234448,13250,False
train_18733_a_1.nii.gz,129,2,1b,category_best,exp012_r02_category_2d_replay50_e100,raw,0.0006077392126275064,False,13711,387777,122,387655,13589,False
train_18733_a_1.nii.gz,129,2,1b,category_best,exp012_r02_category_2d_replay50_e100,pp2_whole_lung20,0.0006077392126275064,False,13711,387777,122,387655,13589,False
train_18733_a_1.nii.gz,129,2,1b,category_best,exp012_r02_category_2d_replay50_e100,pp3_fine20_corrected_routes,0.0006079815039055137,False,13711,387617,122,387495,13589,False
train_18733_a_1.nii.gz,129,2,1b,iso07_best,exp017_cont_e050_abs_e150,raw,0.031547793046508524,False,13711,259969,4317,255652,9394,False
train_18733_a_1.nii.gz,129,2,1b,iso07_best,exp017_cont_e050_abs_e150,pp2_whole_lung20,0.031547793046508524,False,13711,259969,4317,255652,9394,False
train_18733_a_1.nii.gz,129,2,1b,iso07_best,exp017_cont_e050_abs_e150,pp3_fine20_corrected_routes,0.03177535698869507,False,13711,258009,4317,253692,9394,False
train_12994_a_1.nii.gz,130,0,1e,overall_best,exp007_cont_e050_abs_e150,raw,0.34899328907606764,True,566,775,234,541,332,False
train_12994_a_1.nii.gz,130,0,1e,overall_best,exp007_cont_e050_abs_e150,pp2_whole_lung20,0.3647700706432033,True,566,717,234,483,332,False
train_12994_a_1.nii.gz,130,0,1e,overall_best,exp007_cont_e050_abs_e150,pp3_fine20_corrected_routes,0.34899328907606764,True,566,775,234,541,332,False
train_12994_a_1.nii.gz,130,0,1e,category_best,exp012_r02_category_2d_replay50_e100,raw,0.3467011647175283,True,566,980,268,712,298,False
train_12994_a_1.nii.gz,130,0,1e,category_best,exp012_r02_category_2d_replay50_e100,pp2_whole_lung20,0.39095550737348245,True,566,805,268,537,298,False
train_12994_a_1.nii.gz,130,0,1e,category_best,exp012_r02_category_2d_replay50_e100,pp3_fine20_corrected_routes,0.3467011647175283,True,566,980,268,712,298,False
train_12994_a_1.nii.gz,130,0,1e,iso07_best,exp017_cont_e050_abs_e150,raw,0.3835155598120138,True,566,623,228,395,338,False
train_12994_a_1.nii.gz,130,0,1e,iso07_best,exp017_cont_e050_abs_e150,pp2_whole_lung20,0.4064171128285052,True,566,556,228,328,338,False
train_12994_a_1.nii.gz,130,0,1e,iso07_best,exp017_cont_e050_abs_e150,pp3_fine20_corrected_routes,0.3835155598120138,True,566,623,228,395,338,False
train_12994_a_1.nii.gz,130,1,2d,overall_best,exp007_cont_e050_abs_e150,raw,0.352290679816516,True,639,627,223,404,416,False
train_12994_a_1.nii.gz,130,1,2d,overall_best,exp007_cont_e050_abs_e150,pp2_whole_lung20,0.37135720285482327,True,639,562,223,339,416,False
train_12994_a_1.nii.gz,130,1,2d,overall_best,exp007_cont_e050_abs_e150,pp3_fine20_corrected_routes,0.352290679816516,True,639,627,223,404,416,False
train_12994_a_1.nii.gz,130,1,2d,category_best,exp007_cont_e050_abs_e150,raw,0.352290679816516,True,639,627,223,404,416,False
train_12994_a_1.nii.gz,130,1,2d,category_best,exp007_cont_e050_abs_e150,pp2_whole_lung20,0.37135720285482327,True,639,562,223,339,416,False
train_12994_a_1.nii.gz,130,1,2d,category_best,exp007_cont_e050_abs_e150,pp3_fine20_corrected_routes,0.352290679816516,True,639,627,223,404,416,False
train_12994_a_1.nii.gz,130,1,2d,iso07_best,exp017_cont_e050_abs_e150,raw,0.4173076928679733,True,639,401,217,184,422,False
train_12994_a_1.nii.gz,130,1,2d,iso07_best,exp017_cont_e050_abs_e150,pp2_whole_lung20,0.4173076928679733,True,639,401,217,184,422,False
train_12994_a_1.nii.gz,130,1,2d,iso07_best,exp017_cont_e050_abs_e150,pp3_fine20_corrected_routes,0.4173076928679733,True,639,401,217,184,422,False
train_12994_a_1.nii.gz,130,2,2a,overall_best,exp007_cont_e050_abs_e150,raw,0.26453617404464147,True,10000,3518,1788,1730,8212,False
train_12994_a_1.nii.gz,130,2,2a,overall_best,exp007_cont_e050_abs_e150,pp2_whole_lung20,0.26453617404464147,True,10000,3518,1788,1730,8212,False
train_12994_a_1.nii.gz,130,2,2a,overall_best,exp007_cont_e050_abs_e150,pp3_fine20_corrected_routes,0.2769731237489758,True,10000,2911,1788,1123,8212,False
train_12994_a_1.nii.gz,130,2,2a,category_best,exp009_s3v2_e100,raw,0.3343897458036207,True,10000,4199,2374,1825,7626,False
train_12994_a_1.nii.gz,130,2,2a,category_best,exp009_s3v2_e100,pp2_whole_lung20,0.3343897458036207,True,10000,4199,2374,1825,7626,False
train_12994_a_1.nii.gz,130,2,2a,category_best,exp009_s3v2_e100,pp3_fine20_corrected_routes,0.337431596948516,True,10000,4071,2374,1697,7626,False
train_12994_a_1.nii.gz,130,2,2a,iso07_best,exp017_cont_e050_abs_e150,raw,0.47793240559625494,True,10000,7605,4207,3398,5793,False
train_12994_a_1.nii.gz,130,2,2a,iso07_best,exp017_cont_e050_abs_e150,pp2_whole_lung20,0.5242040994626999,True,10000,6051,4207,1844,5793,False
train_12994_a_1.nii.gz,130,2,2a,iso07_best,exp017_cont_e050_abs_e150,pp3_fine20_corrected_routes,0.5242040994626999,True,10000,6051,4207,1844,5793,False
train_18403_a_2.nii.gz,131,0,2b,overall_best,exp007_cont_e050_abs_e150,raw,0.6689961880586046,True,47584,75188,41067,34121,6517,False
train_18403_a_2.nii.gz,131,0,2b,overall_best,exp007_cont_e050_abs_e150,pp2_whole_lung20,0.6689961880586046,True,47584,75188,41067,34121,6517,False
train_18403_a_2.nii.gz,131,0,2b,overall_best,exp007_cont_e050_abs_e150,pp3_fine20_corrected_routes,0.6689961880586046,True,47584,75188,41067,34121,6517,False
train_18403_a_2.nii.gz,131,0,2b,category_best,exp013_category_2all_focal_target100_e100,raw,0.7653237630504702,True,47584,43810,34973,8837,12611,False
train_18403_a_2.nii.gz,131,0,2b,category_best,exp013_category_2all_focal_target100_e100,pp2_whole_lung20,0.7659271588470913,True,47584,43738,34973,8765,12611,False
train_18403_a_2.nii.gz,131,0,2b,category_best,exp013_category_2all_focal_target100_e100,pp3_fine20_corrected_routes,0.7659271588470913,True,47584,43738,34973,8765,12611,False
train_18403_a_2.nii.gz,131,0,2b,iso07_best,exp017_cont_e050_abs_e150,raw,0.7313635262808021,True,47584,34996,30198,4798,17386,False
train_18403_a_2.nii.gz,131,0,2b,iso07_best,exp017_cont_e050_abs_e150,pp2_whole_lung20,0.7339320217310042,True,47584,34707,30198,4509,17386,False
train_18403_a_2.nii.gz,131,0,2b,iso07_best,exp017_cont_e050_abs_e150,pp3_fine20_corrected_routes,0.7339320217310042,True,47584,34707,30198,4509,17386,False
train_18403_a_2.nii.gz,131,1,2a,overall_best,exp007_cont_e050_abs_e150,raw,0.4094513387723669,True,22790,33456,11515,21941,11275,False
train_18403_a_2.nii.gz,131,1,2a,overall_best,exp007_cont_e050_abs_e150,pp2_whole_lung20,0.40996884736252837,True,22790,33385,11515,21870,11275,False
train_18403_a_2.nii.gz,131,1,2a,overall_best,exp007_cont_e050_abs_e150,pp3_fine20_corrected_routes,0.40996884736252837,True,22790,33385,11515,21870,11275,False
train_18403_a_2.nii.gz,131,1,2a,category_best,exp009_s3v2_e100,raw,0.30761463531557953,True,22790,44554,10358,34196,12432,False
train_18403_a_2.nii.gz,131,1,2a,category_best,exp009_s3v2_e100,pp2_whole_lung20,0.3094526768745601,True,22790,44154,10358,33796,12432,False
train_18403_a_2.nii.gz,131,1,2a,category_best,exp009_s3v2_e100,pp3_fine20_corrected_routes,0.3094526768745601,True,22790,44154,10358,33796,12432,False
train_18403_a_2.nii.gz,131,1,2a,iso07_best,exp017_cont_e050_abs_e150,raw,0.43629784274359645,True,22790,13135,7837,5298,14953,False
train_18403_a_2.nii.gz,131,1,2a,iso07_best,exp017_cont_e050_abs_e150,pp2_whole_lung20,0.4421438646137618,True,22790,12660,7837,4823,14953,False
train_18403_a_2.nii.gz,131,1,2a,iso07_best,exp017_cont_e050_abs_e150,pp3_fine20_corrected_routes,0.4421438646137618,True,22790,12660,7837,4823,14953,False
train_18624_a_2.nii.gz,132,0,2d,overall_best,exp007_cont_e050_abs_e150,raw,0.5586846818234275,True,3144,2999,1716,1283,1428,False
train_18624_a_2.nii.gz,132,0,2d,overall_best,exp007_cont_e050_abs_e150,pp2_whole_lung20,0.5586846818234275,True,3144,2999,1716,1283,1428,False
train_18624_a_2.nii.gz,132,0,2d,overall_best,exp007_cont_e050_abs_e150,pp3_fine20_corrected_routes,0.5586846818234275,True,3144,2999,1716,1283,1428,False
train_18624_a_2.nii.gz,132,0,2d,category_best,exp007_cont_e050_abs_e150,raw,0.5586846818234275,True,3144,2999,1716,1283,1428,False
train_18624_a_2.nii.gz,132,0,2d,category_best,exp007_cont_e050_abs_e150,pp2_whole_lung20,0.5586846818234275,True,3144,2999,1716,1283,1428,False
train_18624_a_2.nii.gz,132,0,2d,category_best,exp007_cont_e050_abs_e150,pp3_fine20_corrected_routes,0.5586846818234275,True,3144,2999,1716,1283,1428,False
train_18624_a_2.nii.gz,132,0,2d,iso07_best,exp017_cont_e050_abs_e150,raw,0.5189433438444658,True,3144,2610,1493,1117,1651,False
train_18624_a_2.nii.gz,132,0,2d,iso07_best,exp017_cont_e050_abs_e150,pp2_whole_lung20,0.5214809641073208,True,3144,2582,1493,1089,1651,False
train_18624_a_2.nii.gz,132,0,2d,iso07_best,exp017_cont_e050_abs_e150,pp3_fine20_corrected_routes,0.5214809641073208,True,3144,2582,1493,1089,1651,False
train_18379_a_1.nii.gz,133,0,2c,overall_best,exp007_cont_e050_abs_e150,raw,0.5386433720194814,True,109373,96225,55372,40853,54001,False
train_18379_a_1.nii.gz,133,0,2c,overall_best,exp007_cont_e050_abs_e150,pp2_whole_lung20,0.5386433720194814,True,109373,96225,55372,40853,54001,False
train_18379_a_1.nii.gz,133,0,2c,overall_best,exp007_cont_e050_abs_e150,pp3_fine20_corrected_routes,0.5386433720194814,True,109373,96225,55372,40853,54001,False
train_18379_a_1.nii.gz,133,0,2c,category_best,exp007_cont_e050_abs_e150,raw,0.5386433720194814,True,109373,96225,55372,40853,54001,False
train_18379_a_1.nii.gz,133,0,2c,category_best,exp007_cont_e050_abs_e150,pp2_whole_lung20,0.5386433720194814,True,109373,96225,55372,40853,54001,False
train_18379_a_1.nii.gz,133,0,2c,category_best,exp007_cont_e050_abs_e150,pp3_fine20_corrected_routes,0.5386433720194814,True,109373,96225,55372,40853,54001,False
train_18379_a_1.nii.gz,133,0,2c,iso07_best,exp017_cont_e050_abs_e150,raw,0.5964629184607506,True,109373,122400,69122,53278,40251,False
train_18379_a_1.nii.gz,133,0,2c,iso07_best,exp017_cont_e050_abs_e150,pp2_whole_lung20,0.5964629184607506,True,109373,122400,69122,53278,40251,False
train_18379_a_1.nii.gz,133,0,2c,iso07_best,exp017_cont_e050_abs_e150,pp3_fine20_corrected_routes,0.5964629184607506,True,109373,122400,69122,53278,40251,False
train_13278_b_2.nii.gz,134,0,2d,overall_best,exp007_cont_e050_abs_e150,raw,0.5859613432492764,True,321,662,288,374,33,False
train_13278_b_2.nii.gz,134,0,2d,overall_best,exp007_cont_e050_abs_e150,pp2_whole_lung20,0.6914765910066307,True,321,512,288,224,33,False
train_13278_b_2.nii.gz,134,0,2d,overall_best,exp007_cont_e050_abs_e150,pp3_fine20_corrected_routes,0.7365728903624388,True,321,461,288,173,33,False
train_13278_b_2.nii.gz,134,0,2d,category_best,exp007_cont_e050_abs_e150,raw,0.5859613432492764,True,321,662,288,374,33,False
train_13278_b_2.nii.gz,134,0,2d,category_best,exp007_cont_e050_abs_e150,pp2_whole_lung20,0.6914765910066307,True,321,512,288,224,33,False
train_13278_b_2.nii.gz,134,0,2d,category_best,exp007_cont_e050_abs_e150,pp3_fine20_corrected_routes,0.7365728903624388,True,321,461,288,173,33,False
train_13278_b_2.nii.gz,134,0,2d,iso07_best,exp017_cont_e050_abs_e150,raw,0.4634760709794491,True,321,870,276,594,45,False
train_13278_b_2.nii.gz,134,0,2d,iso07_best,exp017_cont_e050_abs_e150,pp2_whole_lung20,0.7196870929339151,True,321,446,276,170,45,False
train_13278_b_2.nii.gz,134,0,2d,iso07_best,exp017_cont_e050_abs_e150,pp3_fine20_corrected_routes,0.772027972346814,True,321,394,276,118,45,False
train_13278_b_2.nii.gz,134,1,2c,overall_best,exp007_cont_e050_abs_e150,raw,0.47653916338927976,True,52309,33728,20500,13228,31809,False
train_13278_b_2.nii.gz,134,1,2c,overall_best,exp007_cont_e050_abs_e150,pp2_whole_lung20,0.47653916338927976,True,52309,33728,20500,13228,31809,False
train_13278_b_2.nii.gz,134,1,2c,overall_best,exp007_cont_e050_abs_e150,pp3_fine20_corrected_routes,0.47653916338927976,True,52309,33728,20500,13228,31809,False
train_13278_b_2.nii.gz,134,1,2c,category_best,exp007_cont_e050_abs_e150,raw,0.47653916338927976,True,52309,33728,20500,13228,31809,False
train_13278_b_2.nii.gz,134,1,2c,category_best,exp007_cont_e050_abs_e150,pp2_whole_lung20,0.47653916338927976,True,52309,33728,20500,13228,31809,False
train_13278_b_2.nii.gz,134,1,2c,category_best,exp007_cont_e050_abs_e150,pp3_fine20_corrected_routes,0.47653916338927976,True,52309,33728,20500,13228,31809,False
train_13278_b_2.nii.gz,134,1,2c,iso07_best,exp017_cont_e050_abs_e150,raw,0.3251745445881126,True,52309,22457,12156,10301,40153,False
train_13278_b_2.nii.gz,134,1,2c,iso07_best,exp017_cont_e050_abs_e150,pp2_whole_lung20,0.3251745445881126,True,52309,22457,12156,10301,40153,False
train_13278_b_2.nii.gz,134,1,2c,iso07_best,exp017_cont_e050_abs_e150,pp3_fine20_corrected_routes,0.33110436216472006,True,52309,21118,12156,8962,40153,False
train_13591_a_1.nii.gz,135,0,2c,overall_best,exp007_cont_e050_abs_e150,raw,0.5852042353146312,True,16441,26720,12629,14091,3812,False
train_13591_a_1.nii.gz,135,0,2c,overall_best,exp007_cont_e050_abs_e150,pp2_whole_lung20,0.585570547605472,True,16441,26693,12629,14064,3812,False
train_13591_a_1.nii.gz,135,0,2c,overall_best,exp007_cont_e050_abs_e150,pp3_fine20_corrected_routes,0.585570547605472,True,16441,26693,12629,14064,3812,False
train_13591_a_1.nii.gz,135,0,2c,category_best,exp007_cont_e050_abs_e150,raw,0.5852042353146312,True,16441,26720,12629,14091,3812,False
train_13591_a_1.nii.gz,135,0,2c,category_best,exp007_cont_e050_abs_e150,pp2_whole_lung20,0.585570547605472,True,16441,26693,12629,14064,3812,False
train_13591_a_1.nii.gz,135,0,2c,category_best,exp007_cont_e050_abs_e150,pp3_fine20_corrected_routes,0.585570547605472,True,16441,26693,12629,14064,3812,False
train_13591_a_1.nii.gz,135,0,2c,iso07_best,exp017_cont_e050_abs_e150,raw,0.5363427163586076,True,16441,26580,11537,15043,4904,False
train_13591_a_1.nii.gz,135,0,2c,iso07_best,exp017_cont_e050_abs_e150,pp2_whole_lung20,0.5363427163586076,True,16441,26580,11537,15043,4904,False
train_13591_a_1.nii.gz,135,0,2c,iso07_best,exp017_cont_e050_abs_e150,pp3_fine20_corrected_routes,0.5363427163586076,True,16441,26580,11537,15043,4904,False
train_13591_a_1.nii.gz,135,1,2b,overall_best,exp007_cont_e050_abs_e150,raw,0.3927781509675643,True,20735,40302,11987,28315,8748,False
train_13591_a_1.nii.gz,135,1,2b,overall_best,exp007_cont_e050_abs_e150,pp2_whole_lung20,0.39391400076577915,True,20735,40126,11987,28139,8748,False
train_13591_a_1.nii.gz,135,1,2b,overall_best,exp007_cont_e050_abs_e150,pp3_fine20_corrected_routes,0.39391400076577915,True,20735,40126,11987,28139,8748,False
train_13591_a_1.nii.gz,135,1,2b,category_best,exp013_category_2all_focal_target100_e100,raw,0.41381069425836364,True,20735,22391,8923,13468,11812,False
train_13591_a_1.nii.gz,135,1,2b,category_best,exp013_category_2all_focal_target100_e100,pp2_whole_lung20,0.41382028986866504,True,20735,22390,8923,13467,11812,False
train_13591_a_1.nii.gz,135,1,2b,category_best,exp013_category_2all_focal_target100_e100,pp3_fine20_corrected_routes,0.41382028986866504,True,20735,22390,8923,13467,11812,False
train_13591_a_1.nii.gz,135,1,2b,iso07_best,exp017_cont_e050_abs_e150,raw,0.0454149134142532,False,20735,5644,599,5045,20136,False
train_13591_a_1.nii.gz,135,1,2b,iso07_best,exp017_cont_e050_abs_e150,pp2_whole_lung20,0.04585997017777974,False,20735,5388,599,4789,20136,False
train_13591_a_1.nii.gz,135,1,2b,iso07_best,exp017_cont_e050_abs_e150,pp3_fine20_corrected_routes,0.04585997017777974,False,20735,5388,599,4789,20136,False
train_18948_a_2.nii.gz,136,0,2d,overall_best,exp007_cont_e050_abs_e150,raw,0.384499245402869,True,427,1560,382,1178,45,False
train_18948_a_2.nii.gz,136,0,2d,overall_best,exp007_cont_e050_abs_e150,pp2_whole_lung20,0.38959714462539663,True,427,1534,382,1152,45,False
train_18948_a_2.nii.gz,136,0,2d,overall_best,exp007_cont_e050_abs_e150,pp3_fine20_corrected_routes,0.38959714462539663,True,427,1534,382,1152,45,False
train_18948_a_2.nii.gz,136,0,2d,category_best,exp007_cont_e050_abs_e150,raw,0.384499245402869,True,427,1560,382,1178,45,False
train_18948_a_2.nii.gz,136,0,2d,category_best,exp007_cont_e050_abs_e150,pp2_whole_lung20,0.38959714462539663,True,427,1534,382,1152,45,False
train_18948_a_2.nii.gz,136,0,2d,category_best,exp007_cont_e050_abs_e150,pp3_fine20_corrected_routes,0.38959714462539663,True,427,1534,382,1152,45,False
train_18948_a_2.nii.gz,136,0,2d,iso07_best,exp017_cont_e050_abs_e150,raw,0.3597933305026805,True,427,1702,383,1319,44,False
train_18948_a_2.nii.gz,136,0,2d,iso07_best,exp017_cont_e050_abs_e150,pp2_whole_lung20,0.46936274542318457,True,427,1205,383,822,44,False
train_18948_a_2.nii.gz,136,0,2d,iso07_best,exp017_cont_e050_abs_e150,pp3_fine20_corrected_routes,0.46936274542318457,True,427,1205,383,822,44,False
train_18597_b_1.nii.gz,137,0,2d,overall_best,exp007_cont_e050_abs_e150,raw,0.4353120247828675,True,968,346,286,60,682,False
train_18597_b_1.nii.gz,137,0,2d,overall_best,exp007_cont_e050_abs_e150,pp2_whole_lung20,0.4353120247828675,True,968,346,286,60,682,False
train_18597_b_1.nii.gz,137,0,2d,overall_best,exp007_cont_e050_abs_e150,pp3_fine20_corrected_routes,0.4353120247828675,True,968,346,286,60,682,False
train_18597_b_1.nii.gz,137,0,2d,category_best,exp007_cont_e050_abs_e150,raw,0.4353120247828675,True,968,346,286,60,682,False
train_18597_b_1.nii.gz,137,0,2d,category_best,exp007_cont_e050_abs_e150,pp2_whole_lung20,0.4353120247828675,True,968,346,286,60,682,False
train_18597_b_1.nii.gz,137,0,2d,category_best,exp007_cont_e050_abs_e150,pp3_fine20_corrected_routes,0.4353120247828675,True,968,346,286,60,682,False
train_18597_b_1.nii.gz,137,0,2d,iso07_best,exp017_cont_e050_abs_e150,raw,0.45045045083128865,True,968,475,325,150,643,False
train_18597_b_1.nii.gz,137,0,2d,iso07_best,exp017_cont_e050_abs_e150,pp2_whole_lung20,0.45045045083128865,True,968,475,325,150,643,False
train_18597_b_1.nii.gz,137,0,2d,iso07_best,exp017_cont_e050_abs_e150,pp3_fine20_corrected_routes,0.45045045083128865,True,968,475,325,150,643,False
train_18597_b_1.nii.gz,137,1,2a,overall_best,exp007_cont_e050_abs_e150,raw,0.04876234999209804,False,4942,13884,459,13425,4483,False
train_18597_b_1.nii.gz,137,1,2a,overall_best,exp007_cont_e050_abs_e150,pp2_whole_lung20,0.04876234999209804,False,4942,13884,459,13425,4483,False
train_18597_b_1.nii.gz,137,1,2a,overall_best,exp007_cont_e050_abs_e150,pp3_fine20_corrected_routes,0.04876234999209804,False,4942,13884,459,13425,4483,False
train_18597_b_1.nii.gz,137,1,2a,category_best,exp009_s3v2_e100,raw,0.006802721147702427,False,4942,11816,57,11759,4885,False
train_18597_b_1.nii.gz,137,1,2a,category_best,exp009_s3v2_e100,pp2_whole_lung20,0.006924198311046878,False,4942,11522,57,11465,4885,False
train_18597_b_1.nii.gz,137,1,2a,category_best,exp009_s3v2_e100,pp3_fine20_corrected_routes,0.006924198311046878,False,4942,11522,57,11465,4885,False
train_18597_b_1.nii.gz,137,1,2a,iso07_best,exp017_cont_e050_abs_e150,raw,0.03509754512880635,False,4942,5771,188,5583,4754,False
train_18597_b_1.nii.gz,137,1,2a,iso07_best,exp017_cont_e050_abs_e150,pp2_whole_lung20,0.03509754512880635,False,4942,5771,188,5583,4754,False
train_18597_b_1.nii.gz,137,1,2a,iso07_best,exp017_cont_e050_abs_e150,pp3_fine20_corrected_routes,0.03509754512880635,False,4942,5771,188,5583,4754,False
train_18959_b_2.nii.gz,138,0,2d,overall_best,exp007_cont_e050_abs_e150,raw,0.27076923114319523,True,339,1611,264,1347,75,False
train_18959_b_2.nii.gz,138,0,2d,overall_best,exp007_cont_e050_abs_e150,pp2_whole_lung20,0.27076923114319523,True,339,1611,264,1347,75,False
train_18959_b_2.nii.gz,138,0,2d,overall_best,exp007_cont_e050_abs_e150,pp3_fine20_corrected_routes,0.27076923114319523,True,339,1611,264,1347,75,False
train_18959_b_2.nii.gz,138,0,2d,category_best,exp007_cont_e050_abs_e150,raw,0.27076923114319523,True,339,1611,264,1347,75,False
train_18959_b_2.nii.gz,138,0,2d,category_best,exp007_cont_e050_abs_e150,pp2_whole_lung20,0.27076923114319523,True,339,1611,264,1347,75,False
train_18959_b_2.nii.gz,138,0,2d,category_best,exp007_cont_e050_abs_e150,pp3_fine20_corrected_routes,0.27076923114319523,True,339,1611,264,1347,75,False
train_18959_b_2.nii.gz,138,0,2d,iso07_best,exp017_cont_e050_abs_e150,raw,0.3370370374462734,True,339,1281,273,1008,66,False
train_18959_b_2.nii.gz,138,0,2d,iso07_best,exp017_cont_e050_abs_e150,pp2_whole_lung20,0.37346101274045074,True,339,1123,273,850,66,False
train_18959_b_2.nii.gz,138,0,2d,iso07_best,exp017_cont_e050_abs_e150,pp3_fine20_corrected_routes,0.37346101274045074,True,339,1123,273,850,66,False
train_13417_d_1.nii.gz,139,0,2d,overall_best,exp007_cont_e050_abs_e150,raw,2.2727272210743815e-08,False,44,0,0,0,44,False
train_13417_d_1.nii.gz,139,0,2d,overall_best,exp007_cont_e050_abs_e150,pp2_whole_lung20,2.2727272210743815e-08,False,44,0,0,0,44,False
train_13417_d_1.nii.gz,139,0,2d,overall_best,exp007_cont_e050_abs_e150,pp3_fine20_corrected_routes,2.2727272210743815e-08,False,44,0,0,0,44,False
train_13417_d_1.nii.gz,139,0,2d,category_best,exp007_cont_e050_abs_e150,raw,2.2727272210743815e-08,False,44,0,0,0,44,False
train_13417_d_1.nii.gz,139,0,2d,category_best,exp007_cont_e050_abs_e150,pp2_whole_lung20,2.2727272210743815e-08,False,44,0,0,0,44,False
train_13417_d_1.nii.gz,139,0,2d,category_best,exp007_cont_e050_abs_e150,pp3_fine20_corrected_routes,2.2727272210743815e-08,False,44,0,0,0,44,False
train_13417_d_1.nii.gz,139,0,2d,iso07_best,exp017_cont_e050_abs_e150,raw,8.547008473957193e-09,False,44,73,0,73,44,False
train_13417_d_1.nii.gz,139,0,2d,iso07_best,exp017_cont_e050_abs_e150,pp2_whole_lung20,8.547008473957193e-09,False,44,73,0,73,44,False
train_13417_d_1.nii.gz,139,0,2d,iso07_best,exp017_cont_e050_abs_e150,pp3_fine20_corrected_routes,2.2727272210743815e-08,False,44,0,0,0,44,False
train_13417_d_1.nii.gz,139,1,2a,overall_best,exp007_cont_e050_abs_e150,raw,7.692307633136095e-09,False,116,14,0,14,116,False
train_13417_d_1.nii.gz,139,1,2a,overall_best,exp007_cont_e050_abs_e150,pp2_whole_lung20,8.620689580856124e-09,False,116,0,0,0,116,False
train_13417_d_1.nii.gz,139,1,2a,overall_best,exp007_cont_e050_abs_e150,pp3_fine20_corrected_routes,8.620689580856124e-09,False,116,0,0,0,116,False
train_13417_d_1.nii.gz,139,1,2a,category_best,exp009_s3v2_e100,raw,2.531645563211024e-09,False,116,279,0,279,116,False
train_13417_d_1.nii.gz,139,1,2a,category_best,exp009_s3v2_e100,pp2_whole_lung20,2.531645563211024e-09,False,116,279,0,279,116,False
train_13417_d_1.nii.gz,139,1,2a,category_best,exp009_s3v2_e100,pp3_fine20_corrected_routes,2.531645563211024e-09,False,116,279,0,279,116,False
train_13417_d_1.nii.gz,139,1,2a,iso07_best,exp017_cont_e050_abs_e150,raw,2.164502159817095e-09,False,116,346,0,346,116,False
train_13417_d_1.nii.gz,139,1,2a,iso07_best,exp017_cont_e050_abs_e150,pp2_whole_lung20,2.164502159817095e-09,False,116,346,0,346,116,False
train_13417_d_1.nii.gz,139,1,2a,iso07_best,exp017_cont_e050_abs_e150,pp3_fine20_corrected_routes,2.164502159817095e-09,False,116,346,0,346,116,False
train_18525_a_2.nii.gz,140,0,2d,overall_best,exp007_cont_e050_abs_e150,raw,0.6544622433536333,True,236,201,143,58,93,False
train_18525_a_2.nii.gz,140,0,2d,overall_best,exp007_cont_e050_abs_e150,pp2_whole_lung20,0.6544622433536333,True,236,201,143,58,93,False
train_18525_a_2.nii.gz,140,0,2d,overall_best,exp007_cont_e050_abs_e150,pp3_fine20_corrected_routes,0.6544622433536333,True,236,201,143,58,93,False
train_18525_a_2.nii.gz,140,0,2d,category_best,exp007_cont_e050_abs_e150,raw,0.6544622433536333,True,236,201,143,58,93,False
train_18525_a_2.nii.gz,140,0,2d,category_best,exp007_cont_e050_abs_e150,pp2_whole_lung20,0.6544622433536333,True,236,201,143,58,93,False
train_18525_a_2.nii.gz,140,0,2d,category_best,exp007_cont_e050_abs_e150,pp3_fine20_corrected_routes,0.6544622433536333,True,236,201,143,58,93,False
train_18525_a_2.nii.gz,140,0,2d,iso07_best,exp017_cont_e050_abs_e150,raw,0.40762812943071736,True,236,603,171,432,65,False
train_18525_a_2.nii.gz,140,0,2d,iso07_best,exp017_cont_e050_abs_e150,pp2_whole_lung20,0.40762812943071736,True,236,603,171,432,65,False
train_18525_a_2.nii.gz,140,0,2d,iso07_best,exp017_cont_e050_abs_e150,pp3_fine20_corrected_routes,0.6853707421134855,True,236,263,171,92,65,False
train_2549_a_2.nii.gz,141,0,2a,overall_best,exp007_cont_e050_abs_e150,raw,0.043301534712293525,False,3284,8771,261,8510,3023,False
train_2549_a_2.nii.gz,141,0,2a,overall_best,exp007_cont_e050_abs_e150,pp2_whole_lung20,0.043301534712293525,False,3284,8771,261,8510,3023,False
train_2549_a_2.nii.gz,141,0,2a,overall_best,exp007_cont_e050_abs_e150,pp3_fine20_corrected_routes,0.043301534712293525,False,3284,8771,261,8510,3023,False
train_2549_a_2.nii.gz,141,0,2a,category_best,exp009_s3v2_e100,raw,0.07157894747129319,False,3284,5741,323,5418,2961,False
train_2549_a_2.nii.gz,141,0,2a,category_best,exp009_s3v2_e100,pp2_whole_lung20,0.07157894747129319,False,3284,5741,323,5418,2961,False
train_2549_a_2.nii.gz,141,0,2a,category_best,exp009_s3v2_e100,pp3_fine20_corrected_routes,0.07157894747129319,False,3284,5741,323,5418,2961,False
train_2549_a_2.nii.gz,141,0,2a,iso07_best,exp017_cont_e050_abs_e150,raw,1.35098621975804e-10,False,3284,4118,0,4118,3284,False
train_2549_a_2.nii.gz,141,0,2a,iso07_best,exp017_cont_e050_abs_e150,pp2_whole_lung20,1.35098621975804e-10,False,3284,4118,0,4118,3284,False
train_2549_a_2.nii.gz,141,0,2a,iso07_best,exp017_cont_e050_abs_e150,pp3_fine20_corrected_routes,1.35098621975804e-10,False,3284,4118,0,4118,3284,False
train_2549_a_2.nii.gz,141,1,2a,overall_best,exp007_cont_e050_abs_e150,raw,0.6332836139060557,True,13595,14563,8916,5647,4679,False
train_2549_a_2.nii.gz,141,1,2a,overall_best,exp007_cont_e050_abs_e150,pp2_whole_lung20,0.6332836139060557,True,13595,14563,8916,5647,4679,False
train_2549_a_2.nii.gz,141,1,2a,overall_best,exp007_cont_e050_abs_e150,pp3_fine20_corrected_routes,0.66554697123631,True,13595,13198,8916,4282,4679,False
train_2549_a_2.nii.gz,141,1,2a,category_best,exp009_s3v2_e100,raw,0.6421839707281648,True,13595,12083,8245,3838,5350,False
train_2549_a_2.nii.gz,141,1,2a,category_best,exp009_s3v2_e100,pp2_whole_lung20,0.6421839707281648,True,13595,12083,8245,3838,5350,False
train_2549_a_2.nii.gz,141,1,2a,category_best,exp009_s3v2_e100,pp3_fine20_corrected_routes,0.6421839707281648,True,13595,12083,8245,3838,5350,False
train_2549_a_2.nii.gz,141,1,2a,iso07_best,exp017_cont_e050_abs_e150,raw,0.5643108583975741,True,13595,12256,7294,4962,6301,False
train_2549_a_2.nii.gz,141,1,2a,iso07_best,exp017_cont_e050_abs_e150,pp2_whole_lung20,0.5983838549736091,True,13595,10784,7294,3490,6301,False
train_2549_a_2.nii.gz,141,1,2a,iso07_best,exp017_cont_e050_abs_e150,pp3_fine20_corrected_routes,0.5983838549736091,True,13595,10784,7294,3490,6301,False
train_2549_a_2.nii.gz,141,2,2d,overall_best,exp007_cont_e050_abs_e150,raw,0.2557544761791851,True,627,937,200,737,427,False
train_2549_a_2.nii.gz,141,2,2d,overall_best,exp007_cont_e050_abs_e150,pp2_whole_lung20,0.2557544761791851,True,627,937,200,737,427,False
train_2549_a_2.nii.gz,141,2,2d,overall_best,exp007_cont_e050_abs_e150,pp3_fine20_corrected_routes,0.2557544761791851,True,627,937,200,737,427,False
train_2549_a_2.nii.gz,141,2,2d,category_best,exp007_cont_e050_abs_e150,raw,0.2557544761791851,True,627,937,200,737,427,False
train_2549_a_2.nii.gz,141,2,2d,category_best,exp007_cont_e050_abs_e150,pp2_whole_lung20,0.2557544761791851,True,627,937,200,737,427,False
train_2549_a_2.nii.gz,141,2,2d,category_best,exp007_cont_e050_abs_e150,pp3_fine20_corrected_routes,0.2557544761791851,True,627,937,200,737,427,False
train_2549_a_2.nii.gz,141,2,2d,iso07_best,exp017_cont_e050_abs_e150,raw,0.2202998851094003,True,627,1107,191,916,436,False
train_2549_a_2.nii.gz,141,2,2d,iso07_best,exp017_cont_e050_abs_e150,pp2_whole_lung20,0.2202998851094003,True,627,1107,191,916,436,False
train_2549_a_2.nii.gz,141,2,2d,iso07_best,exp017_cont_e050_abs_e150,pp3_fine20_corrected_routes,0.2202998851094003,True,627,1107,191,916,436,False
train_2936_b_2.nii.gz,142,0,2d,overall_best,exp007_cont_e050_abs_e150,raw,0.413468501298527,True,1531,1231,571,660,960,False
train_2936_b_2.nii.gz,142,0,2d,overall_best,exp007_cont_e050_abs_e150,pp2_whole_lung20,0.413468501298527,True,1531,1231,571,660,960,False
train_2936_b_2.nii.gz,142,0,2d,overall_best,exp007_cont_e050_abs_e150,pp3_fine20_corrected_routes,0.413468501298527,True,1531,1231,571,660,960,False
train_2936_b_2.nii.gz,142,0,2d,category_best,exp007_cont_e050_abs_e150,raw,0.413468501298527,True,1531,1231,571,660,960,False
train_2936_b_2.nii.gz,142,0,2d,category_best,exp007_cont_e050_abs_e150,pp2_whole_lung20,0.413468501298527,True,1531,1231,571,660,960,False
train_2936_b_2.nii.gz,142,0,2d,category_best,exp007_cont_e050_abs_e150,pp3_fine20_corrected_routes,0.413468501298527,True,1531,1231,571,660,960,False
train_2936_b_2.nii.gz,142,0,2d,iso07_best,exp017_cont_e050_abs_e150,raw,0.3866503869000202,True,1531,926,475,451,1056,False
train_2936_b_2.nii.gz,142,0,2d,iso07_best,exp017_cont_e050_abs_e150,pp2_whole_lung20,0.3866503869000202,True,1531,926,475,451,1056,False
train_2936_b_2.nii.gz,142,0,2d,iso07_best,exp017_cont_e050_abs_e150,pp3_fine20_corrected_routes,0.3866503869000202,True,1531,926,475,451,1056,False
train_2936_b_2.nii.gz,142,1,2d,overall_best,exp007_cont_e050_abs_e150,raw,3.085467447366409e-10,False,544,2697,0,2697,544,False
train_2936_b_2.nii.gz,142,1,2d,overall_best,exp007_cont_e050_abs_e150,pp2_whole_lung20,3.085467447366409e-10,False,544,2697,0,2697,544,False
train_2936_b_2.nii.gz,142,1,2d,overall_best,exp007_cont_e050_abs_e150,pp3_fine20_corrected_routes,3.085467447366409e-10,False,544,2697,0,2697,544,False
train_2936_b_2.nii.gz,142,1,2d,category_best,exp007_cont_e050_abs_e150,raw,3.085467447366409e-10,False,544,2697,0,2697,544,False
train_2936_b_2.nii.gz,142,1,2d,category_best,exp007_cont_e050_abs_e150,pp2_whole_lung20,3.085467447366409e-10,False,544,2697,0,2697,544,False
train_2936_b_2.nii.gz,142,1,2d,category_best,exp007_cont_e050_abs_e150,pp3_fine20_corrected_routes,3.085467447366409e-10,False,544,2697,0,2697,544,False
train_2936_b_2.nii.gz,142,1,2d,iso07_best,exp017_cont_e050_abs_e150,raw,6.261740760011433e-10,False,544,1053,0,1053,544,False
train_2936_b_2.nii.gz,142,1,2d,iso07_best,exp017_cont_e050_abs_e150,pp2_whole_lung20,6.261740760011433e-10,False,544,1053,0,1053,544,False
train_2936_b_2.nii.gz,142,1,2d,iso07_best,exp017_cont_e050_abs_e150,pp3_fine20_corrected_routes,6.261740760011433e-10,False,544,1053,0,1053,544,False
train_2696_a_2.nii.gz,143,0,2d,overall_best,exp007_cont_e050_abs_e150,raw,0.29289940933003045,True,99,577,99,478,0,False
train_2696_a_2.nii.gz,143,0,2d,overall_best,exp007_cont_e050_abs_e150,pp2_whole_lung20,0.29289940933003045,True,99,577,99,478,0,False
train_2696_a_2.nii.gz,143,0,2d,overall_best,exp007_cont_e050_abs_e150,pp3_fine20_corrected_routes,0.29289940933003045,True,99,577,99,478,0,False
train_2696_a_2.nii.gz,143,0,2d,category_best,exp007_cont_e050_abs_e150,raw,0.29289940933003045,True,99,577,99,478,0,False
train_2696_a_2.nii.gz,143,0,2d,category_best,exp007_cont_e050_abs_e150,pp2_whole_lung20,0.29289940933003045,True,99,577,99,478,0,False
train_2696_a_2.nii.gz,143,0,2d,category_best,exp007_cont_e050_abs_e150,pp3_fine20_corrected_routes,0.29289940933003045,True,99,577,99,478,0,False
train_2696_a_2.nii.gz,143,0,2d,iso07_best,exp017_cont_e050_abs_e150,raw,0.30841121603051214,True,99,543,99,444,0,False
train_2696_a_2.nii.gz,143,0,2d,iso07_best,exp017_cont_e050_abs_e150,pp2_whole_lung20,0.30841121603051214,True,99,543,99,444,0,False
train_2696_a_2.nii.gz,143,0,2d,iso07_best,exp017_cont_e050_abs_e150,pp3_fine20_corrected_routes,0.30841121603051214,True,99,543,99,444,0,False
train_1841_b_1.nii.gz,144,0,2c,overall_best,exp007_cont_e050_abs_e150,raw,0.5913820015912239,True,469819,632734,326015,306719,143804,False
train_1841_b_1.nii.gz,144,0,2c,overall_best,exp007_cont_e050_abs_e150,pp2_whole_lung20,0.5913820015912239,True,469819,632734,326015,306719,143804,False
train_1841_b_1.nii.gz,144,0,2c,overall_best,exp007_cont_e050_abs_e150,pp3_fine20_corrected_routes,0.5913820015912239,True,469819,632734,326015,306719,143804,False
train_1841_b_1.nii.gz,144,0,2c,category_best,exp007_cont_e050_abs_e150,raw,0.5913820015912239,True,469819,632734,326015,306719,143804,False
train_1841_b_1.nii.gz,144,0,2c,category_best,exp007_cont_e050_abs_e150,pp2_whole_lung20,0.5913820015912239,True,469819,632734,326015,306719,143804,False
train_1841_b_1.nii.gz,144,0,2c,category_best,exp007_cont_e050_abs_e150,pp3_fine20_corrected_routes,0.5913820015912239,True,469819,632734,326015,306719,143804,False
train_1841_b_1.nii.gz,144,0,2c,iso07_best,exp017_cont_e050_abs_e150,raw,0.4889190281261026,True,469819,1022514,364815,657699,105004,False
train_1841_b_1.nii.gz,144,0,2c,iso07_best,exp017_cont_e050_abs_e150,pp2_whole_lung20,0.49048613001819047,True,469819,1017746,364815,652931,105004,False
train_1841_b_1.nii.gz,144,0,2c,iso07_best,exp017_cont_e050_abs_e150,pp3_fine20_corrected_routes,0.4889190281261026,True,469819,1022514,364815,657699,105004,False
train_1841_b_1.nii.gz,144,1,2b,overall_best,exp007_cont_e050_abs_e150,raw,0.3172605758423724,True,24370,79097,16413,62684,7957,False
train_1841_b_1.nii.gz,144,1,2b,overall_best,exp007_cont_e050_abs_e150,pp2_whole_lung20,0.3172605758423724,True,24370,79097,16413,62684,7957,False
train_1841_b_1.nii.gz,144,1,2b,overall_best,exp007_cont_e050_abs_e150,pp3_fine20_corrected_routes,0.3172605758423724,True,24370,79097,16413,62684,7957,False
train_1841_b_1.nii.gz,144,1,2b,category_best,exp013_category_2all_focal_target100_e100,raw,0.3446660259569358,True,24370,58870,14345,44525,10025,False
train_1841_b_1.nii.gz,144,1,2b,category_best,exp013_category_2all_focal_target100_e100,pp2_whole_lung20,0.3446660259569358,True,24370,58870,14345,44525,10025,False
train_1841_b_1.nii.gz,144,1,2b,category_best,exp013_category_2all_focal_target100_e100,pp3_fine20_corrected_routes,0.3462842934986146,True,24370,58481,14345,44136,10025,False
train_1841_b_1.nii.gz,144,1,2b,iso07_best,exp017_cont_e050_abs_e150,raw,0.30819887447387107,True,24370,85267,16895,68372,7475,False
train_1841_b_1.nii.gz,144,1,2b,iso07_best,exp017_cont_e050_abs_e150,pp2_whole_lung20,0.30819887447387107,True,24370,85267,16895,68372,7475,False
train_1841_b_1.nii.gz,144,1,2b,iso07_best,exp017_cont_e050_abs_e150,pp3_fine20_corrected_routes,0.30819887447387107,True,24370,85267,16895,68372,7475,False
train_1841_b_1.nii.gz,144,2,1b,overall_best,exp007_cont_e050_abs_e150,raw,0.15976152997354454,True,6201,53513,4770,48743,1431,False
train_1841_b_1.nii.gz,144,2,1b,overall_best,exp007_cont_e050_abs_e150,pp2_whole_lung20,0.15994366765315454,True,6201,53445,4770,48675,1431,False
train_1841_b_1.nii.gz,144,2,1b,overall_best,exp007_cont_e050_abs_e150,pp3_fine20_corrected_routes,0.18396390143885294,True,6201,45657,4770,40887,1431,False
train_1841_b_1.nii.gz,144,2,1b,category_best,exp012_r02_category_2d_replay50_e100,raw,0.39348214288421957,True,6201,16199,4407,11792,1794,False
train_1841_b_1.nii.gz,144,2,1b,category_best,exp012_r02_category_2d_replay50_e100,pp2_whole_lung20,0.4052972824111235,True,6201,15546,4407,11139,1794,False
train_1841_b_1.nii.gz,144,2,1b,category_best,exp012_r02_category_2d_replay50_e100,pp3_fine20_corrected_routes,0.4052972824111235,True,6201,15546,4407,11139,1794,False
train_1841_b_1.nii.gz,144,2,1b,iso07_best,exp017_cont_e050_abs_e150,raw,0.3024054983388639,True,6201,6021,1848,4173,4353,False
train_1841_b_1.nii.gz,144,2,1b,iso07_best,exp017_cont_e050_abs_e150,pp2_whole_lung20,0.3024054983388639,True,6201,6021,1848,4173,4353,False
train_1841_b_1.nii.gz,144,2,1b,iso07_best,exp017_cont_e050_abs_e150,pp3_fine20_corrected_routes,0.3024054983388639,True,6201,6021,1848,4173,4353,False
train_1841_b_1.nii.gz,144,3,2d,overall_best,exp007_cont_e050_abs_e150,raw,0.37837837949841735,True,135,420,105,315,30,False
train_1841_b_1.nii.gz,144,3,2d,overall_best,exp007_cont_e050_abs_e150,pp2_whole_lung20,0.37837837949841735,True,135,420,105,315,30,False
train_1841_b_1.nii.gz,144,3,2d,overall_best,exp007_cont_e050_abs_e150,pp3_fine20_corrected_routes,0.38817005658378917,True,135,406,105,301,30,False
train_1841_b_1.nii.gz,144,3,2d,category_best,exp007_cont_e050_abs_e150,raw,0.37837837949841735,True,135,420,105,315,30,False
train_1841_b_1.nii.gz,144,3,2d,category_best,exp007_cont_e050_abs_e150,pp2_whole_lung20,0.37837837949841735,True,135,420,105,315,30,False
train_1841_b_1.nii.gz,144,3,2d,category_best,exp007_cont_e050_abs_e150,pp3_fine20_corrected_routes,0.38817005658378917,True,135,406,105,301,30,False
train_1841_b_1.nii.gz,144,3,2d,iso07_best,exp017_cont_e050_abs_e150,raw,0.6220472455824911,True,135,119,79,40,56,False
train_1841_b_1.nii.gz,144,3,2d,iso07_best,exp017_cont_e050_abs_e150,pp2_whole_lung20,0.6220472455824911,True,135,119,79,40,56,False
train_1841_b_1.nii.gz,144,3,2d,iso07_best,exp017_cont_e050_abs_e150,pp3_fine20_corrected_routes,0.6220472455824911,True,135,119,79,40,56,False
train_19743_c_2.nii.gz,145,0,2a,overall_best,exp007_cont_e050_abs_e150,raw,0.0835350556955342,False,19507,25935,1898,24037,17609,False
train_19743_c_2.nii.gz,145,0,2a,overall_best,exp007_cont_e050_abs_e150,pp2_whole_lung20,0.0835350556955342,False,19507,25935,1898,24037,17609,False
train_19743_c_2.nii.gz,145,0,2a,overall_best,exp007_cont_e050_abs_e150,pp3_fine20_corrected_routes,0.09438090504489356,False,19507,20713,1898,18815,17609,False
train_19743_c_2.nii.gz,145,0,2a,category_best,exp009_s3v2_e100,raw,0.043970386393843916,False,19507,24932,977,23955,18530,False
train_19743_c_2.nii.gz,145,0,2a,category_best,exp009_s3v2_e100,pp2_whole_lung20,0.043970386393843916,False,19507,24932,977,23955,18530,False
train_19743_c_2.nii.gz,145,0,2a,category_best,exp009_s3v2_e100,pp3_fine20_corrected_routes,0.04681585128547569,False,19507,22231,977,21254,18530,False
train_19743_c_2.nii.gz,145,0,2a,iso07_best,exp017_cont_e050_abs_e150,raw,0.12076874958085827,True,19507,38041,3475,34566,16032,False
train_19743_c_2.nii.gz,145,0,2a,iso07_best,exp017_cont_e050_abs_e150,pp2_whole_lung20,0.12076874958085827,True,19507,38041,3475,34566,16032,False
train_19743_c_2.nii.gz,145,0,2a,iso07_best,exp017_cont_e050_abs_e150,pp3_fine20_corrected_routes,0.1360104894589716,True,19507,31592,3475,28117,16032,False
train_19743_c_2.nii.gz,145,1,2d,overall_best,exp007_cont_e050_abs_e150,raw,0.5667527994975226,True,907,1415,658,757,249,False
train_19743_c_2.nii.gz,145,1,2d,overall_best,exp007_cont_e050_abs_e150,pp2_whole_lung20,0.5667527994975226,True,907,1415,658,757,249,False
train_19743_c_2.nii.gz,145,1,2d,overall_best,exp007_cont_e050_abs_e150,pp3_fine20_corrected_routes,0.5724227927044704,True,907,1392,658,734,249,False
train_19743_c_2.nii.gz,145,1,2d,category_best,exp007_cont_e050_abs_e150,raw,0.5667527994975226,True,907,1415,658,757,249,False
train_19743_c_2.nii.gz,145,1,2d,category_best,exp007_cont_e050_abs_e150,pp2_whole_lung20,0.5667527994975226,True,907,1415,658,757,249,False
train_19743_c_2.nii.gz,145,1,2d,category_best,exp007_cont_e050_abs_e150,pp3_fine20_corrected_routes,0.5724227927044704,True,907,1392,658,734,249,False
train_19743_c_2.nii.gz,145,1,2d,iso07_best,exp017_cont_e050_abs_e150,raw,0.39390168033792733,True,907,2307,633,1674,274,False
train_19743_c_2.nii.gz,145,1,2d,iso07_best,exp017_cont_e050_abs_e150,pp2_whole_lung20,0.39390168033792733,True,907,2307,633,1674,274,False
train_19743_c_2.nii.gz,145,1,2d,iso07_best,exp017_cont_e050_abs_e150,pp3_fine20_corrected_routes,0.4557235423125546,True,907,1871,633,1238,274,False
train_13148_a_2.nii.gz,146,0,2d,overall_best,exp007_cont_e050_abs_e150,raw,0.2963514524971322,True,218,1125,199,926,19,False
train_13148_a_2.nii.gz,146,0,2d,overall_best,exp007_cont_e050_abs_e150,pp2_whole_lung20,0.2963514524971322,True,218,1125,199,926,19,False
train_13148_a_2.nii.gz,146,0,2d,overall_best,exp007_cont_e050_abs_e150,pp3_fine20_corrected_routes,0.6067073176727023,True,218,438,199,239,19,False
train_13148_a_2.nii.gz,146,0,2d,category_best,exp007_cont_e050_abs_e150,raw,0.2963514524971322,True,218,1125,199,926,19,False
train_13148_a_2.nii.gz,146,0,2d,category_best,exp007_cont_e050_abs_e150,pp2_whole_lung20,0.2963514524971322,True,218,1125,199,926,19,False
train_13148_a_2.nii.gz,146,0,2d,category_best,exp007_cont_e050_abs_e150,pp3_fine20_corrected_routes,0.6067073176727023,True,218,438,199,239,19,False
train_13148_a_2.nii.gz,146,0,2d,iso07_best,exp017_cont_e050_abs_e150,raw,0.3099236646489132,True,218,1092,203,889,15,False
train_13148_a_2.nii.gz,146,0,2d,iso07_best,exp017_cont_e050_abs_e150,pp2_whole_lung20,0.3099236646489132,True,218,1092,203,889,15,False
train_13148_a_2.nii.gz,146,0,2d,iso07_best,exp017_cont_e050_abs_e150,pp3_fine20_corrected_routes,0.7012089815177738,True,218,361,203,158,15,False
train_13148_a_2.nii.gz,146,1,2d,overall_best,exp007_cont_e050_abs_e150,raw,0.2286245360328768,True,132,944,123,821,9,False
train_13148_a_2.nii.gz,146,1,2d,overall_best,exp007_cont_e050_abs_e150,pp2_whole_lung20,0.2286245360328768,True,132,944,123,821,9,False
train_13148_a_2.nii.gz,146,1,2d,overall_best,exp007_cont_e050_abs_e150,pp3_fine20_corrected_routes,0.3315363890410561,True,132,610,123,487,9,False
train_13148_a_2.nii.gz,146,1,2d,category_best,exp007_cont_e050_abs_e150,raw,0.2286245360328768,True,132,944,123,821,9,False
train_13148_a_2.nii.gz,146,1,2d,category_best,exp007_cont_e050_abs_e150,pp2_whole_lung20,0.2286245360328768,True,132,944,123,821,9,False
train_13148_a_2.nii.gz,146,1,2d,category_best,exp007_cont_e050_abs_e150,pp3_fine20_corrected_routes,0.3315363890410561,True,132,610,123,487,9,False
train_13148_a_2.nii.gz,146,1,2d,iso07_best,exp017_cont_e050_abs_e150,raw,0.22060164154913248,True,132,965,121,844,11,False
train_13148_a_2.nii.gz,146,1,2d,iso07_best,exp017_cont_e050_abs_e150,pp2_whole_lung20,0.22060164154913248,True,132,965,121,844,11,False
train_13148_a_2.nii.gz,146,1,2d,iso07_best,exp017_cont_e050_abs_e150,pp3_fine20_corrected_routes,0.32223701821273365,True,132,619,121,498,11,False
train_18416_a_1.nii.gz,147,0,2c,overall_best,exp007_cont_e050_abs_e150,raw,0.6616716311947816,True,2088869,1331060,1131435,199625,957434,False
train_18416_a_1.nii.gz,147,0,2c,overall_best,exp007_cont_e050_abs_e150,pp2_whole_lung20,0.6625333298590557,True,2088869,1326612,1131435,195177,957434,False
train_18416_a_1.nii.gz,147,0,2c,overall_best,exp007_cont_e050_abs_e150,pp3_fine20_corrected_routes,0.6625333298590557,True,2088869,1326612,1131435,195177,957434,False
train_18416_a_1.nii.gz,147,0,2c,category_best,exp007_cont_e050_abs_e150,raw,0.6616716311947816,True,2088869,1331060,1131435,199625,957434,False
train_18416_a_1.nii.gz,147,0,2c,category_best,exp007_cont_e050_abs_e150,pp2_whole_lung20,0.6625333298590557,True,2088869,1326612,1131435,195177,957434,False
train_18416_a_1.nii.gz,147,0,2c,category_best,exp007_cont_e050_abs_e150,pp3_fine20_corrected_routes,0.6625333298590557,True,2088869,1326612,1131435,195177,957434,False
train_18416_a_1.nii.gz,147,0,2c,iso07_best,exp017_cont_e050_abs_e150,raw,0.33990467704256455,True,2088869,510295,441734,68561,1647135,False
train_18416_a_1.nii.gz,147,0,2c,iso07_best,exp017_cont_e050_abs_e150,pp2_whole_lung20,0.33990467704256455,True,2088869,510295,441734,68561,1647135,False
train_18416_a_1.nii.gz,147,0,2c,iso07_best,exp017_cont_e050_abs_e150,pp3_fine20_corrected_routes,0.33990467704256455,True,2088869,510295,441734,68561,1647135,False
train_2482_a_1.nii.gz,148,0,2d,overall_best,exp007_cont_e050_abs_e150,raw,0.827586207557141,True,127,134,108,26,19,False
train_2482_a_1.nii.gz,148,0,2d,overall_best,exp007_cont_e050_abs_e150,pp2_whole_lung20,0.827586207557141,True,127,134,108,26,19,False
train_2482_a_1.nii.gz,148,0,2d,overall_best,exp007_cont_e050_abs_e150,pp3_fine20_corrected_routes,0.827586207557141,True,127,134,108,26,19,False
train_2482_a_1.nii.gz,148,0,2d,category_best,exp007_cont_e050_abs_e150,raw,0.827586207557141,True,127,134,108,26,19,False
train_2482_a_1.nii.gz,148,0,2d,category_best,exp007_cont_e050_abs_e150,pp2_whole_lung20,0.827586207557141,True,127,134,108,26,19,False
train_2482_a_1.nii.gz,148,0,2d,category_best,exp007_cont_e050_abs_e150,pp3_fine20_corrected_routes,0.827586207557141,True,127,134,108,26,19,False
train_2482_a_1.nii.gz,148,0,2d,iso07_best,exp017_cont_e050_abs_e150,raw,0.8067226898877198,True,127,111,96,15,31,False
train_2482_a_1.nii.gz,148,0,2d,iso07_best,exp017_cont_e050_abs_e150,pp2_whole_lung20,0.8067226898877198,True,127,111,96,15,31,False
train_2482_a_1.nii.gz,148,0,2d,iso07_best,exp017_cont_e050_abs_e150,pp3_fine20_corrected_routes,0.8067226898877198,True,127,111,96,15,31,False
train_2482_a_1.nii.gz,148,1,2c,overall_best,exp007_cont_e050_abs_e150,raw,0.003410283446562135,False,1050,6574,13,6561,1037,False
train_2482_a_1.nii.gz,148,1,2c,overall_best,exp007_cont_e050_abs_e150,pp2_whole_lung20,0.003410283446562135,False,1050,6574,13,6561,1037,False
train_2482_a_1.nii.gz,148,1,2c,overall_best,exp007_cont_e050_abs_e150,pp3_fine20_corrected_routes,0.003410283446562135,False,1050,6574,13,6561,1037,False
train_2482_a_1.nii.gz,148,1,2c,category_best,exp007_cont_e050_abs_e150,raw,0.003410283446562135,False,1050,6574,13,6561,1037,False
train_2482_a_1.nii.gz,148,1,2c,category_best,exp007_cont_e050_abs_e150,pp2_whole_lung20,0.003410283446562135,False,1050,6574,13,6561,1037,False
train_2482_a_1.nii.gz,148,1,2c,category_best,exp007_cont_e050_abs_e150,pp3_fine20_corrected_routes,0.003410283446562135,False,1050,6574,13,6561,1037,False
train_2482_a_1.nii.gz,148,1,2c,iso07_best,exp017_cont_e050_abs_e150,raw,0.37015177092320756,True,1050,1322,439,883,611,False
train_2482_a_1.nii.gz,148,1,2c,iso07_best,exp017_cont_e050_abs_e150,pp2_whole_lung20,0.37015177092320756,True,1050,1322,439,883,611,False
train_2482_a_1.nii.gz,148,1,2c,iso07_best,exp017_cont_e050_abs_e150,pp3_fine20_corrected_routes,0.37015177092320756,True,1050,1322,439,883,611,False
train_19923_a_2.nii.gz,149,0,2d,overall_best,exp007_cont_e050_abs_e150,raw,0.7580025611293181,True,446,335,296,39,150,False
train_19923_a_2.nii.gz,149,0,2d,overall_best,exp007_cont_e050_abs_e150,pp2_whole_lung20,0.7580025611293181,True,446,335,296,39,150,False
train_19923_a_2.nii.gz,149,0,2d,overall_best,exp007_cont_e050_abs_e150,pp3_fine20_corrected_routes,0.7580025611293181,True,446,335,296,39,150,False
train_19923_a_2.nii.gz,149,0,2d,category_best,exp007_cont_e050_abs_e150,raw,0.7580025611293181,True,446,335,296,39,150,False
train_19923_a_2.nii.gz,149,0,2d,category_best,exp007_cont_e050_abs_e150,pp2_whole_lung20,0.7580025611293181,True,446,335,296,39,150,False
train_19923_a_2.nii.gz,149,0,2d,category_best,exp007_cont_e050_abs_e150,pp3_fine20_corrected_routes,0.7580025611293181,True,446,335,296,39,150,False
train_19923_a_2.nii.gz,149,0,2d,iso07_best,exp017_cont_e050_abs_e150,raw,0.7686274512828399,True,446,319,294,25,152,False
train_19923_a_2.nii.gz,149,0,2d,iso07_best,exp017_cont_e050_abs_e150,pp2_whole_lung20,0.7686274512828399,True,446,319,294,25,152,False
train_19923_a_2.nii.gz,149,0,2d,iso07_best,exp017_cont_e050_abs_e150,pp3_fine20_corrected_routes,0.7686274512828399,True,446,319,294,25,152,False
train_2468_a_2.nii.gz,150,0,2a,overall_best,exp007_cont_e050_abs_e150,raw,0.2888161296187827,True,3720,19492,3352,16140,368,False
train_2468_a_2.nii.gz,150,0,2a,overall_best,exp007_cont_e050_abs_e150,pp2_whole_lung20,0.34136157648855026,True,3720,15919,3352,12567,368,False
train_2468_a_2.nii.gz,150,0,2a,overall_best,exp007_cont_e050_abs_e150,pp3_fine20_corrected_routes,0.34136157648855026,True,3720,15919,3352,12567,368,False
train_2468_a_2.nii.gz,150,0,2a,category_best,exp009_s3v2_e100,raw,0.3635696309058531,True,3720,15352,3467,11885,253,False
train_2468_a_2.nii.gz,150,0,2a,category_best,exp009_s3v2_e100,pp2_whole_lung20,0.3635696309058531,True,3720,15352,3467,11885,253,False
train_2468_a_2.nii.gz,150,0,2a,category_best,exp009_s3v2_e100,pp3_fine20_corrected_routes,0.3635696309058531,True,3720,15352,3467,11885,253,False
train_2468_a_2.nii.gz,150,0,2a,iso07_best,exp017_cont_e050_abs_e150,raw,0.3134818186096582,True,3720,19133,3582,15551,138,False
train_2468_a_2.nii.gz,150,0,2a,iso07_best,exp017_cont_e050_abs_e150,pp2_whole_lung20,0.33616442216056663,True,3720,17591,3582,14009,138,False
train_2468_a_2.nii.gz,150,0,2a,iso07_best,exp017_cont_e050_abs_e150,pp3_fine20_corrected_routes,0.33616442216056663,True,3720,17591,3582,14009,138,False
train_2468_a_2.nii.gz,150,1,2d,overall_best,exp007_cont_e050_abs_e150,raw,0.4707560631449671,True,387,1015,330,685,57,False
train_2468_a_2.nii.gz,150,1,2d,overall_best,exp007_cont_e050_abs_e150,pp2_whole_lung20,0.4707560631449671,True,387,1015,330,685,57,False
train_2468_a_2.nii.gz,150,1,2d,overall_best,exp007_cont_e050_abs_e150,pp3_fine20_corrected_routes,0.559322034271761,True,387,793,330,463,57,False
train_2468_a_2.nii.gz,150,1,2d,category_best,exp007_cont_e050_abs_e150,raw,0.4707560631449671,True,387,1015,330,685,57,False
train_2468_a_2.nii.gz,150,1,2d,category_best,exp007_cont_e050_abs_e150,pp2_whole_lung20,0.4707560631449671,True,387,1015,330,685,57,False
train_2468_a_2.nii.gz,150,1,2d,category_best,exp007_cont_e050_abs_e150,pp3_fine20_corrected_routes,0.559322034271761,True,387,793,330,463,57,False
train_2468_a_2.nii.gz,150,1,2d,iso07_best,exp017_cont_e050_abs_e150,raw,0.4781382232171098,True,387,1031,339,692,48,False
train_2468_a_2.nii.gz,150,1,2d,iso07_best,exp017_cont_e050_abs_e150,pp2_whole_lung20,0.5207373275570374,True,387,915,339,576,48,False
train_2468_a_2.nii.gz,150,1,2d,iso07_best,exp017_cont_e050_abs_e150,pp3_fine20_corrected_routes,0.7508305650599884,True,387,516,339,177,48,False
train_13583_d_2.nii.gz,151,0,2e,overall_best,exp007_cont_e050_abs_e150,raw,0.6346967395525935,True,916086,799568,544460,255108,371626,False
train_13583_d_2.nii.gz,151,0,2e,overall_best,exp007_cont_e050_abs_e150,pp2_whole_lung20,0.6346967395525935,True,916086,799568,544460,255108,371626,False
train_13583_d_2.nii.gz,151,0,2e,overall_best,exp007_cont_e050_abs_e150,pp3_fine20_corrected_routes,0.6346967395525935,True,916086,799568,544460,255108,371626,False
train_13583_d_2.nii.gz,151,0,2e,category_best,exp007_cont_e100_abs_e200,raw,0.7095037893927925,True,916086,730352,584077,146275,332009,False
train_13583_d_2.nii.gz,151,0,2e,category_best,exp007_cont_e100_abs_e200,pp2_whole_lung20,0.7095037893927925,True,916086,730352,584077,146275,332009,False
train_13583_d_2.nii.gz,151,0,2e,category_best,exp007_cont_e100_abs_e200,pp3_fine20_corrected_routes,0.7095037893927925,True,916086,730352,584077,146275,332009,False
train_13583_d_2.nii.gz,151,0,2e,iso07_best,exp017_cont_e050_abs_e150,raw,0.6520672412182195,True,916086,622970,501784,121186,414302,False
train_13583_d_2.nii.gz,151,0,2e,iso07_best,exp017_cont_e050_abs_e150,pp2_whole_lung20,0.6520672412182195,True,916086,622970,501784,121186,414302,False
train_13583_d_2.nii.gz,151,0,2e,iso07_best,exp017_cont_e050_abs_e150,pp3_fine20_corrected_routes,0.6520672412182195,True,916086,622970,501784,121186,414302,False
train_13583_d_2.nii.gz,151,1,2b,overall_best,exp007_cont_e050_abs_e150,raw,0.016143323149541144,False,39189,967543,8126,959417,31063,False
train_13583_d_2.nii.gz,151,1,2b,overall_best,exp007_cont_e050_abs_e150,pp2_whole_lung20,0.01907243111413994,False,39189,812931,8126,804805,31063,False
train_13583_d_2.nii.gz,151,1,2b,overall_best,exp007_cont_e050_abs_e150,pp3_fine20_corrected_routes,0.01907243111413994,False,39189,812931,8126,804805,31063,False
train_13583_d_2.nii.gz,151,1,2b,category_best,exp013_category_2all_focal_target100_e100,raw,0.024041146788170736,False,39189,784399,9900,774499,29289,False
train_13583_d_2.nii.gz,151,1,2b,category_best,exp013_category_2all_focal_target100_e100,pp2_whole_lung20,0.027220086775674564,False,39189,688215,9900,678315,29289,False
train_13583_d_2.nii.gz,151,1,2b,category_best,exp013_category_2all_focal_target100_e100,pp3_fine20_corrected_routes,0.027220086775674564,False,39189,688215,9900,678315,29289,False
train_13583_d_2.nii.gz,151,1,2b,iso07_best,exp017_cont_e050_abs_e150,raw,0.008359915887687757,False,39189,816322,3576,812746,35613,False
train_13583_d_2.nii.gz,151,1,2b,iso07_best,exp017_cont_e050_abs_e150,pp2_whole_lung20,0.010739948193849548,False,39189,626736,3576,623160,35613,False
train_13583_d_2.nii.gz,151,1,2b,iso07_best,exp017_cont_e050_abs_e150,pp3_fine20_corrected_routes,0.010739948193849548,False,39189,626736,3576,623160,35613,False
train_13583_d_2.nii.gz,151,2,2b,overall_best,exp007_cont_e050_abs_e150,raw,0.5423157928109268,True,620757,893394,410574,482820,210183,False
train_13583_d_2.nii.gz,151,2,2b,overall_best,exp007_cont_e050_abs_e150,pp2_whole_lung20,0.6264517940301539,True,620757,690035,410574,279461,210183,False
train_13583_d_2.nii.gz,151,2,2b,overall_best,exp007_cont_e050_abs_e150,pp3_fine20_corrected_routes,0.5423157928109268,True,620757,893394,410574,482820,210183,False
train_13583_d_2.nii.gz,151,2,2b,category_best,exp013_category_2all_focal_target100_e100,raw,0.6899515837520187,True,620757,626345,430220,196125,190537,False
train_13583_d_2.nii.gz,151,2,2b,category_best,exp013_category_2all_focal_target100_e100,pp2_whole_lung20,0.7054400145609484,True,620757,598964,430220,168744,190537,False
train_13583_d_2.nii.gz,151,2,2b,category_best,exp013_category_2all_focal_target100_e100,pp3_fine20_corrected_routes,0.6899515837520187,True,620757,626345,430220,196125,190537,False
train_13583_d_2.nii.gz,151,2,2b,iso07_best,exp017_cont_e050_abs_e150,raw,0.5291383815807301,True,620757,1030879,436972,593907,183785,False
train_13583_d_2.nii.gz,151,2,2b,iso07_best,exp017_cont_e050_abs_e150,pp2_whole_lung20,0.7007501072443275,True,620757,626398,436972,189426,183785,False
train_13583_d_2.nii.gz,151,2,2b,iso07_best,exp017_cont_e050_abs_e150,pp3_fine20_corrected_routes,0.5291383815807301,True,620757,1030879,436972,593907,183785,False
train_13447_a_1.nii.gz,152,0,2d,overall_best,exp007_cont_e050_abs_e150,raw,0.5202312147972423,True,219,300,135,165,84,False
train_13447_a_1.nii.gz,152,0,2d,overall_best,exp007_cont_e050_abs_e150,pp2_whole_lung20,0.5202312147972423,True,219,300,135,165,84,False
train_13447_a_1.nii.gz,152,0,2d,overall_best,exp007_cont_e050_abs_e150,pp3_fine20_corrected_routes,0.5202312147972423,True,219,300,135,165,84,False
train_13447_a_1.nii.gz,152,0,2d,category_best,exp007_cont_e050_abs_e150,raw,0.5202312147972423,True,219,300,135,165,84,False
train_13447_a_1.nii.gz,152,0,2d,category_best,exp007_cont_e050_abs_e150,pp2_whole_lung20,0.5202312147972423,True,219,300,135,165,84,False
train_13447_a_1.nii.gz,152,0,2d,category_best,exp007_cont_e050_abs_e150,pp3_fine20_corrected_routes,0.5202312147972423,True,219,300,135,165,84,False
train_13447_a_1.nii.gz,152,0,2d,iso07_best,exp017_cont_e050_abs_e150,raw,0.5155393061873139,True,219,328,141,187,78,False
train_13447_a_1.nii.gz,152,0,2d,iso07_best,exp017_cont_e050_abs_e150,pp2_whole_lung20,0.5155393061873139,True,219,328,141,187,78,False
train_13447_a_1.nii.gz,152,0,2d,iso07_best,exp017_cont_e050_abs_e150,pp3_fine20_corrected_routes,0.5155393061873139,True,219,328,141,187,78,False
train_2530_a_2.nii.gz,153,0,2d,overall_best,exp007_cont_e050_abs_e150,raw,0.3237071864850858,True,363,1126,241,885,122,False
train_2530_a_2.nii.gz,153,0,2d,overall_best,exp007_cont_e050_abs_e150,pp2_whole_lung20,0.3237071864850858,True,363,1126,241,885,122,False
train_2530_a_2.nii.gz,153,0,2d,overall_best,exp007_cont_e050_abs_e150,pp3_fine20_corrected_routes,0.4013322236458516,True,363,838,241,597,122,False
train_2530_a_2.nii.gz,153,0,2d,category_best,exp007_cont_e050_abs_e150,raw,0.3237071864850858,True,363,1126,241,885,122,False
train_2530_a_2.nii.gz,153,0,2d,category_best,exp007_cont_e050_abs_e150,pp2_whole_lung20,0.3237071864850858,True,363,1126,241,885,122,False
train_2530_a_2.nii.gz,153,0,2d,category_best,exp007_cont_e050_abs_e150,pp3_fine20_corrected_routes,0.4013322236458516,True,363,838,241,597,122,False
train_2530_a_2.nii.gz,153,0,2d,iso07_best,exp017_cont_e050_abs_e150,raw,0.18672501882806342,True,363,1008,128,880,235,False
train_2530_a_2.nii.gz,153,0,2d,iso07_best,exp017_cont_e050_abs_e150,pp2_whole_lung20,0.2598984779087325,True,363,622,128,494,235,False
train_2530_a_2.nii.gz,153,0,2d,iso07_best,exp017_cont_e050_abs_e150,pp3_fine20_corrected_routes,0.33117723243055985,True,363,410,128,282,235,False
train_19028_a_2.nii.gz,154,0,2b,overall_best,exp007_cont_e050_abs_e150,raw,0.5500401220539679,True,276688,114618,107617,7001,169071,False
train_19028_a_2.nii.gz,154,0,2b,overall_best,exp007_cont_e050_abs_e150,pp2_whole_lung20,0.5500401220539679,True,276688,114618,107617,7001,169071,False
train_19028_a_2.nii.gz,154,0,2b,overall_best,exp007_cont_e050_abs_e150,pp3_fine20_corrected_routes,0.5500401220539679,True,276688,114618,107617,7001,169071,False
train_19028_a_2.nii.gz,154,0,2b,category_best,exp013_category_2all_focal_target100_e100,raw,0.5548395297119674,True,276688,116687,109130,7557,167558,False
train_19028_a_2.nii.gz,154,0,2b,category_best,exp013_category_2all_focal_target100_e100,pp2_whole_lung20,0.5548395297119674,True,276688,116687,109130,7557,167558,False
train_19028_a_2.nii.gz,154,0,2b,category_best,exp013_category_2all_focal_target100_e100,pp3_fine20_corrected_routes,0.5548395297119674,True,276688,116687,109130,7557,167558,False
train_19028_a_2.nii.gz,154,0,2b,iso07_best,exp017_cont_e050_abs_e150,raw,0.5529139630985455,True,276688,113691,107923,5768,168765,False
train_19028_a_2.nii.gz,154,0,2b,iso07_best,exp017_cont_e050_abs_e150,pp2_whole_lung20,0.5529139630985455,True,276688,113691,107923,5768,168765,False
train_19028_a_2.nii.gz,154,0,2b,iso07_best,exp017_cont_e050_abs_e150,pp3_fine20_corrected_routes,0.5529139630985455,True,276688,113691,107923,5768,168765,False
train_19028_a_2.nii.gz,154,1,2b,overall_best,exp007_cont_e050_abs_e150,raw,0.03558464224227239,False,2534,112066,2039,110027,495,False
train_19028_a_2.nii.gz,154,1,2b,overall_best,exp007_cont_e050_abs_e150,pp2_whole_lung20,0.03558464224227239,False,2534,112066,2039,110027,495,False
train_19028_a_2.nii.gz,154,1,2b,overall_best,exp007_cont_e050_abs_e150,pp3_fine20_corrected_routes,0.03558464224227239,False,2534,112066,2039,110027,495,False
train_19028_a_2.nii.gz,154,1,2b,category_best,exp013_category_2all_focal_target100_e100,raw,0.03140926531071831,False,2534,137170,2194,134976,340,False
train_19028_a_2.nii.gz,154,1,2b,category_best,exp013_category_2all_focal_target100_e100,pp2_whole_lung20,0.03170840981723796,False,2534,135852,2194,133658,340,False
train_19028_a_2.nii.gz,154,1,2b,category_best,exp013_category_2all_focal_target100_e100,pp3_fine20_corrected_routes,0.03170840981723796,False,2534,135852,2194,133658,340,False
train_19028_a_2.nii.gz,154,1,2b,iso07_best,exp017_cont_e050_abs_e150,raw,0.04240503998229374,False,2534,106038,2302,103736,232,False
train_19028_a_2.nii.gz,154,1,2b,iso07_best,exp017_cont_e050_abs_e150,pp2_whole_lung20,0.04240503998229374,False,2534,106038,2302,103736,232,False
train_19028_a_2.nii.gz,154,1,2b,iso07_best,exp017_cont_e050_abs_e150,pp3_fine20_corrected_routes,0.04240503998229374,False,2534,106038,2302,103736,232,False
train_19190_a_2.nii.gz,155,0,2c,overall_best,exp007_cont_e050_abs_e150,raw,0.03536773378818501,False,3171,18883,390,18493,2781,False
train_19190_a_2.nii.gz,155,0,2c,overall_best,exp007_cont_e050_abs_e150,pp2_whole_lung20,0.03536773378818501,False,3171,18883,390,18493,2781,False
train_19190_a_2.nii.gz,155,0,2c,overall_best,exp007_cont_e050_abs_e150,pp3_fine20_corrected_routes,0.03536773378818501,False,3171,18883,390,18493,2781,False
train_19190_a_2.nii.gz,155,0,2c,category_best,exp007_cont_e050_abs_e150,raw,0.03536773378818501,False,3171,18883,390,18493,2781,False
train_19190_a_2.nii.gz,155,0,2c,category_best,exp007_cont_e050_abs_e150,pp2_whole_lung20,0.03536773378818501,False,3171,18883,390,18493,2781,False
train_19190_a_2.nii.gz,155,0,2c,category_best,exp007_cont_e050_abs_e150,pp3_fine20_corrected_routes,0.03536773378818501,False,3171,18883,390,18493,2781,False
train_19190_a_2.nii.gz,155,0,2c,iso07_best,exp017_cont_e050_abs_e150,raw,0.02644935309791803,False,3171,24807,370,24437,2801,False
train_19190_a_2.nii.gz,155,0,2c,iso07_best,exp017_cont_e050_abs_e150,pp2_whole_lung20,0.02644935309791803,False,3171,24807,370,24437,2801,False
train_19190_a_2.nii.gz,155,0,2c,iso07_best,exp017_cont_e050_abs_e150,pp3_fine20_corrected_routes,0.02644935309791803,False,3171,24807,370,24437,2801,False
train_19190_a_2.nii.gz,155,1,2b,overall_best,exp007_cont_e050_abs_e150,raw,0.7232326626738677,True,10667,13140,8609,4531,2058,False
train_19190_a_2.nii.gz,155,1,2b,overall_best,exp007_cont_e050_abs_e150,pp2_whole_lung20,0.7232326626738677,True,10667,13140,8609,4531,2058,False
train_19190_a_2.nii.gz,155,1,2b,overall_best,exp007_cont_e050_abs_e150,pp3_fine20_corrected_routes,0.728403418236382,True,10667,12971,8609,4362,2058,False
train_19190_a_2.nii.gz,155,1,2b,category_best,exp013_category_2all_focal_target100_e100,raw,0.713560371528852,True,10667,13558,8643,4915,2024,False
train_19190_a_2.nii.gz,155,1,2b,category_best,exp013_category_2all_focal_target100_e100,pp2_whole_lung20,0.713560371528852,True,10667,13558,8643,4915,2024,False
train_19190_a_2.nii.gz,155,1,2b,category_best,exp013_category_2all_focal_target100_e100,pp3_fine20_corrected_routes,0.7149474729210461,True,10667,13511,8643,4868,2024,False
train_19190_a_2.nii.gz,155,1,2b,iso07_best,exp017_cont_e050_abs_e150,raw,0.7374780217421452,True,10667,11514,8179,3335,2488,False
train_19190_a_2.nii.gz,155,1,2b,iso07_best,exp017_cont_e050_abs_e150,pp2_whole_lung20,0.7374780217421452,True,10667,11514,8179,3335,2488,False
train_19190_a_2.nii.gz,155,1,2b,iso07_best,exp017_cont_e050_abs_e150,pp3_fine20_corrected_routes,0.7418594104425461,True,10667,11383,8179,3204,2488,False
train_19190_a_2.nii.gz,155,2,2c,overall_best,exp007_cont_e050_abs_e150,raw,0.022385723307577824,False,287,12489,143,12346,144,False
train_19190_a_2.nii.gz,155,2,2c,overall_best,exp007_cont_e050_abs_e150,pp2_whole_lung20,0.022385723307577824,False,287,12489,143,12346,144,False
train_19190_a_2.nii.gz,155,2,2c,overall_best,exp007_cont_e050_abs_e150,pp3_fine20_corrected_routes,0.4468750008642578,True,287,353,143,210,144,False
train_19190_a_2.nii.gz,155,2,2c,category_best,exp007_cont_e050_abs_e150,raw,0.022385723307577824,False,287,12489,143,12346,144,False
train_19190_a_2.nii.gz,155,2,2c,category_best,exp007_cont_e050_abs_e150,pp2_whole_lung20,0.022385723307577824,False,287,12489,143,12346,144,False
train_19190_a_2.nii.gz,155,2,2c,category_best,exp007_cont_e050_abs_e150,pp3_fine20_corrected_routes,0.4468750008642578,True,287,353,143,210,144,False
train_19190_a_2.nii.gz,155,2,2c,iso07_best,exp017_cont_e050_abs_e150,raw,0.04786979425104167,False,287,10158,250,9908,37,False
train_19190_a_2.nii.gz,155,2,2c,iso07_best,exp017_cont_e050_abs_e150,pp2_whole_lung20,0.04786979425104167,False,287,10158,250,9908,37,False
train_19190_a_2.nii.gz,155,2,2c,iso07_best,exp017_cont_e050_abs_e150,pp3_fine20_corrected_routes,0.595947557096606,True,287,552,250,302,37,False
train_19190_a_2.nii.gz,155,3,1e,overall_best,exp007_cont_e050_abs_e150,raw,9.24556212932271e-11,False,9700,1116,0,1116,9700,False
train_19190_a_2.nii.gz,155,3,1e,overall_best,exp007_cont_e050_abs_e150,pp2_whole_lung20,9.24556212932271e-11,False,9700,1116,0,1116,9700,False
train_19190_a_2.nii.gz,155,3,1e,overall_best,exp007_cont_e050_abs_e150,pp3_fine20_corrected_routes,9.24556212932271e-11,False,9700,1116,0,1116,9700,False
train_19190_a_2.nii.gz,155,3,1e,category_best,exp012_r02_category_2d_replay50_e100,raw,5.812263876442181e-11,False,9700,7505,0,7505,9700,False
train_19190_a_2.nii.gz,155,3,1e,category_best,exp012_r02_category_2d_replay50_e100,pp2_whole_lung20,5.812263876442181e-11,False,9700,7505,0,7505,9700,False
train_19190_a_2.nii.gz,155,3,1e,category_best,exp012_r02_category_2d_replay50_e100,pp3_fine20_corrected_routes,5.812263876442181e-11,False,9700,7505,0,7505,9700,False
train_19190_a_2.nii.gz,155,3,1e,iso07_best,exp017_cont_e050_abs_e150,raw,0.07641999006404315,False,9700,46568,2150,44418,7550,False
train_19190_a_2.nii.gz,155,3,1e,iso07_best,exp017_cont_e050_abs_e150,pp2_whole_lung20,0.07922908261789051,False,9700,44573,2150,42423,7550,False
train_19190_a_2.nii.gz,155,3,1e,iso07_best,exp017_cont_e050_abs_e150,pp3_fine20_corrected_routes,0.07641999006404315,False,9700,46568,2150,44418,7550,False
train_18721_a_2.nii.gz,156,0,2d,overall_best,exp007_cont_e050_abs_e150,raw,0.45945946027108187,True,248,418,153,265,95,False
train_18721_a_2.nii.gz,156,0,2d,overall_best,exp007_cont_e050_abs_e150,pp2_whole_lung20,0.45945946027108187,True,248,418,153,265,95,False
train_18721_a_2.nii.gz,156,0,2d,overall_best,exp007_cont_e050_abs_e150,pp3_fine20_corrected_routes,0.6580645168643774,True,248,217,153,64,95,False
train_18721_a_2.nii.gz,156,0,2d,category_best,exp007_cont_e050_abs_e150,raw,0.45945946027108187,True,248,418,153,265,95,False
train_18721_a_2.nii.gz,156,0,2d,category_best,exp007_cont_e050_abs_e150,pp2_whole_lung20,0.45945946027108187,True,248,418,153,265,95,False
train_18721_a_2.nii.gz,156,0,2d,category_best,exp007_cont_e050_abs_e150,pp3_fine20_corrected_routes,0.6580645168643774,True,248,217,153,64,95,False
train_18721_a_2.nii.gz,156,0,2d,iso07_best,exp017_cont_e050_abs_e150,raw,0.24908425045955265,True,248,298,68,230,180,False
train_18721_a_2.nii.gz,156,0,2d,iso07_best,exp017_cont_e050_abs_e150,pp2_whole_lung20,0.2556390991435355,True,248,284,68,216,180,False
train_18721_a_2.nii.gz,156,0,2d,iso07_best,exp017_cont_e050_abs_e150,pp3_fine20_corrected_routes,0.3788300852957379,True,248,111,68,43,180,False
train_18721_a_2.nii.gz,156,1,2d,overall_best,exp007_cont_e050_abs_e150,raw,1.6260162575186726e-09,False,69,546,0,546,69,False
train_18721_a_2.nii.gz,156,1,2d,overall_best,exp007_cont_e050_abs_e150,pp2_whole_lung20,1.6260162575186726e-09,False,69,546,0,546,69,False
train_18721_a_2.nii.gz,156,1,2d,overall_best,exp007_cont_e050_abs_e150,pp3_fine20_corrected_routes,4.5454545247933885e-09,False,69,151,0,151,69,False
train_18721_a_2.nii.gz,156,1,2d,category_best,exp007_cont_e050_abs_e150,raw,1.6260162575186726e-09,False,69,546,0,546,69,False
train_18721_a_2.nii.gz,156,1,2d,category_best,exp007_cont_e050_abs_e150,pp2_whole_lung20,1.6260162575186726e-09,False,69,546,0,546,69,False
train_18721_a_2.nii.gz,156,1,2d,category_best,exp007_cont_e050_abs_e150,pp3_fine20_corrected_routes,4.5454545247933885e-09,False,69,151,0,151,69,False
train_18721_a_2.nii.gz,156,1,2d,iso07_best,exp017_cont_e050_abs_e150,raw,0.019801989902950595,False,69,32,1,31,68,False
train_18721_a_2.nii.gz,156,1,2d,iso07_best,exp017_cont_e050_abs_e150,pp2_whole_lung20,0.019801989902950595,False,69,32,1,31,68,False
train_18721_a_2.nii.gz,156,1,2d,iso07_best,exp017_cont_e050_abs_e150,pp3_fine20_corrected_routes,0.028571442448979398,False,69,1,1,0,68,False
train_18721_a_2.nii.gz,156,2,2d,overall_best,exp007_cont_e050_abs_e150,raw,0.5192307700012327,True,198,426,162,264,36,False
train_18721_a_2.nii.gz,156,2,2d,overall_best,exp007_cont_e050_abs_e150,pp2_whole_lung20,0.5192307700012327,True,198,426,162,264,36,False
train_18721_a_2.nii.gz,156,2,2d,overall_best,exp007_cont_e050_abs_e150,pp3_fine20_corrected_routes,0.648000000704,True,198,302,162,140,36,False
train_18721_a_2.nii.gz,156,2,2d,category_best,exp007_cont_e050_abs_e150,raw,0.5192307700012327,True,198,426,162,264,36,False
train_18721_a_2.nii.gz,156,2,2d,category_best,exp007_cont_e050_abs_e150,pp2_whole_lung20,0.5192307700012327,True,198,426,162,264,36,False
train_18721_a_2.nii.gz,156,2,2d,category_best,exp007_cont_e050_abs_e150,pp3_fine20_corrected_routes,0.648000000704,True,198,302,162,140,36,False
train_18721_a_2.nii.gz,156,2,2d,iso07_best,exp017_cont_e050_abs_e150,raw,0.4137931042568371,True,198,527,150,377,48,False
train_18721_a_2.nii.gz,156,2,2d,iso07_best,exp017_cont_e050_abs_e150,pp2_whole_lung20,0.5319148944469594,True,198,366,150,216,48,False
train_18721_a_2.nii.gz,156,2,2d,iso07_best,exp017_cont_e050_abs_e150,pp3_fine20_corrected_routes,0.7246376818245467,True,198,216,150,66,48,False
train_18721_a_2.nii.gz,156,3,2a,overall_best,exp007_cont_e050_abs_e150,raw,0.6685636681324088,True,8447,7016,5169,1847,3278,False
train_18721_a_2.nii.gz,156,3,2a,overall_best,exp007_cont_e050_abs_e150,pp2_whole_lung20,0.6685636681324088,True,8447,7016,5169,1847,3278,False
train_18721_a_2.nii.gz,156,3,2a,overall_best,exp007_cont_e050_abs_e150,pp3_fine20_corrected_routes,0.6706889840618471,True,8447,6967,5169,1798,3278,False
train_18721_a_2.nii.gz,156,3,2a,category_best,exp009_s3v2_e100,raw,0.6432403433715638,True,8447,6465,4796,1669,3651,False
train_18721_a_2.nii.gz,156,3,2a,category_best,exp009_s3v2_e100,pp2_whole_lung20,0.6432403433715638,True,8447,6465,4796,1669,3651,False
train_18721_a_2.nii.gz,156,3,2a,category_best,exp009_s3v2_e100,pp3_fine20_corrected_routes,0.6432403433715638,True,8447,6465,4796,1669,3651,False
train_18721_a_2.nii.gz,156,3,2a,iso07_best,exp017_cont_e050_abs_e150,raw,0.6911599929414897,True,8447,8510,5860,2650,2587,False
train_18721_a_2.nii.gz,156,3,2a,iso07_best,exp017_cont_e050_abs_e150,pp2_whole_lung20,0.6911599929414897,True,8447,8510,5860,2650,2587,False
train_18721_a_2.nii.gz,156,3,2a,iso07_best,exp017_cont_e050_abs_e150,pp3_fine20_corrected_routes,0.6936553030484343,True,8447,8449,5860,2589,2587,False
train_18721_a_2.nii.gz,156,4,2a,overall_best,exp007_cont_e050_abs_e150,raw,0.4758895909689644,True,13390,22694,8586,14108,4804,False
train_18721_a_2.nii.gz,156,4,2a,overall_best,exp007_cont_e050_abs_e150,pp2_whole_lung20,0.4758895909689644,True,13390,22694,8586,14108,4804,False
train_18721_a_2.nii.gz,156,4,2a,overall_best,exp007_cont_e050_abs_e150,pp3_fine20_corrected_routes,0.4758895909689644,True,13390,22694,8586,14108,4804,False
train_18721_a_2.nii.gz,156,4,2a,category_best,exp009_s3v2_e100,raw,0.4523809524002974,True,13390,14918,6403,8515,6987,False
train_18721_a_2.nii.gz,156,4,2a,category_best,exp009_s3v2_e100,pp2_whole_lung20,0.4523809524002974,True,13390,14918,6403,8515,6987,False
train_18721_a_2.nii.gz,156,4,2a,category_best,exp009_s3v2_e100,pp3_fine20_corrected_routes,0.4523809524002974,True,13390,14918,6403,8515,6987,False
train_18721_a_2.nii.gz,156,4,2a,iso07_best,exp017_cont_e050_abs_e150,raw,0.6075194442003283,True,13390,19139,9881,9258,3509,False
train_18721_a_2.nii.gz,156,4,2a,iso07_best,exp017_cont_e050_abs_e150,pp2_whole_lung20,0.6075194442003283,True,13390,19139,9881,9258,3509,False
train_18721_a_2.nii.gz,156,4,2a,iso07_best,exp017_cont_e050_abs_e150,pp3_fine20_corrected_routes,0.6075194442003283,True,13390,19139,9881,9258,3509,False
train_2515_b_2.nii.gz,157,0,2d,overall_best,exp007_cont_e050_abs_e150,raw,0.108910893294775,True,70,334,22,312,48,False
train_2515_b_2.nii.gz,157,0,2d,overall_best,exp007_cont_e050_abs_e150,pp2_whole_lung20,0.12790697927934017,True,70,274,22,252,48,False
train_2515_b_2.nii.gz,157,0,2d,overall_best,exp007_cont_e050_abs_e150,pp3_fine20_corrected_routes,0.12790697927934017,True,70,274,22,252,48,False
train_2515_b_2.nii.gz,157,0,2d,category_best,exp007_cont_e050_abs_e150,raw,0.108910893294775,True,70,334,22,312,48,False
train_2515_b_2.nii.gz,157,0,2d,category_best,exp007_cont_e050_abs_e150,pp2_whole_lung20,0.12790697927934017,True,70,274,22,252,48,False
train_2515_b_2.nii.gz,157,0,2d,category_best,exp007_cont_e050_abs_e150,pp3_fine20_corrected_routes,0.12790697927934017,True,70,274,22,252,48,False
train_2515_b_2.nii.gz,157,0,2d,iso07_best,exp017_cont_e050_abs_e150,raw,0.14102564377876395,True,70,242,22,220,48,False
train_2515_b_2.nii.gz,157,0,2d,iso07_best,exp017_cont_e050_abs_e150,pp2_whole_lung20,0.21256039027748602,True,70,137,22,115,48,False
train_2515_b_2.nii.gz,157,0,2d,iso07_best,exp017_cont_e050_abs_e150,pp3_fine20_corrected_routes,0.21256039027748602,True,70,137,22,115,48,False
train_2493_a_1.nii.gz,158,0,2a,overall_best,exp007_cont_e050_abs_e150,raw,0.5016857721956202,True,1283,3166,1116,2050,167,False
train_2493_a_1.nii.gz,158,0,2a,overall_best,exp007_cont_e050_abs_e150,pp2_whole_lung20,0.5031559965051496,True,1283,3153,1116,2037,167,False
train_2493_a_1.nii.gz,158,0,2a,overall_best,exp007_cont_e050_abs_e150,pp3_fine20_corrected_routes,0.5031559965051496,True,1283,3153,1116,2037,167,False
train_2493_a_1.nii.gz,158,0,2a,category_best,exp009_s3v2_e100,raw,0.6047745359138529,True,1283,2487,1140,1347,143,False
train_2493_a_1.nii.gz,158,0,2a,category_best,exp009_s3v2_e100,pp2_whole_lung20,0.6047745359138529,True,1283,2487,1140,1347,143,False
train_2493_a_1.nii.gz,158,0,2a,category_best,exp009_s3v2_e100,pp3_fine20_corrected_routes,0.6047745359138529,True,1283,2487,1140,1347,143,False
train_2493_a_1.nii.gz,158,0,2a,iso07_best,exp017_cont_e050_abs_e150,raw,0.587496587609201,True,1283,2380,1076,1304,207,False
train_2493_a_1.nii.gz,158,0,2a,iso07_best,exp017_cont_e050_abs_e150,pp2_whole_lung20,0.599944243211613,True,1283,2304,1076,1228,207,False
train_2493_a_1.nii.gz,158,0,2a,iso07_best,exp017_cont_e050_abs_e150,pp3_fine20_corrected_routes,0.599944243211613,True,1283,2304,1076,1228,207,False
train_2493_a_1.nii.gz,158,1,2d,overall_best,exp007_cont_e050_abs_e150,raw,0.1317365286791686,True,198,303,33,270,165,False
train_2493_a_1.nii.gz,158,1,2d,overall_best,exp007_cont_e050_abs_e150,pp2_whole_lung20,0.1317365286791686,True,198,303,33,270,165,False
train_2493_a_1.nii.gz,158,1,2d,overall_best,exp007_cont_e050_abs_e150,pp3_fine20_corrected_routes,0.1317365286791686,True,198,303,33,270,165,False
train_2493_a_1.nii.gz,158,1,2d,category_best,exp007_cont_e050_abs_e150,raw,0.1317365286791686,True,198,303,33,270,165,False
train_2493_a_1.nii.gz,158,1,2d,category_best,exp007_cont_e050_abs_e150,pp2_whole_lung20,0.1317365286791686,True,198,303,33,270,165,False
train_2493_a_1.nii.gz,158,1,2d,category_best,exp007_cont_e050_abs_e150,pp3_fine20_corrected_routes,0.1317365286791686,True,198,303,33,270,165,False
train_2493_a_1.nii.gz,158,1,2d,iso07_best,exp017_cont_e050_abs_e150,raw,0.10884353893053819,True,198,390,32,358,166,False
train_2493_a_1.nii.gz,158,1,2d,iso07_best,exp017_cont_e050_abs_e150,pp2_whole_lung20,0.12524462010715337,True,198,313,32,281,166,False
train_2493_a_1.nii.gz,158,1,2d,iso07_best,exp017_cont_e050_abs_e150,pp3_fine20_corrected_routes,0.15496368243350198,True,198,215,32,183,166,False
train_13631_a_1.nii.gz,159,0,2d,overall_best,exp007_cont_e050_abs_e150,raw,0.7730061363619255,True,74,89,63,26,11,False
train_13631_a_1.nii.gz,159,0,2d,overall_best,exp007_cont_e050_abs_e150,pp2_whole_lung20,0.7730061363619255,True,74,89,63,26,11,False
train_13631_a_1.nii.gz,159,0,2d,overall_best,exp007_cont_e050_abs_e150,pp3_fine20_corrected_routes,0.7730061363619255,True,74,89,63,26,11,False
train_13631_a_1.nii.gz,159,0,2d,category_best,exp007_cont_e050_abs_e150,raw,0.7730061363619255,True,74,89,63,26,11,False
train_13631_a_1.nii.gz,159,0,2d,category_best,exp007_cont_e050_abs_e150,pp2_whole_lung20,0.7730061363619255,True,74,89,63,26,11,False
train_13631_a_1.nii.gz,159,0,2d,category_best,exp007_cont_e050_abs_e150,pp3_fine20_corrected_routes,0.7730061363619255,True,74,89,63,26,11,False
train_13631_a_1.nii.gz,159,0,2d,iso07_best,exp017_cont_e050_abs_e150,raw,0.7973856222393096,True,74,79,61,18,13,False
train_13631_a_1.nii.gz,159,0,2d,iso07_best,exp017_cont_e050_abs_e150,pp2_whole_lung20,0.7973856222393096,True,74,79,61,18,13,False
train_13631_a_1.nii.gz,159,0,2d,iso07_best,exp017_cont_e050_abs_e150,pp3_fine20_corrected_routes,0.7973856222393096,True,74,79,61,18,13,False
train_13631_a_1.nii.gz,159,1,1c,overall_best,exp007_cont_e050_abs_e150,raw,2.836147264102498e-12,False,1986,350605,0,350605,1986,False
train_13631_a_1.nii.gz,159,1,1c,overall_best,exp007_cont_e050_abs_e150,pp2_whole_lung20,2.836147264102498e-12,False,1986,350605,0,350605,1986,False
train_13631_a_1.nii.gz,159,1,1c,overall_best,exp007_cont_e050_abs_e150,pp3_fine20_corrected_routes,2.836147264102498e-12,False,1986,350605,0,350605,1986,False
train_13631_a_1.nii.gz,159,1,1c,category_best,exp017_cont_e075_abs_e175,raw,6.9641762771814285e-12,False,1986,141606,0,141606,1986,False
train_13631_a_1.nii.gz,159,1,1c,category_best,exp017_cont_e075_abs_e175,pp2_whole_lung20,7.248372740267259e-12,False,1986,135976,0,135976,1986,False
train_13631_a_1.nii.gz,159,1,1c,category_best,exp017_cont_e075_abs_e175,pp3_fine20_corrected_routes,7.248372740267259e-12,False,1986,135976,0,135976,1986,False
train_13631_a_1.nii.gz,159,1,1c,iso07_best,exp017_cont_e050_abs_e150,raw,1.1570859946177326e-11,False,1986,84438,0,84438,1986,False
train_13631_a_1.nii.gz,159,1,1c,iso07_best,exp017_cont_e050_abs_e150,pp2_whole_lung20,1.1719345122857184e-11,False,1986,83343,0,83343,1986,False
train_13631_a_1.nii.gz,159,1,1c,iso07_best,exp017_cont_e050_abs_e150,pp3_fine20_corrected_routes,1.1719345122857184e-11,False,1986,83343,0,83343,1986,False
train_19459_a_2.nii.gz,160,0,2a,overall_best,exp007_cont_e050_abs_e150,raw,0.3598809307235356,True,13288,3173,2962,211,10326,False
train_19459_a_2.nii.gz,160,0,2a,overall_best,exp007_cont_e050_abs_e150,pp2_whole_lung20,0.36381502184094977,True,13288,2995,2962,33,10326,False
train_19459_a_2.nii.gz,160,0,2a,overall_best,exp007_cont_e050_abs_e150,pp3_fine20_corrected_routes,0.3598809307235356,True,13288,3173,2962,211,10326,False
train_19459_a_2.nii.gz,160,0,2a,category_best,exp009_s3v2_e100,raw,0.5546235891294075,True,13288,6026,5356,670,7932,False
train_19459_a_2.nii.gz,160,0,2a,category_best,exp009_s3v2_e100,pp2_whole_lung20,0.5637301336930991,True,13288,5714,5356,358,7932,False
train_19459_a_2.nii.gz,160,0,2a,category_best,exp009_s3v2_e100,pp3_fine20_corrected_routes,0.5546235891294075,True,13288,6026,5356,670,7932,False
train_19459_a_2.nii.gz,160,0,2a,iso07_best,exp017_cont_e050_abs_e150,raw,0.3576314006187916,True,13288,2941,2902,39,10386,False
train_19459_a_2.nii.gz,160,0,2a,iso07_best,exp017_cont_e050_abs_e150,pp2_whole_lung20,0.3576314006187916,True,13288,2941,2902,39,10386,False
train_19459_a_2.nii.gz,160,0,2a,iso07_best,exp017_cont_e050_abs_e150,pp3_fine20_corrected_routes,0.3576314006187916,True,13288,2941,2902,39,10386,False
train_19459_a_2.nii.gz,160,1,2d,overall_best,exp007_cont_e050_abs_e150,raw,0.6072072075610745,True,643,467,337,130,306,False
train_19459_a_2.nii.gz,160,1,2d,overall_best,exp007_cont_e050_abs_e150,pp2_whole_lung20,0.6072072075610745,True,643,467,337,130,306,False
train_19459_a_2.nii.gz,160,1,2d,overall_best,exp007_cont_e050_abs_e150,pp3_fine20_corrected_routes,0.6072072075610745,True,643,467,337,130,306,False
train_19459_a_2.nii.gz,160,1,2d,category_best,exp007_cont_e050_abs_e150,raw,0.6072072075610745,True,643,467,337,130,306,False
train_19459_a_2.nii.gz,160,1,2d,category_best,exp007_cont_e050_abs_e150,pp2_whole_lung20,0.6072072075610745,True,643,467,337,130,306,False
train_19459_a_2.nii.gz,160,1,2d,category_best,exp007_cont_e050_abs_e150,pp3_fine20_corrected_routes,0.6072072075610745,True,643,467,337,130,306,False
train_19459_a_2.nii.gz,160,1,2d,iso07_best,exp017_cont_e050_abs_e150,raw,0.5331991956406447,True,643,351,265,86,378,False
train_19459_a_2.nii.gz,160,1,2d,iso07_best,exp017_cont_e050_abs_e150,pp2_whole_lung20,0.5435897440578566,True,643,332,265,67,378,False
train_19459_a_2.nii.gz,160,1,2d,iso07_best,exp017_cont_e050_abs_e150,pp3_fine20_corrected_routes,0.5435897440578566,True,643,332,265,67,378,False
train_2537_a_2.nii.gz,161,0,2c,overall_best,exp007_cont_e050_abs_e150,raw,0.4840339279052169,True,134046,122498,62088,60410,71958,False
train_2537_a_2.nii.gz,161,0,2c,overall_best,exp007_cont_e050_abs_e150,pp2_whole_lung20,0.4840339279052169,True,134046,122498,62088,60410,71958,False
train_2537_a_2.nii.gz,161,0,2c,overall_best,exp007_cont_e050_abs_e150,pp3_fine20_corrected_routes,0.4840339279052169,True,134046,122498,62088,60410,71958,False
train_2537_a_2.nii.gz,161,0,2c,category_best,exp007_cont_e050_abs_e150,raw,0.4840339279052169,True,134046,122498,62088,60410,71958,False
train_2537_a_2.nii.gz,161,0,2c,category_best,exp007_cont_e050_abs_e150,pp2_whole_lung20,0.4840339279052169,True,134046,122498,62088,60410,71958,False
train_2537_a_2.nii.gz,161,0,2c,category_best,exp007_cont_e050_abs_e150,pp3_fine20_corrected_routes,0.4840339279052169,True,134046,122498,62088,60410,71958,False
train_2537_a_2.nii.gz,161,0,2c,iso07_best,exp017_cont_e050_abs_e150,raw,0.5238959635312358,True,134046,82455,56712,25743,77334,False
train_2537_a_2.nii.gz,161,0,2c,iso07_best,exp017_cont_e050_abs_e150,pp2_whole_lung20,0.5238959635312358,True,134046,82455,56712,25743,77334,False
train_2537_a_2.nii.gz,161,0,2c,iso07_best,exp017_cont_e050_abs_e150,pp3_fine20_corrected_routes,0.5238959635312358,True,134046,82455,56712,25743,77334,False
train_2537_a_2.nii.gz,161,1,2c,overall_best,exp007_cont_e050_abs_e150,raw,0.3304590818392971,True,127883,97567,37251,60316,90632,False
train_2537_a_2.nii.gz,161,1,2c,overall_best,exp007_cont_e050_abs_e150,pp2_whole_lung20,0.3304590818392971,True,127883,97567,37251,60316,90632,False
train_2537_a_2.nii.gz,161,1,2c,overall_best,exp007_cont_e050_abs_e150,pp3_fine20_corrected_routes,0.3304590818392971,True,127883,97567,37251,60316,90632,False
train_2537_a_2.nii.gz,161,1,2c,category_best,exp007_cont_e050_abs_e150,raw,0.3304590818392971,True,127883,97567,37251,60316,90632,False
train_2537_a_2.nii.gz,161,1,2c,category_best,exp007_cont_e050_abs_e150,pp2_whole_lung20,0.3304590818392971,True,127883,97567,37251,60316,90632,False
train_2537_a_2.nii.gz,161,1,2c,category_best,exp007_cont_e050_abs_e150,pp3_fine20_corrected_routes,0.3304590818392971,True,127883,97567,37251,60316,90632,False
train_2537_a_2.nii.gz,161,1,2c,iso07_best,exp017_cont_e050_abs_e150,raw,0.2607678176564082,True,127883,43043,22286,20757,105597,False
train_2537_a_2.nii.gz,161,1,2c,iso07_best,exp017_cont_e050_abs_e150,pp2_whole_lung20,0.2607678176564082,True,127883,43043,22286,20757,105597,False
train_2537_a_2.nii.gz,161,1,2c,iso07_best,exp017_cont_e050_abs_e150,pp3_fine20_corrected_routes,0.2607678176564082,True,127883,43043,22286,20757,105597,False
train_2645_a_1.nii.gz,162,0,2c,overall_best,exp007_cont_e050_abs_e150,raw,0.7058654396922558,True,1156424,1507690,940253,567437,216171,False
train_2645_a_1.nii.gz,162,0,2c,overall_best,exp007_cont_e050_abs_e150,pp2_whole_lung20,0.7058654396922558,True,1156424,1507690,940253,567437,216171,False
train_2645_a_1.nii.gz,162,0,2c,overall_best,exp007_cont_e050_abs_e150,pp3_fine20_corrected_routes,0.7058654396922558,True,1156424,1507690,940253,567437,216171,False
train_2645_a_1.nii.gz,162,0,2c,category_best,exp007_cont_e050_abs_e150,raw,0.7058654396922558,True,1156424,1507690,940253,567437,216171,False
train_2645_a_1.nii.gz,162,0,2c,category_best,exp007_cont_e050_abs_e150,pp2_whole_lung20,0.7058654396922558,True,1156424,1507690,940253,567437,216171,False
train_2645_a_1.nii.gz,162,0,2c,category_best,exp007_cont_e050_abs_e150,pp3_fine20_corrected_routes,0.7058654396922558,True,1156424,1507690,940253,567437,216171,False
train_2645_a_1.nii.gz,162,0,2c,iso07_best,exp017_cont_e050_abs_e150,raw,0.6883127632676685,True,1156424,1489411,910581,578830,245843,False
train_2645_a_1.nii.gz,162,0,2c,iso07_best,exp017_cont_e050_abs_e150,pp2_whole_lung20,0.6883575118978917,True,1156424,1489239,910581,578658,245843,False
train_2645_a_1.nii.gz,162,0,2c,iso07_best,exp017_cont_e050_abs_e150,pp3_fine20_corrected_routes,0.6883575118978917,True,1156424,1489239,910581,578658,245843,False
train_13497_a_1.nii.gz,163,0,2a,overall_best,exp007_cont_e050_abs_e150,raw,0.12204007305964479,True,2073,2319,268,2051,1805,False
train_13497_a_1.nii.gz,163,0,2a,overall_best,exp007_cont_e050_abs_e150,pp2_whole_lung20,0.12204007305964479,True,2073,2319,268,2051,1805,False
train_13497_a_1.nii.gz,163,0,2a,overall_best,exp007_cont_e050_abs_e150,pp3_fine20_corrected_routes,0.12204007305964479,True,2073,2319,268,2051,1805,False
train_13497_a_1.nii.gz,163,0,2a,category_best,exp009_s3v2_e100,raw,0.2551892554166089,True,2073,1203,418,785,1655,False
train_13497_a_1.nii.gz,163,0,2a,category_best,exp009_s3v2_e100,pp2_whole_lung20,0.2551892554166089,True,2073,1203,418,785,1655,False
train_13497_a_1.nii.gz,163,0,2a,category_best,exp009_s3v2_e100,pp3_fine20_corrected_routes,0.2551892554166089,True,2073,1203,418,785,1655,False
train_13497_a_1.nii.gz,163,0,2a,iso07_best,exp017_cont_e050_abs_e150,raw,4.3140638462838377e-10,False,2073,245,0,245,2073,False
train_13497_a_1.nii.gz,163,0,2a,iso07_best,exp017_cont_e050_abs_e150,pp2_whole_lung20,4.823926673987493e-10,False,2073,0,0,0,2073,False
train_13497_a_1.nii.gz,163,0,2a,iso07_best,exp017_cont_e050_abs_e150,pp3_fine20_corrected_routes,4.823926673987493e-10,False,2073,0,0,0,2073,False
train_13426_a_2.nii.gz,164,0,2d,overall_best,exp007_cont_e050_abs_e150,raw,5.376344057116429e-09,False,173,13,0,13,173,False
train_13426_a_2.nii.gz,164,0,2d,overall_best,exp007_cont_e050_abs_e150,pp2_whole_lung20,5.376344057116429e-09,False,173,13,0,13,173,False
train_13426_a_2.nii.gz,164,0,2d,overall_best,exp007_cont_e050_abs_e150,pp3_fine20_corrected_routes,5.376344057116429e-09,False,173,13,0,13,173,False
train_13426_a_2.nii.gz,164,0,2d,category_best,exp007_cont_e050_abs_e150,raw,5.376344057116429e-09,False,173,13,0,13,173,False
train_13426_a_2.nii.gz,164,0,2d,category_best,exp007_cont_e050_abs_e150,pp2_whole_lung20,5.376344057116429e-09,False,173,13,0,13,173,False
train_13426_a_2.nii.gz,164,0,2d,category_best,exp007_cont_e050_abs_e150,pp3_fine20_corrected_routes,5.376344057116429e-09,False,173,13,0,13,173,False
train_13426_a_2.nii.gz,164,0,2d,iso07_best,exp017_cont_e050_abs_e150,raw,3.802281354363949e-09,False,173,90,0,90,173,False
train_13426_a_2.nii.gz,164,0,2d,iso07_best,exp017_cont_e050_abs_e150,pp2_whole_lung20,3.802281354363949e-09,False,173,90,0,90,173,False
train_13426_a_2.nii.gz,164,0,2d,iso07_best,exp017_cont_e050_abs_e150,pp3_fine20_corrected_routes,5.617977496528216e-09,False,173,5,0,5,173,False
train_13426_a_2.nii.gz,164,1,2d,overall_best,exp007_cont_e050_abs_e150,raw,0.4664536758260266,True,152,161,73,88,79,False
train_13426_a_2.nii.gz,164,1,2d,overall_best,exp007_cont_e050_abs_e150,pp2_whole_lung20,0.4664536758260266,True,152,161,73,88,79,False
train_13426_a_2.nii.gz,164,1,2d,overall_best,exp007_cont_e050_abs_e150,pp3_fine20_corrected_routes,0.4664536758260266,True,152,161,73,88,79,False
train_13426_a_2.nii.gz,164,1,2d,category_best,exp007_cont_e050_abs_e150,raw,0.4664536758260266,True,152,161,73,88,79,False
train_13426_a_2.nii.gz,164,1,2d,category_best,exp007_cont_e050_abs_e150,pp2_whole_lung20,0.4664536758260266,True,152,161,73,88,79,False
train_13426_a_2.nii.gz,164,1,2d,category_best,exp007_cont_e050_abs_e150,pp3_fine20_corrected_routes,0.4664536758260266,True,152,161,73,88,79,False
train_13426_a_2.nii.gz,164,1,2d,iso07_best,exp017_cont_e050_abs_e150,raw,0.4818481865285538,True,152,151,73,78,79,False
train_13426_a_2.nii.gz,164,1,2d,iso07_best,exp017_cont_e050_abs_e150,pp2_whole_lung20,0.4818481865285538,True,152,151,73,78,79,False
train_13426_a_2.nii.gz,164,1,2d,iso07_best,exp017_cont_e050_abs_e150,pp3_fine20_corrected_routes,0.4818481865285538,True,152,151,73,78,79,False
train_19315_a_2.nii.gz,165,0,2a,overall_best,exp007_cont_e050_abs_e150,raw,0.4665352076907763,True,57728,20877,18336,2541,39392,True
train_19315_a_2.nii.gz,165,0,2a,overall_best,exp007_cont_e050_abs_e150,pp2_whole_lung20,0.4665352076907763,True,57728,20877,18336,2541,39392,True
train_19315_a_2.nii.gz,165,0,2a,overall_best,exp007_cont_e050_abs_e150,pp3_fine20_corrected_routes,0.4665352076907763,True,57728,20877,18336,2541,39392,True
train_19315_a_2.nii.gz,165,0,2a,category_best,exp009_s3v2_e100,raw,0.5252797497349865,True,57728,25382,21828,3554,35900,True
train_19315_a_2.nii.gz,165,0,2a,category_best,exp009_s3v2_e100,pp2_whole_lung20,0.5252797497349865,True,57728,25382,21828,3554,35900,True
train_19315_a_2.nii.gz,165,0,2a,category_best,exp009_s3v2_e100,pp3_fine20_corrected_routes,0.5252797497349865,True,57728,25382,21828,3554,35900,True
train_19315_a_2.nii.gz,165,0,2a,iso07_best,exp017_cont_e050_abs_e150,raw,0.49539099803003045,True,57728,23743,20180,3563,37548,True
train_19315_a_2.nii.gz,165,0,2a,iso07_best,exp017_cont_e050_abs_e150,pp2_whole_lung20,0.49539099803003045,True,57728,23743,20180,3563,37548,True
train_19315_a_2.nii.gz,165,0,2a,iso07_best,exp017_cont_e050_abs_e150,pp3_fine20_corrected_routes,0.49539099803003045,True,57728,23743,20180,3563,37548,True
train_19315_a_2.nii.gz,165,1,2d,overall_best,exp007_cont_e050_abs_e150,raw,0.4969325168805751,True,81,245,81,164,0,False
train_19315_a_2.nii.gz,165,1,2d,overall_best,exp007_cont_e050_abs_e150,pp2_whole_lung20,0.4969325168805751,True,81,245,81,164,0,False
train_19315_a_2.nii.gz,165,1,2d,overall_best,exp007_cont_e050_abs_e150,pp3_fine20_corrected_routes,0.4969325168805751,True,81,245,81,164,0,False
train_19315_a_2.nii.gz,165,1,2d,category_best,exp007_cont_e050_abs_e150,raw,0.4969325168805751,True,81,245,81,164,0,False
train_19315_a_2.nii.gz,165,1,2d,category_best,exp007_cont_e050_abs_e150,pp2_whole_lung20,0.4969325168805751,True,81,245,81,164,0,False
train_19315_a_2.nii.gz,165,1,2d,category_best,exp007_cont_e050_abs_e150,pp3_fine20_corrected_routes,0.4969325168805751,True,81,245,81,164,0,False
train_19315_a_2.nii.gz,165,1,2d,iso07_best,exp017_cont_e050_abs_e150,raw,0.35242290891536804,True,81,373,80,293,1,False
train_19315_a_2.nii.gz,165,1,2d,iso07_best,exp017_cont_e050_abs_e150,pp2_whole_lung20,0.5818181833388429,True,81,194,80,114,1,False
train_19315_a_2.nii.gz,165,1,2d,iso07_best,exp017_cont_e050_abs_e150,pp3_fine20_corrected_routes,0.5818181833388429,True,81,194,80,114,1,False
train_3027_a_2.nii.gz,166,0,2a,overall_best,exp007_cont_e050_abs_e150,raw,0.19870746716509324,True,2168,10675,1276,9399,892,False
train_3027_a_2.nii.gz,166,0,2a,overall_best,exp007_cont_e050_abs_e150,pp2_whole_lung20,0.19870746716509324,True,2168,10675,1276,9399,892,False
train_3027_a_2.nii.gz,166,0,2a,overall_best,exp007_cont_e050_abs_e150,pp3_fine20_corrected_routes,0.19870746716509324,True,2168,10675,1276,9399,892,False
train_3027_a_2.nii.gz,166,0,2a,category_best,exp009_s3v2_e100,raw,0.018477457622754684,False,2168,5950,75,5875,2093,False
train_3027_a_2.nii.gz,166,0,2a,category_best,exp009_s3v2_e100,pp2_whole_lung20,0.01935234175985649,False,2168,5583,75,5508,2093,False
train_3027_a_2.nii.gz,166,0,2a,category_best,exp009_s3v2_e100,pp3_fine20_corrected_routes,0.018477457622754684,False,2168,5950,75,5875,2093,False
train_3027_a_2.nii.gz,166,0,2a,iso07_best,exp017_cont_e050_abs_e150,raw,0.2417730022693845,True,2168,810,360,450,1808,False
train_3027_a_2.nii.gz,166,0,2a,iso07_best,exp017_cont_e050_abs_e150,pp2_whole_lung20,0.2417730022693845,True,2168,810,360,450,1808,False
train_3027_a_2.nii.gz,166,0,2a,iso07_best,exp017_cont_e050_abs_e150,pp3_fine20_corrected_routes,0.2417730022693845,True,2168,810,360,450,1808,False
train_2672_a_1.nii.gz,167,0,2b,overall_best,exp007_cont_e050_abs_e150,raw,0.45779912301282943,True,9750,14195,5481,8714,4269,False
train_2672_a_1.nii.gz,167,0,2b,overall_best,exp007_cont_e050_abs_e150,pp2_whole_lung20,0.45779912301282943,True,9750,14195,5481,8714,4269,False
train_2672_a_1.nii.gz,167,0,2b,overall_best,exp007_cont_e050_abs_e150,pp3_fine20_corrected_routes,0.45779912301282943,True,9750,14195,5481,8714,4269,False
train_2672_a_1.nii.gz,167,0,2b,category_best,exp013_category_2all_focal_target100_e100,raw,0.42380344872530545,True,9750,14549,5149,9400,4601,False
train_2672_a_1.nii.gz,167,0,2b,category_best,exp013_category_2all_focal_target100_e100,pp2_whole_lung20,0.4242574053712249,True,9750,14523,5149,9374,4601,False
train_2672_a_1.nii.gz,167,0,2b,category_best,exp013_category_2all_focal_target100_e100,pp3_fine20_corrected_routes,0.4242574053712249,True,9750,14523,5149,9374,4601,False
train_2672_a_1.nii.gz,167,0,2b,iso07_best,exp017_cont_e050_abs_e150,raw,0.5606604042379356,True,9750,7815,4924,2891,4826,False
train_2672_a_1.nii.gz,167,0,2b,iso07_best,exp017_cont_e050_abs_e150,pp2_whole_lung20,0.5606604042379356,True,9750,7815,4924,2891,4826,False
train_2672_a_1.nii.gz,167,0,2b,iso07_best,exp017_cont_e050_abs_e150,pp3_fine20_corrected_routes,0.5606604042379356,True,9750,7815,4924,2891,4826,False
train_18399_b_2.nii.gz,168,0,2b,overall_best,exp007_cont_e050_abs_e150,raw,0.21555993956498112,True,39672,55624,10271,45353,29401,False
train_18399_b_2.nii.gz,168,0,2b,overall_best,exp007_cont_e050_abs_e150,pp2_whole_lung20,0.21555993956498112,True,39672,55624,10271,45353,29401,False
train_18399_b_2.nii.gz,168,0,2b,overall_best,exp007_cont_e050_abs_e150,pp3_fine20_corrected_routes,0.21555993956498112,True,39672,55624,10271,45353,29401,False
train_18399_b_2.nii.gz,168,0,2b,category_best,exp013_category_2all_focal_target100_e100,raw,0.1421205064522117,True,39672,164732,14525,150207,25147,False
train_18399_b_2.nii.gz,168,0,2b,category_best,exp013_category_2all_focal_target100_e100,pp2_whole_lung20,0.14255989478960732,True,39672,164102,14525,149577,25147,False
train_18399_b_2.nii.gz,168,0,2b,category_best,exp013_category_2all_focal_target100_e100,pp3_fine20_corrected_routes,0.14255989478960732,True,39672,164102,14525,149577,25147,False
train_18399_b_2.nii.gz,168,0,2b,iso07_best,exp017_cont_e050_abs_e150,raw,0.17115633000633307,True,39672,89625,11065,78560,28607,False
train_18399_b_2.nii.gz,168,0,2b,iso07_best,exp017_cont_e050_abs_e150,pp2_whole_lung20,0.17115633000633307,True,39672,89625,11065,78560,28607,False
train_18399_b_2.nii.gz,168,0,2b,iso07_best,exp017_cont_e050_abs_e150,pp3_fine20_corrected_routes,0.17115633000633307,True,39672,89625,11065,78560,28607,False
train_18399_b_2.nii.gz,168,1,2e,overall_best,exp007_cont_e050_abs_e150,raw,0.7584509160515734,True,760039,702761,554731,148030,205308,False
train_18399_b_2.nii.gz,168,1,2e,overall_best,exp007_cont_e050_abs_e150,pp2_whole_lung20,0.7584509160515734,True,760039,702761,554731,148030,205308,False
train_18399_b_2.nii.gz,168,1,2e,overall_best,exp007_cont_e050_abs_e150,pp3_fine20_corrected_routes,0.7584509160515734,True,760039,702761,554731,148030,205308,False
train_18399_b_2.nii.gz,168,1,2e,category_best,exp007_cont_e100_abs_e200,raw,0.7801458277367258,True,760039,714029,574994,139035,185045,False
train_18399_b_2.nii.gz,168,1,2e,category_best,exp007_cont_e100_abs_e200,pp2_whole_lung20,0.7801458277367258,True,760039,714029,574994,139035,185045,False
train_18399_b_2.nii.gz,168,1,2e,category_best,exp007_cont_e100_abs_e200,pp3_fine20_corrected_routes,0.7801458277367258,True,760039,714029,574994,139035,185045,False
train_18399_b_2.nii.gz,168,1,2e,iso07_best,exp017_cont_e050_abs_e150,raw,0.7538217923183826,True,760039,974095,653614,320481,106425,False
train_18399_b_2.nii.gz,168,1,2e,iso07_best,exp017_cont_e050_abs_e150,pp2_whole_lung20,0.7538217923183826,True,760039,974095,653614,320481,106425,False
train_18399_b_2.nii.gz,168,1,2e,iso07_best,exp017_cont_e050_abs_e150,pp3_fine20_corrected_routes,0.7538217923183826,True,760039,974095,653614,320481,106425,False
train_2451_a_1.nii.gz,169,0,2a,overall_best,exp007_cont_e050_abs_e150,raw,0.6444843297140005,True,11376,10353,7002,3351,4374,False
train_2451_a_1.nii.gz,169,0,2a,overall_best,exp007_cont_e050_abs_e150,pp2_whole_lung20,0.644602991961123,True,11376,10349,7002,3347,4374,False
train_2451_a_1.nii.gz,169,0,2a,overall_best,exp007_cont_e050_abs_e150,pp3_fine20_corrected_routes,0.644602991961123,True,11376,10349,7002,3347,4374,False
train_2451_a_1.nii.gz,169,0,2a,category_best,exp009_s3v2_e100,raw,0.7395488121485506,True,11376,13669,9261,4408,2115,False
train_2451_a_1.nii.gz,169,0,2a,category_best,exp009_s3v2_e100,pp2_whole_lung20,0.74257306660215,True,11376,13567,9261,4306,2115,False
train_2451_a_1.nii.gz,169,0,2a,category_best,exp009_s3v2_e100,pp3_fine20_corrected_routes,0.74257306660215,True,11376,13567,9261,4306,2115,False
train_2451_a_1.nii.gz,169,0,2a,iso07_best,exp017_cont_e050_abs_e150,raw,0.49049100089275016,True,11376,8237,4810,3427,6566,False
train_2451_a_1.nii.gz,169,0,2a,iso07_best,exp017_cont_e050_abs_e150,pp2_whole_lung20,0.4978523003934248,True,11376,7947,4810,3137,6566,False
train_2451_a_1.nii.gz,169,0,2a,iso07_best,exp017_cont_e050_abs_e150,pp3_fine20_corrected_routes,0.4978523003934248,True,11376,7947,4810,3137,6566,False
train_2451_a_1.nii.gz,169,1,2c,overall_best,exp007_cont_e050_abs_e150,raw,0.07077116756994997,False,2917,55864,2080,53784,837,False
train_2451_a_1.nii.gz,169,1,2c,overall_best,exp007_cont_e050_abs_e150,pp2_whole_lung20,0.07077116756994997,False,2917,55864,2080,53784,837,False
train_2451_a_1.nii.gz,169,1,2c,overall_best,exp007_cont_e050_abs_e150,pp3_fine20_corrected_routes,0.07077116756994997,False,2917,55864,2080,53784,837,False
train_2451_a_1.nii.gz,169,1,2c,category_best,exp007_cont_e050_abs_e150,raw,0.07077116756994997,False,2917,55864,2080,53784,837,False
train_2451_a_1.nii.gz,169,1,2c,category_best,exp007_cont_e050_abs_e150,pp2_whole_lung20,0.07077116756994997,False,2917,55864,2080,53784,837,False
train_2451_a_1.nii.gz,169,1,2c,category_best,exp007_cont_e050_abs_e150,pp3_fine20_corrected_routes,0.07077116756994997,False,2917,55864,2080,53784,837,False
train_2451_a_1.nii.gz,169,1,2c,iso07_best,exp017_cont_e050_abs_e150,raw,0.08133651553505163,False,2917,38983,1704,37279,1213,False
train_2451_a_1.nii.gz,169,1,2c,iso07_best,exp017_cont_e050_abs_e150,pp2_whole_lung20,0.0814706796614599,False,2917,38914,1704,37210,1213,False
train_2451_a_1.nii.gz,169,1,2c,iso07_best,exp017_cont_e050_abs_e150,pp3_fine20_corrected_routes,0.0814706796614599,False,2917,38914,1704,37210,1213,False
train_19771_a_2.nii.gz,170,0,2a,overall_best,exp007_cont_e050_abs_e150,raw,0.3495447166408171,True,11217,2950,2476,474,8741,False
train_19771_a_2.nii.gz,170,0,2a,overall_best,exp007_cont_e050_abs_e150,pp2_whole_lung20,0.3495447166408171,True,11217,2950,2476,474,8741,False
train_19771_a_2.nii.gz,170,0,2a,overall_best,exp007_cont_e050_abs_e150,pp3_fine20_corrected_routes,0.3495447166408171,True,11217,2950,2476,474,8741,False
train_19771_a_2.nii.gz,170,0,2a,category_best,exp009_s3v2_e100,raw,0.30169242094910287,True,11217,2373,2050,323,9167,False
train_19771_a_2.nii.gz,170,0,2a,category_best,exp009_s3v2_e100,pp2_whole_lung20,0.30169242094910287,True,11217,2373,2050,323,9167,False
train_19771_a_2.nii.gz,170,0,2a,category_best,exp009_s3v2_e100,pp3_fine20_corrected_routes,0.30169242094910287,True,11217,2373,2050,323,9167,False
train_19771_a_2.nii.gz,170,0,2a,iso07_best,exp017_cont_e050_abs_e150,raw,0.150688319252272,True,11217,914,914,0,10303,False
train_19771_a_2.nii.gz,170,0,2a,iso07_best,exp017_cont_e050_abs_e150,pp2_whole_lung20,0.150688319252272,True,11217,914,914,0,10303,False
train_19771_a_2.nii.gz,170,0,2a,iso07_best,exp017_cont_e050_abs_e150,pp3_fine20_corrected_routes,0.150688319252272,True,11217,914,914,0,10303,False
train_19771_a_2.nii.gz,170,1,2a,overall_best,exp007_cont_e050_abs_e150,raw,0.31406173446490504,True,25093,7563,5128,2435,19965,False
train_19771_a_2.nii.gz,170,1,2a,overall_best,exp007_cont_e050_abs_e150,pp2_whole_lung20,0.31406173446490504,True,25093,7563,5128,2435,19965,False
train_19771_a_2.nii.gz,170,1,2a,overall_best,exp007_cont_e050_abs_e150,pp3_fine20_corrected_routes,0.31406173446490504,True,25093,7563,5128,2435,19965,False
train_19771_a_2.nii.gz,170,1,2a,category_best,exp009_s3v2_e100,raw,0.07250153283750378,False,25093,1003,946,57,24147,False
train_19771_a_2.nii.gz,170,1,2a,category_best,exp009_s3v2_e100,pp2_whole_lung20,0.07253766824857043,False,25093,990,946,44,24147,False
train_19771_a_2.nii.gz,170,1,2a,category_best,exp009_s3v2_e100,pp3_fine20_corrected_routes,0.07253766824857043,False,25093,990,946,44,24147,False
train_19771_a_2.nii.gz,170,1,2a,iso07_best,exp017_cont_e050_abs_e150,raw,0.045022401958072986,False,25093,2360,618,1742,24475,False
train_19771_a_2.nii.gz,170,1,2a,iso07_best,exp017_cont_e050_abs_e150,pp2_whole_lung20,0.048070939676101786,False,25093,619,618,1,24475,False
train_19771_a_2.nii.gz,170,1,2a,iso07_best,exp017_cont_e050_abs_e150,pp3_fine20_corrected_routes,0.048070939676101786,False,25093,619,618,1,24475,False
train_19771_a_2.nii.gz,170,2,2d,overall_best,exp007_cont_e050_abs_e150,raw,0.23529411886280743,True,528,101,74,27,454,False
train_19771_a_2.nii.gz,170,2,2d,overall_best,exp007_cont_e050_abs_e150,pp2_whole_lung20,0.23529411886280743,True,528,101,74,27,454,False
train_19771_a_2.nii.gz,170,2,2d,overall_best,exp007_cont_e050_abs_e150,pp3_fine20_corrected_routes,0.23529411886280743,True,528,101,74,27,454,False
train_19771_a_2.nii.gz,170,2,2d,category_best,exp007_cont_e050_abs_e150,raw,0.23529411886280743,True,528,101,74,27,454,False
train_19771_a_2.nii.gz,170,2,2d,category_best,exp007_cont_e050_abs_e150,pp2_whole_lung20,0.23529411886280743,True,528,101,74,27,454,False
train_19771_a_2.nii.gz,170,2,2d,category_best,exp007_cont_e050_abs_e150,pp3_fine20_corrected_routes,0.23529411886280743,True,528,101,74,27,454,False
train_19771_a_2.nii.gz,170,2,2d,iso07_best,exp017_cont_e050_abs_e150,raw,0.14826498557055995,True,528,106,47,59,481,False
train_19771_a_2.nii.gz,170,2,2d,iso07_best,exp017_cont_e050_abs_e150,pp2_whole_lung20,0.14826498557055995,True,528,106,47,59,481,False
train_19771_a_2.nii.gz,170,2,2d,iso07_best,exp017_cont_e050_abs_e150,pp3_fine20_corrected_routes,0.16040955774674137,True,528,58,47,11,481,False
train_2564_b_2.nii.gz,171,0,2d,overall_best,exp007_cont_e050_abs_e150,raw,0.11764705963451555,True,108,980,64,916,44,False
train_2564_b_2.nii.gz,171,0,2d,overall_best,exp007_cont_e050_abs_e150,pp2_whole_lung20,0.11764705963451555,True,108,980,64,916,44,False
train_2564_b_2.nii.gz,171,0,2d,overall_best,exp007_cont_e050_abs_e150,pp3_fine20_corrected_routes,0.11764705963451555,True,108,980,64,916,44,False
train_2564_b_2.nii.gz,171,0,2d,category_best,exp007_cont_e050_abs_e150,raw,0.11764705963451555,True,108,980,64,916,44,False
train_2564_b_2.nii.gz,171,0,2d,category_best,exp007_cont_e050_abs_e150,pp2_whole_lung20,0.11764705963451555,True,108,980,64,916,44,False
train_2564_b_2.nii.gz,171,0,2d,category_best,exp007_cont_e050_abs_e150,pp3_fine20_corrected_routes,0.11764705963451555,True,108,980,64,916,44,False
train_2564_b_2.nii.gz,171,0,2d,iso07_best,exp017_cont_e050_abs_e150,raw,0.14869110036786273,True,108,847,71,776,37,False
train_2564_b_2.nii.gz,171,0,2d,iso07_best,exp017_cont_e050_abs_e150,pp2_whole_lung20,0.14869110036786273,True,108,847,71,776,37,False
train_2564_b_2.nii.gz,171,0,2d,iso07_best,exp017_cont_e050_abs_e150,pp3_fine20_corrected_routes,0.14869110036786273,True,108,847,71,776,37,False
train_13249_b_2.nii.gz,172,0,1e,overall_best,exp007_cont_e050_abs_e150,raw,0.2705814625012719,True,1482,1992,470,1522,1012,False
train_13249_b_2.nii.gz,172,0,1e,overall_best,exp007_cont_e050_abs_e150,pp2_whole_lung20,0.2705814625012719,True,1482,1992,470,1522,1012,False
train_13249_b_2.nii.gz,172,0,1e,overall_best,exp007_cont_e050_abs_e150,pp3_fine20_corrected_routes,0.2705814625012719,True,1482,1992,470,1522,1012,False
train_13249_b_2.nii.gz,172,0,1e,category_best,exp012_r02_category_2d_replay50_e100,raw,0.20123203303645174,True,1482,2901,441,2460,1041,False
train_13249_b_2.nii.gz,172,0,1e,category_best,exp012_r02_category_2d_replay50_e100,pp2_whole_lung20,0.20123203303645174,True,1482,2901,441,2460,1041,False
train_13249_b_2.nii.gz,172,0,1e,category_best,exp012_r02_category_2d_replay50_e100,pp3_fine20_corrected_routes,0.20123203303645174,True,1482,2901,441,2460,1041,False
train_13249_b_2.nii.gz,172,0,1e,iso07_best,exp017_cont_e050_abs_e150,raw,0.006123017023558631,False,1482,20076,66,20010,1416,False
train_13249_b_2.nii.gz,172,0,1e,iso07_best,exp017_cont_e050_abs_e150,pp2_whole_lung20,0.006123017023558631,False,1482,20076,66,20010,1416,False
train_13249_b_2.nii.gz,172,0,1e,iso07_best,exp017_cont_e050_abs_e150,pp3_fine20_corrected_routes,0.006123017023558631,False,1482,20076,66,20010,1416,False
train_13249_b_2.nii.gz,172,1,2a,overall_best,exp007_cont_e050_abs_e150,raw,0.33548568974295573,True,105962,43022,24991,18031,80971,False
train_13249_b_2.nii.gz,172,1,2a,overall_best,exp007_cont_e050_abs_e150,pp2_whole_lung20,0.34233543146824147,True,105962,40041,24991,15050,80971,False
train_13249_b_2.nii.gz,172,1,2a,overall_best,exp007_cont_e050_abs_e150,pp3_fine20_corrected_routes,0.33548568974295573,True,105962,43022,24991,18031,80971,False
train_13249_b_2.nii.gz,172,1,2a,category_best,exp009_s3v2_e100,raw,0.2730439519533742,True,105962,33554,19047,14507,86915,False
train_13249_b_2.nii.gz,172,1,2a,category_best,exp009_s3v2_e100,pp2_whole_lung20,0.2770432430126322,True,105962,31540,19047,12493,86915,False
train_13249_b_2.nii.gz,172,1,2a,category_best,exp009_s3v2_e100,pp3_fine20_corrected_routes,0.2730439519533742,True,105962,33554,19047,14507,86915,False
train_13249_b_2.nii.gz,172,1,2a,iso07_best,exp017_cont_e050_abs_e150,raw,0.3631393157671581,True,105962,44746,27364,17382,78598,False
train_13249_b_2.nii.gz,172,1,2a,iso07_best,exp017_cont_e050_abs_e150,pp2_whole_lung20,0.36317546269990525,True,105962,44731,27364,17367,78598,False
train_13249_b_2.nii.gz,172,1,2a,iso07_best,exp017_cont_e050_abs_e150,pp3_fine20_corrected_routes,0.3631393157671581,True,105962,44746,27364,17382,78598,False
train_13189_a_1.nii.gz,173,0,1c,overall_best,exp007_cont_e050_abs_e150,raw,0.10082899444559057,True,579594,107986,34664,73322,544930,False
train_13189_a_1.nii.gz,173,0,1c,overall_best,exp007_cont_e050_abs_e150,pp2_whole_lung20,0.10090134146170586,True,579594,107493,34664,72829,544930,False
train_13189_a_1.nii.gz,173,0,1c,overall_best,exp007_cont_e050_abs_e150,pp3_fine20_corrected_routes,0.10090134146170586,True,579594,107493,34664,72829,544930,False
train_13189_a_1.nii.gz,173,0,1c,category_best,exp017_cont_e075_abs_e175,raw,0.118890574453944,True,579594,111899,41106,70793,538488,False
train_13189_a_1.nii.gz,173,0,1c,category_best,exp017_cont_e075_abs_e175,pp2_whole_lung20,0.118890574453944,True,579594,111899,41106,70793,538488,False
train_13189_a_1.nii.gz,173,0,1c,category_best,exp017_cont_e075_abs_e175,pp3_fine20_corrected_routes,0.118890574453944,True,579594,111899,41106,70793,538488,False
train_13189_a_1.nii.gz,173,0,1c,iso07_best,exp017_cont_e050_abs_e150,raw,0.10177729611087458,True,579594,90300,34090,56210,545504,False
train_13189_a_1.nii.gz,173,0,1c,iso07_best,exp017_cont_e050_abs_e150,pp2_whole_lung20,0.10177729611087458,True,579594,90300,34090,56210,545504,False
train_13189_a_1.nii.gz,173,0,1c,iso07_best,exp017_cont_e050_abs_e150,pp3_fine20_corrected_routes,0.10177729611087458,True,579594,90300,34090,56210,545504,False
train_13189_a_1.nii.gz,173,1,2d,overall_best,exp007_cont_e050_abs_e150,raw,0.00042087549099180166,False,3154,11102,3,11099,3151,False
train_13189_a_1.nii.gz,173,1,2d,overall_best,exp007_cont_e050_abs_e150,pp2_whole_lung20,0.00042087549099180166,False,3154,11102,3,11099,3151,False
train_13189_a_1.nii.gz,173,1,2d,overall_best,exp007_cont_e050_abs_e150,pp3_fine20_corrected_routes,0.00042087549099180166,False,3154,11102,3,11099,3151,False
train_13189_a_1.nii.gz,173,1,2d,category_best,exp007_cont_e050_abs_e150,raw,0.00042087549099180166,False,3154,11102,3,11099,3151,False
train_13189_a_1.nii.gz,173,1,2d,category_best,exp007_cont_e050_abs_e150,pp2_whole_lung20,0.00042087549099180166,False,3154,11102,3,11099,3151,False
train_13189_a_1.nii.gz,173,1,2d,category_best,exp007_cont_e050_abs_e150,pp3_fine20_corrected_routes,0.00042087549099180166,False,3154,11102,3,11099,3151,False
train_13189_a_1.nii.gz,173,1,2d,iso07_best,exp017_cont_e050_abs_e150,raw,0.005337758431786798,False,3154,69161,193,68968,2961,False
train_13189_a_1.nii.gz,173,1,2d,iso07_best,exp017_cont_e050_abs_e150,pp2_whole_lung20,0.005337758431786798,False,3154,69161,193,68968,2961,False
train_13189_a_1.nii.gz,173,1,2d,iso07_best,exp017_cont_e050_abs_e150,pp3_fine20_corrected_routes,0.005337758431786798,False,3154,69161,193,68968,2961,False
train_13189_a_1.nii.gz,173,2,2c,overall_best,exp007_cont_e050_abs_e150,raw,0.6924414134348574,True,50503,69149,41426,27723,9077,False
train_13189_a_1.nii.gz,173,2,2c,overall_best,exp007_cont_e050_abs_e150,pp2_whole_lung20,0.6924414134348574,True,50503,69149,41426,27723,9077,False
train_13189_a_1.nii.gz,173,2,2c,overall_best,exp007_cont_e050_abs_e150,pp3_fine20_corrected_routes,0.6924414134348574,True,50503,69149,41426,27723,9077,False
train_13189_a_1.nii.gz,173,2,2c,category_best,exp007_cont_e050_abs_e150,raw,0.6924414134348574,True,50503,69149,41426,27723,9077,False
train_13189_a_1.nii.gz,173,2,2c,category_best,exp007_cont_e050_abs_e150,pp2_whole_lung20,0.6924414134348574,True,50503,69149,41426,27723,9077,False
train_13189_a_1.nii.gz,173,2,2c,category_best,exp007_cont_e050_abs_e150,pp3_fine20_corrected_routes,0.6924414134348574,True,50503,69149,41426,27723,9077,False
train_13189_a_1.nii.gz,173,2,2c,iso07_best,exp017_cont_e050_abs_e150,raw,0.5906308126336135,True,50503,30678,23974,6704,26529,False
train_13189_a_1.nii.gz,173,2,2c,iso07_best,exp017_cont_e050_abs_e150,pp2_whole_lung20,0.5910312353673172,True,50503,30623,23974,6649,26529,False
train_13189_a_1.nii.gz,173,2,2c,iso07_best,exp017_cont_e050_abs_e150,pp3_fine20_corrected_routes,0.5906308126336135,True,50503,30678,23974,6704,26529,False
train_2680_a_2.nii.gz,174,0,2a,overall_best,exp007_cont_e050_abs_e150,raw,0.12914600560560374,True,3727,5348,586,4762,3141,False
train_2680_a_2.nii.gz,174,0,2a,overall_best,exp007_cont_e050_abs_e150,pp2_whole_lung20,0.1782238444072044,True,3727,2849,586,2263,3141,False
train_2680_a_2.nii.gz,174,0,2a,overall_best,exp007_cont_e050_abs_e150,pp3_fine20_corrected_routes,0.1782238444072044,True,3727,2849,586,2263,3141,False
train_2680_a_2.nii.gz,174,0,2a,category_best,exp009_s3v2_e100,raw,0.12070995599316602,True,3727,19204,1384,17820,2343,False
train_2680_a_2.nii.gz,174,0,2a,category_best,exp009_s3v2_e100,pp2_whole_lung20,0.2683730851979471,True,3727,6587,1384,5203,2343,False
train_2680_a_2.nii.gz,174,0,2a,category_best,exp009_s3v2_e100,pp3_fine20_corrected_routes,0.2683730851979471,True,3727,6587,1384,5203,2343,False
train_2680_a_2.nii.gz,174,0,2a,iso07_best,exp017_cont_e050_abs_e150,raw,0.10970797176209392,True,3727,1341,278,1063,3449,False
train_2680_a_2.nii.gz,174,0,2a,iso07_best,exp017_cont_e050_abs_e150,pp2_whole_lung20,0.10970797176209392,True,3727,1341,278,1063,3449,False
train_2680_a_2.nii.gz,174,0,2a,iso07_best,exp017_cont_e050_abs_e150,pp3_fine20_corrected_routes,0.10970797176209392,True,3727,1341,278,1063,3449,False
train_2680_a_2.nii.gz,174,1,2c,overall_best,exp007_cont_e050_abs_e150,raw,0.7878109009106105,True,758930,738211,589732,148479,169198,False
train_2680_a_2.nii.gz,174,1,2c,overall_best,exp007_cont_e050_abs_e150,pp2_whole_lung20,0.8003333070959395,True,758930,714786,589732,125054,169198,False
train_2680_a_2.nii.gz,174,1,2c,overall_best,exp007_cont_e050_abs_e150,pp3_fine20_corrected_routes,0.041523786404068515,False,758930,31942,16420,15522,742510,False
train_2680_a_2.nii.gz,174,1,2c,category_best,exp007_cont_e050_abs_e150,raw,0.7878109009106105,True,758930,738211,589732,148479,169198,False
train_2680_a_2.nii.gz,174,1,2c,category_best,exp007_cont_e050_abs_e150,pp2_whole_lung20,0.8003333070959395,True,758930,714786,589732,125054,169198,False
train_2680_a_2.nii.gz,174,1,2c,category_best,exp007_cont_e050_abs_e150,pp3_fine20_corrected_routes,0.041523786404068515,False,758930,31942,16420,15522,742510,False
train_2680_a_2.nii.gz,174,1,2c,iso07_best,exp017_cont_e050_abs_e150,raw,0.7513729985665594,True,758930,713577,553201,160376,205729,False
train_2680_a_2.nii.gz,174,1,2c,iso07_best,exp017_cont_e050_abs_e150,pp2_whole_lung20,0.7889026187613675,True,758930,643527,553201,90326,205729,False
train_2680_a_2.nii.gz,174,1,2c,iso07_best,exp017_cont_e050_abs_e150,pp3_fine20_corrected_routes,0.013470565482769136,False,758930,6294,5154,1140,753776,False
train_2680_a_2.nii.gz,174,2,2d,overall_best,exp007_cont_e050_abs_e150,raw,0.19433726146641106,True,9856,28500,3727,24773,6129,False
train_2680_a_2.nii.gz,174,2,2d,overall_best,exp007_cont_e050_abs_e150,pp2_whole_lung20,0.1998659337927372,True,9856,27439,3727,23712,6129,False
train_2680_a_2.nii.gz,174,2,2d,overall_best,exp007_cont_e050_abs_e150,pp3_fine20_corrected_routes,0.27173635670330154,True,9856,17575,3727,13848,6129,False
train_2680_a_2.nii.gz,174,2,2d,category_best,exp007_cont_e050_abs_e150,raw,0.19433726146641106,True,9856,28500,3727,24773,6129,False
train_2680_a_2.nii.gz,174,2,2d,category_best,exp007_cont_e050_abs_e150,pp2_whole_lung20,0.1998659337927372,True,9856,27439,3727,23712,6129,False
train_2680_a_2.nii.gz,174,2,2d,category_best,exp007_cont_e050_abs_e150,pp3_fine20_corrected_routes,0.27173635670330154,True,9856,17575,3727,13848,6129,False
train_2680_a_2.nii.gz,174,2,2d,iso07_best,exp017_cont_e050_abs_e150,raw,0.426697755798113,True,9856,3868,2928,940,6928,False
train_2680_a_2.nii.gz,174,2,2d,iso07_best,exp017_cont_e050_abs_e150,pp2_whole_lung20,0.4415623586607177,True,9856,3406,2928,478,6928,False
train_2680_a_2.nii.gz,174,2,2d,iso07_best,exp017_cont_e050_abs_e150,pp3_fine20_corrected_routes,0.4415623586607177,True,9856,3406,2928,478,6928,False
train_19757_a_2.nii.gz,175,0,2b,overall_best,exp007_cont_e050_abs_e150,raw,0.5593585164614481,True,28625,13652,11824,1828,16801,False
train_19757_a_2.nii.gz,175,0,2b,overall_best,exp007_cont_e050_abs_e150,pp2_whole_lung20,0.5593585164614481,True,28625,13652,11824,1828,16801,False
train_19757_a_2.nii.gz,175,0,2b,overall_best,exp007_cont_e050_abs_e150,pp3_fine20_corrected_routes,0.5602994834961783,True,28625,13581,11824,1757,16801,False
train_19757_a_2.nii.gz,175,0,2b,category_best,exp013_category_2all_focal_target100_e100,raw,0.5542324246878472,True,28625,13195,11589,1606,17036,False
train_19757_a_2.nii.gz,175,0,2b,category_best,exp013_category_2all_focal_target100_e100,pp2_whole_lung20,0.5542324246878472,True,28625,13195,11589,1606,17036,False
train_19757_a_2.nii.gz,175,0,2b,category_best,exp013_category_2all_focal_target100_e100,pp3_fine20_corrected_routes,0.5542324246878472,True,28625,13195,11589,1606,17036,False
train_19757_a_2.nii.gz,175,0,2b,iso07_best,exp017_cont_e050_abs_e150,raw,0.4626585251431904,True,28625,9697,8865,832,19760,False
train_19757_a_2.nii.gz,175,0,2b,iso07_best,exp017_cont_e050_abs_e150,pp2_whole_lung20,0.4626585251431904,True,28625,9697,8865,832,19760,False
train_19757_a_2.nii.gz,175,0,2b,iso07_best,exp017_cont_e050_abs_e150,pp3_fine20_corrected_routes,0.4626585251431904,True,28625,9697,8865,832,19760,False
train_205_a_1.nii.gz,176,0,2d,overall_best,exp007_cont_e050_abs_e150,raw,0.3205574936565941,True,122,165,46,119,76,False
train_205_a_1.nii.gz,176,0,2d,overall_best,exp007_cont_e050_abs_e150,pp2_whole_lung20,0.3205574936565941,True,122,165,46,119,76,False
train_205_a_1.nii.gz,176,0,2d,overall_best,exp007_cont_e050_abs_e150,pp3_fine20_corrected_routes,0.3205574936565941,True,122,165,46,119,76,False
train_205_a_1.nii.gz,176,0,2d,category_best,exp007_cont_e050_abs_e150,raw,0.3205574936565941,True,122,165,46,119,76,False
train_205_a_1.nii.gz,176,0,2d,category_best,exp007_cont_e050_abs_e150,pp2_whole_lung20,0.3205574936565941,True,122,165,46,119,76,False
train_205_a_1.nii.gz,176,0,2d,category_best,exp007_cont_e050_abs_e150,pp3_fine20_corrected_routes,0.3205574936565941,True,122,165,46,119,76,False
train_205_a_1.nii.gz,176,0,2d,iso07_best,exp017_cont_e050_abs_e150,raw,0.32857143096938773,True,122,158,46,112,76,False
train_205_a_1.nii.gz,176,0,2d,iso07_best,exp017_cont_e050_abs_e150,pp2_whole_lung20,0.32857143096938773,True,122,158,46,112,76,False
train_205_a_1.nii.gz,176,0,2d,iso07_best,exp017_cont_e050_abs_e150,pp3_fine20_corrected_routes,0.32857143096938773,True,122,158,46,112,76,False
train_2625_b_2.nii.gz,177,0,2d,overall_best,exp007_cont_e050_abs_e150,raw,0.5348484852008724,True,609,711,353,358,256,False
train_2625_b_2.nii.gz,177,0,2d,overall_best,exp007_cont_e050_abs_e150,pp2_whole_lung20,0.5348484852008724,True,609,711,353,358,256,False
train_2625_b_2.nii.gz,177,0,2d,overall_best,exp007_cont_e050_abs_e150,pp3_fine20_corrected_routes,0.5348484852008724,True,609,711,353,358,256,False
train_2625_b_2.nii.gz,177,0,2d,category_best,exp007_cont_e050_abs_e150,raw,0.5348484852008724,True,609,711,353,358,256,False
train_2625_b_2.nii.gz,177,0,2d,category_best,exp007_cont_e050_abs_e150,pp2_whole_lung20,0.5348484852008724,True,609,711,353,358,256,False
train_2625_b_2.nii.gz,177,0,2d,category_best,exp007_cont_e050_abs_e150,pp3_fine20_corrected_routes,0.5348484852008724,True,609,711,353,358,256,False
train_2625_b_2.nii.gz,177,0,2d,iso07_best,exp017_cont_e050_abs_e150,raw,0.5825958705143098,True,609,747,395,352,214,False
train_2625_b_2.nii.gz,177,0,2d,iso07_best,exp017_cont_e050_abs_e150,pp2_whole_lung20,0.5825958705143098,True,609,747,395,352,214,False
train_2625_b_2.nii.gz,177,0,2d,iso07_best,exp017_cont_e050_abs_e150,pp3_fine20_corrected_routes,0.5825958705143098,True,609,747,395,352,214,False
train_18397_a_2.nii.gz,178,0,2c,overall_best,exp007_cont_e050_abs_e150,raw,0.7980522366064123,True,474326,648603,448078,200525,26248,False
train_18397_a_2.nii.gz,178,0,2c,overall_best,exp007_cont_e050_abs_e150,pp2_whole_lung20,0.7980522366064123,True,474326,648603,448078,200525,26248,False
train_18397_a_2.nii.gz,178,0,2c,overall_best,exp007_cont_e050_abs_e150,pp3_fine20_corrected_routes,0.7980522366064123,True,474326,648603,448078,200525,26248,False
train_18397_a_2.nii.gz,178,0,2c,category_best,exp007_cont_e050_abs_e150,raw,0.7980522366064123,True,474326,648603,448078,200525,26248,False
train_18397_a_2.nii.gz,178,0,2c,category_best,exp007_cont_e050_abs_e150,pp2_whole_lung20,0.7980522366064123,True,474326,648603,448078,200525,26248,False
train_18397_a_2.nii.gz,178,0,2c,category_best,exp007_cont_e050_abs_e150,pp3_fine20_corrected_routes,0.7980522366064123,True,474326,648603,448078,200525,26248,False
train_18397_a_2.nii.gz,178,0,2c,iso07_best,exp017_cont_e050_abs_e150,raw,0.7845273206471842,True,474326,545562,400065,145497,74261,False
train_18397_a_2.nii.gz,178,0,2c,iso07_best,exp017_cont_e050_abs_e150,pp2_whole_lung20,0.7845273206471842,True,474326,545562,400065,145497,74261,False
train_18397_a_2.nii.gz,178,0,2c,iso07_best,exp017_cont_e050_abs_e150,pp3_fine20_corrected_routes,0.7845273206471842,True,474326,545562,400065,145497,74261,False
train_2564_a_1.nii.gz,179,0,2a,overall_best,exp007_cont_e050_abs_e150,raw,0.35398930909034587,True,3352,11801,2682,9119,670,False
train_2564_a_1.nii.gz,179,0,2a,overall_best,exp007_cont_e050_abs_e150,pp2_whole_lung20,0.35398930909034587,True,3352,11801,2682,9119,670,False
train_2564_a_1.nii.gz,179,0,2a,overall_best,exp007_cont_e050_abs_e150,pp3_fine20_corrected_routes,0.35398930909034587,True,3352,11801,2682,9119,670,False
train_2564_a_1.nii.gz,179,0,2a,category_best,exp009_s3v2_e100,raw,0.27029550444562367,True,3352,18069,2895,15174,457,False
train_2564_a_1.nii.gz,179,0,2a,category_best,exp009_s3v2_e100,pp2_whole_lung20,0.27029550444562367,True,3352,18069,2895,15174,457,False
train_2564_a_1.nii.gz,179,0,2a,category_best,exp009_s3v2_e100,pp3_fine20_corrected_routes,0.27029550444562367,True,3352,18069,2895,15174,457,False
train_2564_a_1.nii.gz,179,0,2a,iso07_best,exp017_cont_e050_abs_e150,raw,0.45935078950089725,True,3352,6845,2342,4503,1010,False
train_2564_a_1.nii.gz,179,0,2a,iso07_best,exp017_cont_e050_abs_e150,pp2_whole_lung20,0.45935078950089725,True,3352,6845,2342,4503,1010,False
train_2564_a_1.nii.gz,179,0,2a,iso07_best,exp017_cont_e050_abs_e150,pp3_fine20_corrected_routes,0.45935078950089725,True,3352,6845,2342,4503,1010,False
train_19346_a_2.nii.gz,180,0,2d,overall_best,exp007_cont_e050_abs_e150,raw,0.4227272740392562,True,102,338,93,245,9,False
train_19346_a_2.nii.gz,180,0,2d,overall_best,exp007_cont_e050_abs_e150,pp2_whole_lung20,0.4227272740392562,True,102,338,93,245,9,False
train_19346_a_2.nii.gz,180,0,2d,overall_best,exp007_cont_e050_abs_e150,pp3_fine20_corrected_routes,0.4227272740392562,True,102,338,93,245,9,False
train_19346_a_2.nii.gz,180,0,2d,category_best,exp007_cont_e050_abs_e150,raw,0.4227272740392562,True,102,338,93,245,9,False
train_19346_a_2.nii.gz,180,0,2d,category_best,exp007_cont_e050_abs_e150,pp2_whole_lung20,0.4227272740392562,True,102,338,93,245,9,False
train_19346_a_2.nii.gz,180,0,2d,category_best,exp007_cont_e050_abs_e150,pp3_fine20_corrected_routes,0.4227272740392562,True,102,338,93,245,9,False
train_19346_a_2.nii.gz,180,0,2d,iso07_best,exp017_cont_e050_abs_e150,raw,0.4902506977987446,True,102,257,88,169,14,False
train_19346_a_2.nii.gz,180,0,2d,iso07_best,exp017_cont_e050_abs_e150,pp2_whole_lung20,0.4902506977987446,True,102,257,88,169,14,False
train_19346_a_2.nii.gz,180,0,2d,iso07_best,exp017_cont_e050_abs_e150,pp3_fine20_corrected_routes,0.4902506977987446,True,102,257,88,169,14,False
train_19416_a_1.nii.gz,181,0,2c,overall_best,exp007_cont_e050_abs_e150,raw,0.54387458326084,True,20114,8080,7667,413,12447,False
train_19416_a_1.nii.gz,181,0,2c,overall_best,exp007_cont_e050_abs_e150,pp2_whole_lung20,0.54387458326084,True,20114,8080,7667,413,12447,False
train_19416_a_1.nii.gz,181,0,2c,overall_best,exp007_cont_e050_abs_e150,pp3_fine20_corrected_routes,0.54387458326084,True,20114,8080,7667,413,12447,False
train_19416_a_1.nii.gz,181,0,2c,category_best,exp007_cont_e050_abs_e150,raw,0.54387458326084,True,20114,8080,7667,413,12447,False
train_19416_a_1.nii.gz,181,0,2c,category_best,exp007_cont_e050_abs_e150,pp2_whole_lung20,0.54387458326084,True,20114,8080,7667,413,12447,False
train_19416_a_1.nii.gz,181,0,2c,category_best,exp007_cont_e050_abs_e150,pp3_fine20_corrected_routes,0.54387458326084,True,20114,8080,7667,413,12447,False
train_19416_a_1.nii.gz,181,0,2c,iso07_best,exp017_cont_e050_abs_e150,raw,0.5033503082404583,True,20114,20927,10329,10598,9785,False
train_19416_a_1.nii.gz,181,0,2c,iso07_best,exp017_cont_e050_abs_e150,pp2_whole_lung20,0.624863883858897,True,20114,12946,10329,2617,9785,False
train_19416_a_1.nii.gz,181,0,2c,iso07_best,exp017_cont_e050_abs_e150,pp3_fine20_corrected_routes,0.624863883858897,True,20114,12946,10329,2617,9785,False
train_18454_a_2.nii.gz,182,0,2d,overall_best,exp007_cont_e050_abs_e150,raw,0.685878963441271,True,136,211,119,92,17,False
train_18454_a_2.nii.gz,182,0,2d,overall_best,exp007_cont_e050_abs_e150,pp2_whole_lung20,0.685878963441271,True,136,211,119,92,17,False
train_18454_a_2.nii.gz,182,0,2d,overall_best,exp007_cont_e050_abs_e150,pp3_fine20_corrected_routes,0.6979472149620316,True,136,205,119,86,17,False
train_18454_a_2.nii.gz,182,0,2d,category_best,exp007_cont_e050_abs_e150,raw,0.685878963441271,True,136,211,119,92,17,False
train_18454_a_2.nii.gz,182,0,2d,category_best,exp007_cont_e050_abs_e150,pp2_whole_lung20,0.685878963441271,True,136,211,119,92,17,False
train_18454_a_2.nii.gz,182,0,2d,category_best,exp007_cont_e050_abs_e150,pp3_fine20_corrected_routes,0.6979472149620316,True,136,205,119,86,17,False
train_18454_a_2.nii.gz,182,0,2d,iso07_best,exp017_cont_e050_abs_e150,raw,0.4562737652922552,True,136,390,120,270,16,False
train_18454_a_2.nii.gz,182,0,2d,iso07_best,exp017_cont_e050_abs_e150,pp2_whole_lung20,0.7384615392662722,True,136,189,120,69,16,False
train_18454_a_2.nii.gz,182,0,2d,iso07_best,exp017_cont_e050_abs_e150,pp3_fine20_corrected_routes,0.7384615392662722,True,136,189,120,69,16,False
train_13013_a_1.nii.gz,183,0,2e,overall_best,exp007_cont_e050_abs_e150,raw,0.6366358033027945,True,1101890,1045856,683666,362190,418224,False
train_13013_a_1.nii.gz,183,0,2e,overall_best,exp007_cont_e050_abs_e150,pp2_whole_lung20,0.6366358033027945,True,1101890,1045856,683666,362190,418224,False
train_13013_a_1.nii.gz,183,0,2e,overall_best,exp007_cont_e050_abs_e150,pp3_fine20_corrected_routes,0.6366358033027945,True,1101890,1045856,683666,362190,418224,False
train_13013_a_1.nii.gz,183,0,2e,category_best,exp007_cont_e100_abs_e200,raw,0.6649735374727646,True,1101890,1042463,712969,329494,388921,False
train_13013_a_1.nii.gz,183,0,2e,category_best,exp007_cont_e100_abs_e200,pp2_whole_lung20,0.6649735374727646,True,1101890,1042463,712969,329494,388921,False
train_13013_a_1.nii.gz,183,0,2e,category_best,exp007_cont_e100_abs_e200,pp3_fine20_corrected_routes,0.6649735374727646,True,1101890,1042463,712969,329494,388921,False
train_13013_a_1.nii.gz,183,0,2e,iso07_best,exp017_cont_e050_abs_e150,raw,0.6632207961581408,True,1101890,1134023,741452,392571,360438,False
train_13013_a_1.nii.gz,183,0,2e,iso07_best,exp017_cont_e050_abs_e150,pp2_whole_lung20,0.6632207961581408,True,1101890,1134023,741452,392571,360438,False
train_13013_a_1.nii.gz,183,0,2e,iso07_best,exp017_cont_e050_abs_e150,pp3_fine20_corrected_routes,0.6632207961581408,True,1101890,1134023,741452,392571,360438,False
train_13013_a_1.nii.gz,183,1,2a,overall_best,exp007_cont_e050_abs_e150,raw,0.009083098088113983,False,2833,62343,296,62047,2537,False
train_13013_a_1.nii.gz,183,1,2a,overall_best,exp007_cont_e050_abs_e150,pp2_whole_lung20,0.010990847167610588,False,2833,51030,296,50734,2537,False
train_13013_a_1.nii.gz,183,1,2a,overall_best,exp007_cont_e050_abs_e150,pp3_fine20_corrected_routes,0.010990847167610588,False,2833,51030,296,50734,2537,False
train_13013_a_1.nii.gz,183,1,2a,category_best,exp009_s3v2_e100,raw,0.014305717242534106,False,2833,56444,424,56020,2409,False
train_13013_a_1.nii.gz,183,1,2a,category_best,exp009_s3v2_e100,pp2_whole_lung20,0.01483840488871479,False,2833,54316,424,53892,2409,False
train_13013_a_1.nii.gz,183,1,2a,category_best,exp009_s3v2_e100,pp3_fine20_corrected_routes,0.01483840488871479,False,2833,54316,424,53892,2409,False
train_13013_a_1.nii.gz,183,1,2a,iso07_best,exp017_cont_e050_abs_e150,raw,0.018552326458141276,False,2833,57968,564,57404,2269,False
train_13013_a_1.nii.gz,183,1,2a,iso07_best,exp017_cont_e050_abs_e150,pp2_whole_lung20,0.02908565832012053,False,2833,35949,564,35385,2269,False
train_13013_a_1.nii.gz,183,1,2a,iso07_best,exp017_cont_e050_abs_e150,pp3_fine20_corrected_routes,0.02908565832012053,False,2833,35949,564,35385,2269,False
train_13013_a_1.nii.gz,183,2,1e,overall_best,exp007_cont_e050_abs_e150,raw,2.6041666598849827e-09,False,137,247,0,247,137,False
train_13013_a_1.nii.gz,183,2,1e,overall_best,exp007_cont_e050_abs_e150,pp2_whole_lung20,2.6109660506241095e-09,False,137,246,0,246,137,False
train_13013_a_1.nii.gz,183,2,1e,overall_best,exp007_cont_e050_abs_e150,pp3_fine20_corrected_routes,2.6109660506241095e-09,False,137,246,0,246,137,False
train_13013_a_1.nii.gz,183,2,1e,category_best,exp012_r02_category_2d_replay50_e100,raw,1.4347202274968145e-09,False,137,560,0,560,137,False
train_13013_a_1.nii.gz,183,2,1e,category_best,exp012_r02_category_2d_replay50_e100,pp2_whole_lung20,1.915708808590596e-09,False,137,385,0,385,137,False
train_13013_a_1.nii.gz,183,2,1e,category_best,exp012_r02_category_2d_replay50_e100,pp3_fine20_corrected_routes,1.915708808590596e-09,False,137,385,0,385,137,False
train_13013_a_1.nii.gz,183,2,1e,iso07_best,exp017_cont_e050_abs_e150,raw,2.217294895305333e-09,False,137,314,0,314,137,False
train_13013_a_1.nii.gz,183,2,1e,iso07_best,exp017_cont_e050_abs_e150,pp2_whole_lung20,2.262443433795377e-09,False,137,305,0,305,137,False
train_13013_a_1.nii.gz,183,2,1e,iso07_best,exp017_cont_e050_abs_e150,pp3_fine20_corrected_routes,2.262443433795377e-09,False,137,305,0,305,137,False
train_13013_a_1.nii.gz,183,3,2d,overall_best,exp007_cont_e050_abs_e150,raw,6.134969287515525e-09,False,163,0,0,0,163,False
train_13013_a_1.nii.gz,183,3,2d,overall_best,exp007_cont_e050_abs_e150,pp2_whole_lung20,6.134969287515525e-09,False,163,0,0,0,163,False
train_13013_a_1.nii.gz,183,3,2d,overall_best,exp007_cont_e050_abs_e150,pp3_fine20_corrected_routes,6.134969287515525e-09,False,163,0,0,0,163,False
train_13013_a_1.nii.gz,183,3,2d,category_best,exp007_cont_e050_abs_e150,raw,6.134969287515525e-09,False,163,0,0,0,163,False
train_13013_a_1.nii.gz,183,3,2d,category_best,exp007_cont_e050_abs_e150,pp2_whole_lung20,6.134969287515525e-09,False,163,0,0,0,163,False
train_13013_a_1.nii.gz,183,3,2d,category_best,exp007_cont_e050_abs_e150,pp3_fine20_corrected_routes,6.134969287515525e-09,False,163,0,0,0,163,False
train_13013_a_1.nii.gz,183,3,2d,iso07_best,exp017_cont_e050_abs_e150,raw,0.23344947801964328,True,163,985,134,851,29,False
train_13013_a_1.nii.gz,183,3,2d,iso07_best,exp017_cont_e050_abs_e150,pp2_whole_lung20,0.23344947801964328,True,163,985,134,851,29,False
train_13013_a_1.nii.gz,183,3,2d,iso07_best,exp017_cont_e050_abs_e150,pp3_fine20_corrected_routes,0.23344947801964328,True,163,985,134,851,29,False
train_19422_a_1.nii.gz,184,0,2d,overall_best,exp007_cont_e050_abs_e150,raw,0.11231044304641048,True,20099,10103,1696,8407,18403,False
train_19422_a_1.nii.gz,184,0,2d,overall_best,exp007_cont_e050_abs_e150,pp2_whole_lung20,0.11231044304641048,True,20099,10103,1696,8407,18403,False
train_19422_a_1.nii.gz,184,0,2d,overall_best,exp007_cont_e050_abs_e150,pp3_fine20_corrected_routes,0.11231044304641048,True,20099,10103,1696,8407,18403,False
train_19422_a_1.nii.gz,184,0,2d,category_best,exp007_cont_e050_abs_e150,raw,0.11231044304641048,True,20099,10103,1696,8407,18403,False
train_19422_a_1.nii.gz,184,0,2d,category_best,exp007_cont_e050_abs_e150,pp2_whole_lung20,0.11231044304641048,True,20099,10103,1696,8407,18403,False
train_19422_a_1.nii.gz,184,0,2d,category_best,exp007_cont_e050_abs_e150,pp3_fine20_corrected_routes,0.11231044304641048,True,20099,10103,1696,8407,18403,False
train_19422_a_1.nii.gz,184,0,2d,iso07_best,exp017_cont_e050_abs_e150,raw,0.11758773103385875,True,20099,13612,1982,11630,18117,False
train_19422_a_1.nii.gz,184,0,2d,iso07_best,exp017_cont_e050_abs_e150,pp2_whole_lung20,0.11758773103385875,True,20099,13612,1982,11630,18117,False
train_19422_a_1.nii.gz,184,0,2d,iso07_best,exp017_cont_e050_abs_e150,pp3_fine20_corrected_routes,0.11758773103385875,True,20099,13612,1982,11630,18117,False
train_19422_a_1.nii.gz,184,1,2c,overall_best,exp007_cont_e050_abs_e150,raw,0.24359878897889992,True,91631,20340,13638,6702,77993,False
train_19422_a_1.nii.gz,184,1,2c,overall_best,exp007_cont_e050_abs_e150,pp2_whole_lung20,0.24359878897889992,True,91631,20340,13638,6702,77993,False
train_19422_a_1.nii.gz,184,1,2c,overall_best,exp007_cont_e050_abs_e150,pp3_fine20_corrected_routes,0.24359878897889992,True,91631,20340,13638,6702,77993,False
train_19422_a_1.nii.gz,184,1,2c,category_best,exp007_cont_e050_abs_e150,raw,0.24359878897889992,True,91631,20340,13638,6702,77993,False
train_19422_a_1.nii.gz,184,1,2c,category_best,exp007_cont_e050_abs_e150,pp2_whole_lung20,0.24359878897889992,True,91631,20340,13638,6702,77993,False
train_19422_a_1.nii.gz,184,1,2c,category_best,exp007_cont_e050_abs_e150,pp3_fine20_corrected_routes,0.24359878897889992,True,91631,20340,13638,6702,77993,False
train_19422_a_1.nii.gz,184,1,2c,iso07_best,exp017_cont_e050_abs_e150,raw,0.3628534909780887,True,91631,33549,22711,10838,68920,False
train_19422_a_1.nii.gz,184,1,2c,iso07_best,exp017_cont_e050_abs_e150,pp2_whole_lung20,0.36516677788382096,True,91631,32756,22711,10045,68920,False
train_19422_a_1.nii.gz,184,1,2c,iso07_best,exp017_cont_e050_abs_e150,pp3_fine20_corrected_routes,0.36516677788382096,True,91631,32756,22711,10045,68920,False
train_3006_a_2.nii.gz,185,0,1c,overall_best,exp007_cont_e050_abs_e150,raw,0.05460755442920043,False,12042,285426,8122,277304,3920,False
train_3006_a_2.nii.gz,185,0,1c,overall_best,exp007_cont_e050_abs_e150,pp2_whole_lung20,0.07009458713463954,False,12042,219702,8122,211580,3920,False
train_3006_a_2.nii.gz,185,0,1c,overall_best,exp007_cont_e050_abs_e150,pp3_fine20_corrected_routes,0.07009458713463954,False,12042,219702,8122,211580,3920,False
train_3006_a_2.nii.gz,185,0,1c,category_best,exp017_cont_e075_abs_e175,raw,0.08591215174956213,False,12042,81961,4038,77923,8004,False
train_3006_a_2.nii.gz,185,0,1c,category_best,exp017_cont_e075_abs_e175,pp2_whole_lung20,0.0944252174832286,False,12042,73486,4038,69448,8004,False
train_3006_a_2.nii.gz,185,0,1c,category_best,exp017_cont_e075_abs_e175,pp3_fine20_corrected_routes,0.0944252174832286,False,12042,73486,4038,69448,8004,False
train_3006_a_2.nii.gz,185,0,1c,iso07_best,exp017_cont_e050_abs_e150,raw,0.058985188275183,False,12042,156068,4958,151110,7084,False
train_3006_a_2.nii.gz,185,0,1c,iso07_best,exp017_cont_e050_abs_e150,pp2_whole_lung20,0.06538352488764014,False,12042,139617,4958,134659,7084,False
train_3006_a_2.nii.gz,185,0,1c,iso07_best,exp017_cont_e050_abs_e150,pp3_fine20_corrected_routes,0.06538352488764014,False,12042,139617,4958,134659,7084,False
train_3006_a_2.nii.gz,185,1,2a,overall_best,exp007_cont_e050_abs_e150,raw,0.480957195864429,True,4117,7751,2854,4897,1263,False
train_3006_a_2.nii.gz,185,1,2a,overall_best,exp007_cont_e050_abs_e150,pp2_whole_lung20,0.4881135625544627,True,4117,7577,2854,4723,1263,False
train_3006_a_2.nii.gz,185,1,2a,overall_best,exp007_cont_e050_abs_e150,pp3_fine20_corrected_routes,0.4881135625544627,True,4117,7577,2854,4723,1263,False
train_3006_a_2.nii.gz,185,1,2a,category_best,exp009_s3v2_e100,raw,0.45379624763687565,True,4117,7289,2588,4701,1529,False
train_3006_a_2.nii.gz,185,1,2a,category_best,exp009_s3v2_e100,pp2_whole_lung20,0.5063588339359852,True,4117,6105,2588,3517,1529,False
train_3006_a_2.nii.gz,185,1,2a,category_best,exp009_s3v2_e100,pp3_fine20_corrected_routes,0.5063588339359852,True,4117,6105,2588,3517,1529,False
train_3006_a_2.nii.gz,185,1,2a,iso07_best,exp017_cont_e050_abs_e150,raw,0.22867562644501413,True,4117,10690,1693,8997,2424,False
train_3006_a_2.nii.gz,185,1,2a,iso07_best,exp017_cont_e050_abs_e150,pp2_whole_lung20,0.47152207220839404,True,4117,3064,1693,1371,2424,False
train_3006_a_2.nii.gz,185,1,2a,iso07_best,exp017_cont_e050_abs_e150,pp3_fine20_corrected_routes,0.47152207220839404,True,4117,3064,1693,1371,2424,False
train_3006_a_2.nii.gz,185,2,2d,overall_best,exp007_cont_e050_abs_e150,raw,0.21333333372181068,True,429,1596,216,1380,213,False
train_3006_a_2.nii.gz,185,2,2d,overall_best,exp007_cont_e050_abs_e150,pp2_whole_lung20,0.21333333372181068,True,429,1596,216,1380,213,False
train_3006_a_2.nii.gz,185,2,2d,overall_best,exp007_cont_e050_abs_e150,pp3_fine20_corrected_routes,0.21333333372181068,True,429,1596,216,1380,213,False
train_3006_a_2.nii.gz,185,2,2d,category_best,exp007_cont_e050_abs_e150,raw,0.21333333372181068,True,429,1596,216,1380,213,False
train_3006_a_2.nii.gz,185,2,2d,category_best,exp007_cont_e050_abs_e150,pp2_whole_lung20,0.21333333372181068,True,429,1596,216,1380,213,False
train_3006_a_2.nii.gz,185,2,2d,category_best,exp007_cont_e050_abs_e150,pp3_fine20_corrected_routes,0.21333333372181068,True,429,1596,216,1380,213,False
train_3006_a_2.nii.gz,185,2,2d,iso07_best,exp017_cont_e050_abs_e150,raw,0.1971995337239209,True,429,1285,169,1116,260,False
train_3006_a_2.nii.gz,185,2,2d,iso07_best,exp017_cont_e050_abs_e150,pp2_whole_lung20,0.1971995337239209,True,429,1285,169,1116,260,False
train_3006_a_2.nii.gz,185,2,2d,iso07_best,exp017_cont_e050_abs_e150,pp3_fine20_corrected_routes,0.1971995337239209,True,429,1285,169,1116,260,False
train_299_a_1.nii.gz,186,0,2c,overall_best,exp007_cont_e050_abs_e150,raw,0.5062562188610397,True,148572,400162,138900,261262,9672,True
train_299_a_1.nii.gz,186,0,2c,overall_best,exp007_cont_e050_abs_e150,pp2_whole_lung20,0.5347583288907427,True,148572,370915,138900,232015,9672,True
train_299_a_1.nii.gz,186,0,2c,overall_best,exp007_cont_e050_abs_e150,pp3_fine20_corrected_routes,0.5347583288907427,True,148572,370915,138900,232015,9672,True
train_299_a_1.nii.gz,186,0,2c,category_best,exp007_cont_e050_abs_e150,raw,0.5062562188610397,True,148572,400162,138900,261262,9672,True
train_299_a_1.nii.gz,186,0,2c,category_best,exp007_cont_e050_abs_e150,pp2_whole_lung20,0.5347583288907427,True,148572,370915,138900,232015,9672,True
train_299_a_1.nii.gz,186,0,2c,category_best,exp007_cont_e050_abs_e150,pp3_fine20_corrected_routes,0.5347583288907427,True,148572,370915,138900,232015,9672,True
train_299_a_1.nii.gz,186,0,2c,iso07_best,exp017_cont_e050_abs_e150,raw,0.6504351150471864,True,148572,259481,132706,126775,15866,True
train_299_a_1.nii.gz,186,0,2c,iso07_best,exp017_cont_e050_abs_e150,pp2_whole_lung20,0.6504351150471864,True,148572,259481,132706,126775,15866,True
train_299_a_1.nii.gz,186,0,2c,iso07_best,exp017_cont_e050_abs_e150,pp3_fine20_corrected_routes,0.6504351150471864,True,148572,259481,132706,126775,15866,True
train_13479_j_1.nii.gz,187,0,2a,overall_best,exp007_cont_e050_abs_e150,raw,0.31097141578042,True,51759,73275,19441,53834,32318,False
train_13479_j_1.nii.gz,187,0,2a,overall_best,exp007_cont_e050_abs_e150,pp2_whole_lung20,0.31097141578042,True,51759,73275,19441,53834,32318,False
train_13479_j_1.nii.gz,187,0,2a,overall_best,exp007_cont_e050_abs_e150,pp3_fine20_corrected_routes,0.31097141578042,True,51759,73275,19441,53834,32318,False
train_13479_j_1.nii.gz,187,0,2a,category_best,exp009_s3v2_e100,raw,0.2702051355658,True,51759,122516,23545,98971,28214,False
train_13479_j_1.nii.gz,187,0,2a,category_best,exp009_s3v2_e100,pp2_whole_lung20,0.2702051355658,True,51759,122516,23545,98971,28214,False
train_13479_j_1.nii.gz,187,0,2a,category_best,exp009_s3v2_e100,pp3_fine20_corrected_routes,0.2702051355658,True,51759,122516,23545,98971,28214,False
train_13479_j_1.nii.gz,187,0,2a,iso07_best,exp017_cont_e050_abs_e150,raw,0.240746787230602,True,51759,67686,14378,53308,37381,False
train_13479_j_1.nii.gz,187,0,2a,iso07_best,exp017_cont_e050_abs_e150,pp2_whole_lung20,0.240746787230602,True,51759,67686,14378,53308,37381,False
train_13479_j_1.nii.gz,187,0,2a,iso07_best,exp017_cont_e050_abs_e150,pp3_fine20_corrected_routes,0.240746787230602,True,51759,67686,14378,53308,37381,False
train_13479_j_1.nii.gz,187,1,2c,overall_best,exp007_cont_e050_abs_e150,raw,0.5409228696551163,True,118519,107125,61028,46097,57491,False
train_13479_j_1.nii.gz,187,1,2c,overall_best,exp007_cont_e050_abs_e150,pp2_whole_lung20,0.5409228696551163,True,118519,107125,61028,46097,57491,False
train_13479_j_1.nii.gz,187,1,2c,overall_best,exp007_cont_e050_abs_e150,pp3_fine20_corrected_routes,0.5409228696551163,True,118519,107125,61028,46097,57491,False
train_13479_j_1.nii.gz,187,1,2c,category_best,exp007_cont_e050_abs_e150,raw,0.5409228696551163,True,118519,107125,61028,46097,57491,False
train_13479_j_1.nii.gz,187,1,2c,category_best,exp007_cont_e050_abs_e150,pp2_whole_lung20,0.5409228696551163,True,118519,107125,61028,46097,57491,False
train_13479_j_1.nii.gz,187,1,2c,category_best,exp007_cont_e050_abs_e150,pp3_fine20_corrected_routes,0.5409228696551163,True,118519,107125,61028,46097,57491,False
train_13479_j_1.nii.gz,187,1,2c,iso07_best,exp017_cont_e050_abs_e150,raw,0.5029378833392638,True,118519,83327,50758,32569,67761,False
train_13479_j_1.nii.gz,187,1,2c,iso07_best,exp017_cont_e050_abs_e150,pp2_whole_lung20,0.5029378833392638,True,118519,83327,50758,32569,67761,False
train_13479_j_1.nii.gz,187,1,2c,iso07_best,exp017_cont_e050_abs_e150,pp3_fine20_corrected_routes,0.5101921839844493,True,118519,80457,50758,29699,67761,False
train_18408_a_2.nii.gz,188,0,2a,overall_best,exp007_cont_e050_abs_e150,raw,0.447792207840018,True,3410,8140,2586,5554,824,False
train_18408_a_2.nii.gz,188,0,2a,overall_best,exp007_cont_e050_abs_e150,pp2_whole_lung20,0.447792207840018,True,3410,8140,2586,5554,824,False
train_18408_a_2.nii.gz,188,0,2a,overall_best,exp007_cont_e050_abs_e150,pp3_fine20_corrected_routes,0.447792207840018,True,3410,8140,2586,5554,824,False
train_18408_a_2.nii.gz,188,0,2a,category_best,exp009_s3v2_e100,raw,0.3853485064448543,True,3410,10650,2709,7941,701,False
train_18408_a_2.nii.gz,188,0,2a,category_best,exp009_s3v2_e100,pp2_whole_lung20,0.3853485064448543,True,3410,10650,2709,7941,701,False
train_18408_a_2.nii.gz,188,0,2a,category_best,exp009_s3v2_e100,pp3_fine20_corrected_routes,0.3853485064448543,True,3410,10650,2709,7941,701,False
train_18408_a_2.nii.gz,188,0,2a,iso07_best,exp017_cont_e050_abs_e150,raw,0.4070682501497304,True,3410,10568,2845,7723,565,False
train_18408_a_2.nii.gz,188,0,2a,iso07_best,exp017_cont_e050_abs_e150,pp2_whole_lung20,0.4070682501497304,True,3410,10568,2845,7723,565,False
train_18408_a_2.nii.gz,188,0,2a,iso07_best,exp017_cont_e050_abs_e150,pp3_fine20_corrected_routes,0.4070682501497304,True,3410,10568,2845,7723,565,False
train_18408_a_2.nii.gz,188,1,2a,overall_best,exp007_cont_e050_abs_e150,raw,0.40452978244547233,True,15157,18487,6805,11682,8352,False
train_18408_a_2.nii.gz,188,1,2a,overall_best,exp007_cont_e050_abs_e150,pp2_whole_lung20,0.40452978244547233,True,15157,18487,6805,11682,8352,False
train_18408_a_2.nii.gz,188,1,2a,overall_best,exp007_cont_e050_abs_e150,pp3_fine20_corrected_routes,0.40452978244547233,True,15157,18487,6805,11682,8352,False
train_18408_a_2.nii.gz,188,1,2a,category_best,exp009_s3v2_e100,raw,0.4595888175932887,True,15157,21615,8450,13165,6707,False
train_18408_a_2.nii.gz,188,1,2a,category_best,exp009_s3v2_e100,pp2_whole_lung20,0.4645920387215584,True,15157,21219,8450,12769,6707,False
train_18408_a_2.nii.gz,188,1,2a,category_best,exp009_s3v2_e100,pp3_fine20_corrected_routes,0.4645920387215584,True,15157,21219,8450,12769,6707,False
train_18408_a_2.nii.gz,188,1,2a,iso07_best,exp017_cont_e050_abs_e150,raw,0.44734109223107105,True,15157,12768,6246,6522,8911,False
train_18408_a_2.nii.gz,188,1,2a,iso07_best,exp017_cont_e050_abs_e150,pp2_whole_lung20,0.44734109223107105,True,15157,12768,6246,6522,8911,False
train_18408_a_2.nii.gz,188,1,2a,iso07_best,exp017_cont_e050_abs_e150,pp3_fine20_corrected_routes,0.44734109223107105,True,15157,12768,6246,6522,8911,False
train_3026_a_2.nii.gz,189,0,1c,overall_best,exp007_cont_e050_abs_e150,raw,0.37319401505417044,True,101532,112271,39895,72376,61637,True
train_3026_a_2.nii.gz,189,0,1c,overall_best,exp007_cont_e050_abs_e150,pp2_whole_lung20,0.3761514600118038,True,101532,110590,39895,70695,61637,True
train_3026_a_2.nii.gz,189,0,1c,overall_best,exp007_cont_e050_abs_e150,pp3_fine20_corrected_routes,0.37675890074900004,True,101532,110248,39895,70353,61637,True
train_3026_a_2.nii.gz,189,0,1c,category_best,exp017_cont_e075_abs_e175,raw,0.3795515243165555,True,101532,96918,37661,59257,63871,True
train_3026_a_2.nii.gz,189,0,1c,category_best,exp017_cont_e075_abs_e175,pp2_whole_lung20,0.3795515243165555,True,101532,96918,37661,59257,63871,True
train_3026_a_2.nii.gz,189,0,1c,category_best,exp017_cont_e075_abs_e175,pp3_fine20_corrected_routes,0.3795515243165555,True,101532,96918,37661,59257,63871,True
train_3026_a_2.nii.gz,189,0,1c,iso07_best,exp017_cont_e050_abs_e150,raw,0.36063261484845033,True,101532,145190,44488,100702,57044,True
train_3026_a_2.nii.gz,189,0,1c,iso07_best,exp017_cont_e050_abs_e150,pp2_whole_lung20,0.36063261484845033,True,101532,145190,44488,100702,57044,True
train_3026_a_2.nii.gz,189,0,1c,iso07_best,exp017_cont_e050_abs_e150,pp3_fine20_corrected_routes,0.36063261484845033,True,101532,145190,44488,100702,57044,True
train_3026_a_2.nii.gz,189,1,2a,overall_best,exp007_cont_e050_abs_e150,raw,0.22823378658149446,True,13909,84420,11221,73199,2688,True
train_3026_a_2.nii.gz,189,1,2a,overall_best,exp007_cont_e050_abs_e150,pp2_whole_lung20,0.2283661673800435,True,13909,84363,11221,73142,2688,True
train_3026_a_2.nii.gz,189,1,2a,overall_best,exp007_cont_e050_abs_e150,pp3_fine20_corrected_routes,0.24743654767197254,True,13909,76789,11221,65568,2688,True
train_3026_a_2.nii.gz,189,1,2a,category_best,exp009_s3v2_e100,raw,0.22737876465890922,True,13909,91114,11940,79174,1969,True
train_3026_a_2.nii.gz,189,1,2a,category_best,exp009_s3v2_e100,pp2_whole_lung20,0.22784737661389176,True,13909,90898,11940,78958,1969,True
train_3026_a_2.nii.gz,189,1,2a,category_best,exp009_s3v2_e100,pp3_fine20_corrected_routes,0.23490758138411613,True,13909,87748,11940,75808,1969,True
train_3026_a_2.nii.gz,189,1,2a,iso07_best,exp017_cont_e050_abs_e150,raw,0.3258820727548249,True,13909,44873,9578,35295,4331,True
train_3026_a_2.nii.gz,189,1,2a,iso07_best,exp017_cont_e050_abs_e150,pp2_whole_lung20,0.3258820727548249,True,13909,44873,9578,35295,4331,True
train_3026_a_2.nii.gz,189,1,2a,iso07_best,exp017_cont_e050_abs_e150,pp3_fine20_corrected_routes,0.3258820727548249,True,13909,44873,9578,35295,4331,True
train_18569_a_2.nii.gz,190,0,2d,overall_best,exp007_cont_e050_abs_e150,raw,0.42293907016867716,True,64,215,59,156,5,False
train_18569_a_2.nii.gz,190,0,2d,overall_best,exp007_cont_e050_abs_e150,pp2_whole_lung20,0.42293907016867716,True,64,215,59,156,5,False
train_18569_a_2.nii.gz,190,0,2d,overall_best,exp007_cont_e050_abs_e150,pp3_fine20_corrected_routes,0.42293907016867716,True,64,215,59,156,5,False
train_18569_a_2.nii.gz,190,0,2d,category_best,exp007_cont_e050_abs_e150,raw,0.42293907016867716,True,64,215,59,156,5,False
train_18569_a_2.nii.gz,190,0,2d,category_best,exp007_cont_e050_abs_e150,pp2_whole_lung20,0.42293907016867716,True,64,215,59,156,5,False
train_18569_a_2.nii.gz,190,0,2d,category_best,exp007_cont_e050_abs_e150,pp3_fine20_corrected_routes,0.42293907016867716,True,64,215,59,156,5,False
train_18569_a_2.nii.gz,190,0,2d,iso07_best,exp017_cont_e050_abs_e150,raw,0.4757709274195113,True,64,163,54,109,10,False
train_18569_a_2.nii.gz,190,0,2d,iso07_best,exp017_cont_e050_abs_e150,pp2_whole_lung20,0.4757709274195113,True,64,163,54,109,10,False
train_18569_a_2.nii.gz,190,0,2d,iso07_best,exp017_cont_e050_abs_e150,pp3_fine20_corrected_routes,0.4757709274195113,True,64,163,54,109,10,False
train_19209_a_2.nii.gz,191,0,2a,overall_best,exp007_cont_e050_abs_e150,raw,0.426100096997404,True,16875,27462,9446,18016,7429,False
train_19209_a_2.nii.gz,191,0,2a,overall_best,exp007_cont_e050_abs_e150,pp2_whole_lung20,0.4269764498615247,True,16875,27371,9446,17925,7429,False
train_19209_a_2.nii.gz,191,0,2a,overall_best,exp007_cont_e050_abs_e150,pp3_fine20_corrected_routes,0.4269764498615247,True,16875,27371,9446,17925,7429,False
train_19209_a_2.nii.gz,191,0,2a,category_best,exp009_s3v2_e100,raw,0.34108772248303626,True,16875,27401,7551,19850,9324,False
train_19209_a_2.nii.gz,191,0,2a,category_best,exp009_s3v2_e100,pp2_whole_lung20,0.34108772248303626,True,16875,27401,7551,19850,9324,False
train_19209_a_2.nii.gz,191,0,2a,category_best,exp009_s3v2_e100,pp3_fine20_corrected_routes,0.34108772248303626,True,16875,27401,7551,19850,9324,False
train_19209_a_2.nii.gz,191,0,2a,iso07_best,exp017_cont_e050_abs_e150,raw,0.4512184955830934,True,16875,19112,8119,10993,8756,False
train_19209_a_2.nii.gz,191,0,2a,iso07_best,exp017_cont_e050_abs_e150,pp2_whole_lung20,0.4512184955830934,True,16875,19112,8119,10993,8756,False
train_19209_a_2.nii.gz,191,0,2a,iso07_best,exp017_cont_e050_abs_e150,pp3_fine20_corrected_routes,0.4512184955830934,True,16875,19112,8119,10993,8756,False
train_19209_a_2.nii.gz,191,1,2b,overall_best,exp007_cont_e050_abs_e150,raw,0.4607186618567601,True,14062,21031,8084,12947,5978,False
train_19209_a_2.nii.gz,191,1,2b,overall_best,exp007_cont_e050_abs_e150,pp2_whole_lung20,0.46098138170498726,True,14062,21011,8084,12927,5978,False
train_19209_a_2.nii.gz,191,1,2b,overall_best,exp007_cont_e050_abs_e150,pp3_fine20_corrected_routes,0.46098138170498726,True,14062,21011,8084,12927,5978,False
train_19209_a_2.nii.gz,191,1,2b,category_best,exp013_category_2all_focal_target100_e100,raw,0.5547281966202829,True,14062,17229,8679,8550,5383,False
train_19209_a_2.nii.gz,191,1,2b,category_best,exp013_category_2all_focal_target100_e100,pp2_whole_lung20,0.5664034458145792,True,14062,16584,8679,7905,5383,False
train_19209_a_2.nii.gz,191,1,2b,category_best,exp013_category_2all_focal_target100_e100,pp3_fine20_corrected_routes,0.5664034458145792,True,14062,16584,8679,7905,5383,False
train_19209_a_2.nii.gz,191,1,2b,iso07_best,exp017_cont_e050_abs_e150,raw,0.4307783240796653,True,14062,23159,8017,15142,6045,False
train_19209_a_2.nii.gz,191,1,2b,iso07_best,exp017_cont_e050_abs_e150,pp2_whole_lung20,0.4434058792775807,True,14062,22099,8017,14082,6045,False
train_19209_a_2.nii.gz,191,1,2b,iso07_best,exp017_cont_e050_abs_e150,pp3_fine20_corrected_routes,0.4434058792775807,True,14062,22099,8017,14082,6045,False
train_19209_a_2.nii.gz,191,2,2d,overall_best,exp007_cont_e050_abs_e150,raw,0.7983193285784902,True,129,109,95,14,34,False
train_19209_a_2.nii.gz,191,2,2d,overall_best,exp007_cont_e050_abs_e150,pp2_whole_lung20,0.7983193285784902,True,129,109,95,14,34,False
train_19209_a_2.nii.gz,191,2,2d,overall_best,exp007_cont_e050_abs_e150,pp3_fine20_corrected_routes,0.7983193285784902,True,129,109,95,14,34,False
train_19209_a_2.nii.gz,191,2,2d,category_best,exp007_cont_e050_abs_e150,raw,0.7983193285784902,True,129,109,95,14,34,False
train_19209_a_2.nii.gz,191,2,2d,category_best,exp007_cont_e050_abs_e150,pp2_whole_lung20,0.7983193285784902,True,129,109,95,14,34,False
train_19209_a_2.nii.gz,191,2,2d,category_best,exp007_cont_e050_abs_e150,pp3_fine20_corrected_routes,0.7983193285784902,True,129,109,95,14,34,False
train_19209_a_2.nii.gz,191,2,2d,iso07_best,exp017_cont_e050_abs_e150,raw,0.7651515160410928,True,129,135,101,34,28,False
train_19209_a_2.nii.gz,191,2,2d,iso07_best,exp017_cont_e050_abs_e150,pp2_whole_lung20,0.8347107444846663,True,129,113,101,12,28,False
train_19209_a_2.nii.gz,191,2,2d,iso07_best,exp017_cont_e050_abs_e150,pp3_fine20_corrected_routes,0.8347107444846663,True,129,113,101,12,28,False
train_2995_a_2.nii.gz,192,0,2d,overall_best,exp007_cont_e050_abs_e150,raw,0.34829932061455876,True,267,468,128,340,139,False
train_2995_a_2.nii.gz,192,0,2d,overall_best,exp007_cont_e050_abs_e150,pp2_whole_lung20,0.34829932061455876,True,267,468,128,340,139,False
train_2995_a_2.nii.gz,192,0,2d,overall_best,exp007_cont_e050_abs_e150,pp3_fine20_corrected_routes,0.34829932061455876,True,267,468,128,340,139,False
train_2995_a_2.nii.gz,192,0,2d,category_best,exp007_cont_e050_abs_e150,raw,0.34829932061455876,True,267,468,128,340,139,False
train_2995_a_2.nii.gz,192,0,2d,category_best,exp007_cont_e050_abs_e150,pp2_whole_lung20,0.34829932061455876,True,267,468,128,340,139,False
train_2995_a_2.nii.gz,192,0,2d,category_best,exp007_cont_e050_abs_e150,pp3_fine20_corrected_routes,0.34829932061455876,True,267,468,128,340,139,False
train_2995_a_2.nii.gz,192,0,2d,iso07_best,exp017_cont_e050_abs_e150,raw,0.3232323240868279,True,267,525,128,397,139,False
train_2995_a_2.nii.gz,192,0,2d,iso07_best,exp017_cont_e050_abs_e150,pp2_whole_lung20,0.3232323240868279,True,267,525,128,397,139,False
train_2995_a_2.nii.gz,192,0,2d,iso07_best,exp017_cont_e050_abs_e150,pp3_fine20_corrected_routes,0.3417890529482122,True,267,482,128,354,139,False
train_19465_a_1.nii.gz,193,0,2d,overall_best,exp007_cont_e050_abs_e150,raw,0.9056603774697402,True,417,431,384,47,33,False
train_19465_a_1.nii.gz,193,0,2d,overall_best,exp007_cont_e050_abs_e150,pp2_whole_lung20,0.9056603774697402,True,417,431,384,47,33,False
train_19465_a_1.nii.gz,193,0,2d,overall_best,exp007_cont_e050_abs_e150,pp3_fine20_corrected_routes,0.9056603774697402,True,417,431,384,47,33,False
train_19465_a_1.nii.gz,193,0,2d,category_best,exp007_cont_e050_abs_e150,raw,0.9056603774697402,True,417,431,384,47,33,False
train_19465_a_1.nii.gz,193,0,2d,category_best,exp007_cont_e050_abs_e150,pp2_whole_lung20,0.9056603774697402,True,417,431,384,47,33,False
train_19465_a_1.nii.gz,193,0,2d,category_best,exp007_cont_e050_abs_e150,pp3_fine20_corrected_routes,0.9056603774697402,True,417,431,384,47,33,False
train_19465_a_1.nii.gz,193,0,2d,iso07_best,exp017_cont_e050_abs_e150,raw,0.7654921023505564,True,417,406,315,91,102,False
train_19465_a_1.nii.gz,193,0,2d,iso07_best,exp017_cont_e050_abs_e150,pp2_whole_lung20,0.7654921023505564,True,417,406,315,91,102,False
train_19465_a_1.nii.gz,193,0,2d,iso07_best,exp017_cont_e050_abs_e150,pp3_fine20_corrected_routes,0.8490566039770127,True,417,325,315,10,102,False
train_2568_a_5.nii.gz,194,0,2d,overall_best,exp007_cont_e050_abs_e150,raw,0.5266129034166884,True,906,1574,653,921,253,False
train_2568_a_5.nii.gz,194,0,2d,overall_best,exp007_cont_e050_abs_e150,pp2_whole_lung20,0.5266129034166884,True,906,1574,653,921,253,False
train_2568_a_5.nii.gz,194,0,2d,overall_best,exp007_cont_e050_abs_e150,pp3_fine20_corrected_routes,0.5266129034166884,True,906,1574,653,921,253,False
train_2568_a_5.nii.gz,194,0,2d,category_best,exp007_cont_e050_abs_e150,raw,0.5266129034166884,True,906,1574,653,921,253,False
train_2568_a_5.nii.gz,194,0,2d,category_best,exp007_cont_e050_abs_e150,pp2_whole_lung20,0.5266129034166884,True,906,1574,653,921,253,False
train_2568_a_5.nii.gz,194,0,2d,category_best,exp007_cont_e050_abs_e150,pp3_fine20_corrected_routes,0.5266129034166884,True,906,1574,653,921,253,False
train_2568_a_5.nii.gz,194,0,2d,iso07_best,exp017_cont_e050_abs_e150,raw,0.6295828067300536,True,906,1467,747,720,159,False
train_2568_a_5.nii.gz,194,0,2d,iso07_best,exp017_cont_e050_abs_e150,pp2_whole_lung20,0.6295828067300536,True,906,1467,747,720,159,False
train_2568_a_5.nii.gz,194,0,2d,iso07_best,exp017_cont_e050_abs_e150,pp3_fine20_corrected_routes,0.6295828067300536,True,906,1467,747,720,159,False
train_2577_a_1.nii.gz,195,0,2c,overall_best,exp007_cont_e050_abs_e150,raw,0.29507797371706695,True,169658,314736,71467,243269,98191,False
train_2577_a_1.nii.gz,195,0,2c,overall_best,exp007_cont_e050_abs_e150,pp2_whole_lung20,0.29507797371706695,True,169658,314736,71467,243269,98191,False
train_2577_a_1.nii.gz,195,0,2c,overall_best,exp007_cont_e050_abs_e150,pp3_fine20_corrected_routes,0.29507797371706695,True,169658,314736,71467,243269,98191,False
train_2577_a_1.nii.gz,195,0,2c,category_best,exp007_cont_e050_abs_e150,raw,0.29507797371706695,True,169658,314736,71467,243269,98191,False
train_2577_a_1.nii.gz,195,0,2c,category_best,exp007_cont_e050_abs_e150,pp2_whole_lung20,0.29507797371706695,True,169658,314736,71467,243269,98191,False
train_2577_a_1.nii.gz,195,0,2c,category_best,exp007_cont_e050_abs_e150,pp3_fine20_corrected_routes,0.29507797371706695,True,169658,314736,71467,243269,98191,False
train_2577_a_1.nii.gz,195,0,2c,iso07_best,exp017_cont_e050_abs_e150,raw,0.25179717939073754,True,169658,194802,45885,148917,123773,False
train_2577_a_1.nii.gz,195,0,2c,iso07_best,exp017_cont_e050_abs_e150,pp2_whole_lung20,0.25179717939073754,True,169658,194802,45885,148917,123773,False
train_2577_a_1.nii.gz,195,0,2c,iso07_best,exp017_cont_e050_abs_e150,pp3_fine20_corrected_routes,0.25179717939073754,True,169658,194802,45885,148917,123773,False
train_2577_a_1.nii.gz,195,1,1d,overall_best,exp007_cont_e050_abs_e150,raw,0.02534056872563867,False,78842,160537,3033,157504,75809,False
train_2577_a_1.nii.gz,195,1,1d,overall_best,exp007_cont_e050_abs_e150,pp2_whole_lung20,0.02534056872563867,False,78842,160537,3033,157504,75809,False
train_2577_a_1.nii.gz,195,1,1d,overall_best,exp007_cont_e050_abs_e150,pp3_fine20_corrected_routes,0.02534056872563867,False,78842,160537,3033,157504,75809,False
train_2577_a_1.nii.gz,195,1,1d,category_best,exp011_e4d4_clip_linear_e100,raw,0.07512199825620136,False,78842,294524,14024,280500,64818,False
train_2577_a_1.nii.gz,195,1,1d,category_best,exp011_e4d4_clip_linear_e100,pp2_whole_lung20,0.07523968432200256,False,78842,293940,14024,279916,64818,False
train_2577_a_1.nii.gz,195,1,1d,category_best,exp011_e4d4_clip_linear_e100,pp3_fine20_corrected_routes,0.07523968432200256,False,78842,293940,14024,279916,64818,False
train_2577_a_1.nii.gz,195,1,1d,iso07_best,exp017_cont_e050_abs_e150,raw,7.584261141222096e-12,False,78842,53010,0,53010,78842,False
train_2577_a_1.nii.gz,195,1,1d,iso07_best,exp017_cont_e050_abs_e150,pp2_whole_lung20,7.584261141222096e-12,False,78842,53010,0,53010,78842,False
train_2577_a_1.nii.gz,195,1,1d,iso07_best,exp017_cont_e050_abs_e150,pp3_fine20_corrected_routes,7.584261141222096e-12,False,78842,53010,0,53010,78842,False
train_2577_a_1.nii.gz,195,2,2b,overall_best,exp007_cont_e050_abs_e150,raw,0.6124872057339761,True,96835,83910,55352,28558,41483,False
train_2577_a_1.nii.gz,195,2,2b,overall_best,exp007_cont_e050_abs_e150,pp2_whole_lung20,0.6124872057339761,True,96835,83910,55352,28558,41483,False
train_2577_a_1.nii.gz,195,2,2b,overall_best,exp007_cont_e050_abs_e150,pp3_fine20_corrected_routes,0.6124872057339761,True,96835,83910,55352,28558,41483,False
train_2577_a_1.nii.gz,195,2,2b,category_best,exp013_category_2all_focal_target100_e100,raw,0.5443697645959383,True,96835,54180,41104,13076,55731,False
train_2577_a_1.nii.gz,195,2,2b,category_best,exp013_category_2all_focal_target100_e100,pp2_whole_lung20,0.5443697645959383,True,96835,54180,41104,13076,55731,False
train_2577_a_1.nii.gz,195,2,2b,category_best,exp013_category_2all_focal_target100_e100,pp3_fine20_corrected_routes,0.5443697645959383,True,96835,54180,41104,13076,55731,False
train_2577_a_1.nii.gz,195,2,2b,iso07_best,exp017_cont_e050_abs_e150,raw,0.6288815633730436,True,96835,67886,51795,16091,45040,False
train_2577_a_1.nii.gz,195,2,2b,iso07_best,exp017_cont_e050_abs_e150,pp2_whole_lung20,0.6288815633730436,True,96835,67886,51795,16091,45040,False
train_2577_a_1.nii.gz,195,2,2b,iso07_best,exp017_cont_e050_abs_e150,pp3_fine20_corrected_routes,0.6288815633730436,True,96835,67886,51795,16091,45040,False
train_13479_e_1.nii.gz,196,0,2c,overall_best,exp007_cont_e050_abs_e150,raw,0.20075733487960248,True,56666,116309,17363,98946,39303,False
train_13479_e_1.nii.gz,196,0,2c,overall_best,exp007_cont_e050_abs_e150,pp2_whole_lung20,0.20075733487960248,True,56666,116309,17363,98946,39303,False
train_13479_e_1.nii.gz,196,0,2c,overall_best,exp007_cont_e050_abs_e150,pp3_fine20_corrected_routes,0.20075733487960248,True,56666,116309,17363,98946,39303,False
train_13479_e_1.nii.gz,196,0,2c,category_best,exp007_cont_e050_abs_e150,raw,0.20075733487960248,True,56666,116309,17363,98946,39303,False
train_13479_e_1.nii.gz,196,0,2c,category_best,exp007_cont_e050_abs_e150,pp2_whole_lung20,0.20075733487960248,True,56666,116309,17363,98946,39303,False
train_13479_e_1.nii.gz,196,0,2c,category_best,exp007_cont_e050_abs_e150,pp3_fine20_corrected_routes,0.20075733487960248,True,56666,116309,17363,98946,39303,False
train_13479_e_1.nii.gz,196,0,2c,iso07_best,exp017_cont_e050_abs_e150,raw,0.18230065013282556,True,56666,63926,10992,52934,45674,False
train_13479_e_1.nii.gz,196,0,2c,iso07_best,exp017_cont_e050_abs_e150,pp2_whole_lung20,0.18395267302727034,True,56666,62843,10992,51851,45674,False
train_13479_e_1.nii.gz,196,0,2c,iso07_best,exp017_cont_e050_abs_e150,pp3_fine20_corrected_routes,0.18230065013282556,True,56666,63926,10992,52934,45674,False
train_13479_e_1.nii.gz,196,1,2b,overall_best,exp007_cont_e050_abs_e150,raw,0.16402005851190957,True,12715,92577,8635,83942,4080,False
train_13479_e_1.nii.gz,196,1,2b,overall_best,exp007_cont_e050_abs_e150,pp2_whole_lung20,0.16402005851190957,True,12715,92577,8635,83942,4080,False
train_13479_e_1.nii.gz,196,1,2b,overall_best,exp007_cont_e050_abs_e150,pp3_fine20_corrected_routes,0.16402005851190957,True,12715,92577,8635,83942,4080,False
train_13479_e_1.nii.gz,196,1,2b,category_best,exp013_category_2all_focal_target100_e100,raw,0.23387362457610408,True,12715,47993,7099,40894,5616,False
train_13479_e_1.nii.gz,196,1,2b,category_best,exp013_category_2all_focal_target100_e100,pp2_whole_lung20,0.2339083016320877,True,12715,47984,7099,40885,5616,False
train_13479_e_1.nii.gz,196,1,2b,category_best,exp013_category_2all_focal_target100_e100,pp3_fine20_corrected_routes,0.2339083016320877,True,12715,47984,7099,40885,5616,False
train_13479_e_1.nii.gz,196,1,2b,iso07_best,exp017_cont_e050_abs_e150,raw,0.24031424707446558,True,12715,48638,7372,41266,5343,False
train_13479_e_1.nii.gz,196,1,2b,iso07_best,exp017_cont_e050_abs_e150,pp2_whole_lung20,0.24031424707446558,True,12715,48638,7372,41266,5343,False
train_13479_e_1.nii.gz,196,1,2b,iso07_best,exp017_cont_e050_abs_e150,pp3_fine20_corrected_routes,0.24031424707446558,True,12715,48638,7372,41266,5343,False
train_13479_e_1.nii.gz,196,2,2c,overall_best,exp007_cont_e050_abs_e150,raw,0.1660725051825338,True,14551,138045,12671,125374,1880,False
train_13479_e_1.nii.gz,196,2,2c,overall_best,exp007_cont_e050_abs_e150,pp2_whole_lung20,0.1660725051825338,True,14551,138045,12671,125374,1880,False
train_13479_e_1.nii.gz,196,2,2c,overall_best,exp007_cont_e050_abs_e150,pp3_fine20_corrected_routes,0.1660725051825338,True,14551,138045,12671,125374,1880,False
train_13479_e_1.nii.gz,196,2,2c,category_best,exp007_cont_e050_abs_e150,raw,0.1660725051825338,True,14551,138045,12671,125374,1880,False
train_13479_e_1.nii.gz,196,2,2c,category_best,exp007_cont_e050_abs_e150,pp2_whole_lung20,0.1660725051825338,True,14551,138045,12671,125374,1880,False
train_13479_e_1.nii.gz,196,2,2c,category_best,exp007_cont_e050_abs_e150,pp3_fine20_corrected_routes,0.1660725051825338,True,14551,138045,12671,125374,1880,False
train_13479_e_1.nii.gz,196,2,2c,iso07_best,exp017_cont_e050_abs_e150,raw,0.18643682927873279,True,14551,86738,9442,77296,5109,False
train_13479_e_1.nii.gz,196,2,2c,iso07_best,exp017_cont_e050_abs_e150,pp2_whole_lung20,0.18643682927873279,True,14551,86738,9442,77296,5109,False
train_13479_e_1.nii.gz,196,2,2c,iso07_best,exp017_cont_e050_abs_e150,pp3_fine20_corrected_routes,0.18643682927873279,True,14551,86738,9442,77296,5109,False
train_18597_a_1.nii.gz,197,0,2d,overall_best,exp007_cont_e050_abs_e150,raw,0.39295947630251354,True,1019,1424,480,944,539,False
train_18597_a_1.nii.gz,197,0,2d,overall_best,exp007_cont_e050_abs_e150,pp2_whole_lung20,0.39295947630251354,True,1019,1424,480,944,539,False
train_18597_a_1.nii.gz,197,0,2d,overall_best,exp007_cont_e050_abs_e150,pp3_fine20_corrected_routes,0.39295947630251354,True,1019,1424,480,944,539,False
train_18597_a_1.nii.gz,197,0,2d,category_best,exp007_cont_e050_abs_e150,raw,0.39295947630251354,True,1019,1424,480,944,539,False
train_18597_a_1.nii.gz,197,0,2d,category_best,exp007_cont_e050_abs_e150,pp2_whole_lung20,0.39295947630251354,True,1019,1424,480,944,539,False
train_18597_a_1.nii.gz,197,0,2d,category_best,exp007_cont_e050_abs_e150,pp3_fine20_corrected_routes,0.39295947630251354,True,1019,1424,480,944,539,False
train_18597_a_1.nii.gz,197,0,2d,iso07_best,exp017_cont_e050_abs_e150,raw,0.503105590282562,True,1019,1235,567,668,452,False
train_18597_a_1.nii.gz,197,0,2d,iso07_best,exp017_cont_e050_abs_e150,pp2_whole_lung20,0.5055728936667085,True,1019,1224,567,657,452,False
train_18597_a_1.nii.gz,197,0,2d,iso07_best,exp017_cont_e050_abs_e150,pp3_fine20_corrected_routes,0.5055728936667085,True,1019,1224,567,657,452,False
train_3026_b_2.nii.gz,198,0,1c,overall_best,exp007_cont_e050_abs_e150,raw,0.35236080146731125,True,162164,189941,62034,127907,100130,False
train_3026_b_2.nii.gz,198,0,1c,overall_best,exp007_cont_e050_abs_e150,pp2_whole_lung20,0.354974936484713,True,162164,187348,62034,125314,100130,False
train_3026_b_2.nii.gz,198,0,1c,overall_best,exp007_cont_e050_abs_e150,pp3_fine20_corrected_routes,0.354974936484713,True,162164,187348,62034,125314,100130,False
train_3026_b_2.nii.gz,198,0,1c,category_best,exp017_cont_e075_abs_e175,raw,0.3633983690960341,True,162164,177034,61632,115402,100532,False
train_3026_b_2.nii.gz,198,0,1c,category_best,exp017_cont_e075_abs_e175,pp2_whole_lung20,0.363495887730529,True,162164,176943,61632,115311,100532,False
train_3026_b_2.nii.gz,198,0,1c,category_best,exp017_cont_e075_abs_e175,pp3_fine20_corrected_routes,0.363495887730529,True,162164,176943,61632,115311,100532,False
train_3026_b_2.nii.gz,198,0,1c,iso07_best,exp017_cont_e050_abs_e150,raw,0.3833394556184886,True,162164,224402,74093,150309,88071,False
train_3026_b_2.nii.gz,198,0,1c,iso07_best,exp017_cont_e050_abs_e150,pp2_whole_lung20,0.3833394556184886,True,162164,224402,74093,150309,88071,False
train_3026_b_2.nii.gz,198,0,1c,iso07_best,exp017_cont_e050_abs_e150,pp3_fine20_corrected_routes,0.3833394556184886,True,162164,224402,74093,150309,88071,False
train_3026_b_2.nii.gz,198,1,2h,overall_best,exp007_cont_e050_abs_e150,raw,0.3043683961619996,True,11956,57795,10615,47180,1341,False
train_3026_b_2.nii.gz,198,1,2h,overall_best,exp007_cont_e050_abs_e150,pp2_whole_lung20,0.3043683961619996,True,11956,57795,10615,47180,1341,False
train_3026_b_2.nii.gz,198,1,2h,overall_best,exp007_cont_e050_abs_e150,pp3_fine20_corrected_routes,0.3043683961619996,True,11956,57795,10615,47180,1341,False
train_3026_b_2.nii.gz,198,1,2h,category_best,exp017_cont_e075_abs_e175,raw,0.24944430172741808,True,11956,77571,11166,66405,790,False
train_3026_b_2.nii.gz,198,1,2h,category_best,exp017_cont_e075_abs_e175,pp2_whole_lung20,0.24944430172741808,True,11956,77571,11166,66405,790,False
train_3026_b_2.nii.gz,198,1,2h,category_best,exp017_cont_e075_abs_e175,pp3_fine20_corrected_routes,0.24944430172741808,True,11956,77571,11166,66405,790,False
train_3026_b_2.nii.gz,198,1,2h,iso07_best,exp017_cont_e050_abs_e150,raw,0.3007326993764157,True,11956,58605,10610,47995,1346,False
train_3026_b_2.nii.gz,198,1,2h,iso07_best,exp017_cont_e050_abs_e150,pp2_whole_lung20,0.3007326993764157,True,11956,58605,10610,47995,1346,False
train_3026_b_2.nii.gz,198,1,2h,iso07_best,exp017_cont_e050_abs_e150,pp3_fine20_corrected_routes,0.3007326993764157,True,11956,58605,10610,47995,1346,False
train_3026_b_2.nii.gz,198,2,2a,overall_best,exp007_cont_e050_abs_e150,raw,0.4478864794722568,True,40931,29118,15687,13431,25244,False
train_3026_b_2.nii.gz,198,2,2a,overall_best,exp007_cont_e050_abs_e150,pp2_whole_lung20,0.44796321944903467,True,40931,29106,15687,13419,25244,False
train_3026_b_2.nii.gz,198,2,2a,overall_best,exp007_cont_e050_abs_e150,pp3_fine20_corrected_routes,0.4478864794722568,True,40931,29118,15687,13431,25244,False
train_3026_b_2.nii.gz,198,2,2a,category_best,exp009_s3v2_e100,raw,0.4472903454170325,True,40931,32547,16433,16114,24498,False
train_3026_b_2.nii.gz,198,2,2a,category_best,exp009_s3v2_e100,pp2_whole_lung20,0.4507934766284336,True,40931,31976,16433,15543,24498,False
train_3026_b_2.nii.gz,198,2,2a,category_best,exp009_s3v2_e100,pp3_fine20_corrected_routes,0.4472903454170325,True,40931,32547,16433,16114,24498,False
train_3026_b_2.nii.gz,198,2,2a,iso07_best,exp017_cont_e050_abs_e150,raw,0.4409047572173307,True,40931,19903,13411,6492,27520,False
train_3026_b_2.nii.gz,198,2,2a,iso07_best,exp017_cont_e050_abs_e150,pp2_whole_lung20,0.4409047572173307,True,40931,19903,13411,6492,27520,False
train_3026_b_2.nii.gz,198,2,2a,iso07_best,exp017_cont_e050_abs_e150,pp3_fine20_corrected_routes,0.4409047572173307,True,40931,19903,13411,6492,27520,False
train_3026_b_2.nii.gz,198,3,2d,overall_best,exp007_cont_e050_abs_e150,raw,0.4905660386970452,True,267,263,130,133,137,False
train_3026_b_2.nii.gz,198,3,2d,overall_best,exp007_cont_e050_abs_e150,pp2_whole_lung20,0.4905660386970452,True,267,263,130,133,137,False
train_3026_b_2.nii.gz,198,3,2d,overall_best,exp007_cont_e050_abs_e150,pp3_fine20_corrected_routes,0.4905660386970452,True,267,263,130,133,137,False
train_3026_b_2.nii.gz,198,3,2d,category_best,exp007_cont_e050_abs_e150,raw,0.4905660386970452,True,267,263,130,133,137,False
train_3026_b_2.nii.gz,198,3,2d,category_best,exp007_cont_e050_abs_e150,pp2_whole_lung20,0.4905660386970452,True,267,263,130,133,137,False
train_3026_b_2.nii.gz,198,3,2d,category_best,exp007_cont_e050_abs_e150,pp3_fine20_corrected_routes,0.4905660386970452,True,267,263,130,133,137,False
train_3026_b_2.nii.gz,198,3,2d,iso07_best,exp017_cont_e050_abs_e150,raw,0.5059665882912492,True,267,152,106,46,161,False
train_3026_b_2.nii.gz,198,3,2d,iso07_best,exp017_cont_e050_abs_e150,pp2_whole_lung20,0.5059665882912492,True,267,152,106,46,161,False
train_3026_b_2.nii.gz,198,3,2d,iso07_best,exp017_cont_e050_abs_e150,pp3_fine20_corrected_routes,0.5059665882912492,True,267,152,106,46,161,False
train_13177_a_2.nii.gz,199,0,2b,overall_best,exp007_cont_e050_abs_e150,raw,0.5531828018638201,True,16453,8038,6774,1264,9679,False
train_13177_a_2.nii.gz,199,0,2b,overall_best,exp007_cont_e050_abs_e150,pp2_whole_lung20,0.5531828018638201,True,16453,8038,6774,1264,9679,False
train_13177_a_2.nii.gz,199,0,2b,overall_best,exp007_cont_e050_abs_e150,pp3_fine20_corrected_routes,0.5532053899733277,True,16453,8037,6774,1263,9679,False
train_13177_a_2.nii.gz,199,0,2b,category_best,exp013_category_2all_focal_target100_e100,raw,0.5882442981942353,True,16453,9679,7686,1993,8767,False
train_13177_a_2.nii.gz,199,0,2b,category_best,exp013_category_2all_focal_target100_e100,pp2_whole_lung20,0.5882442981942353,True,16453,9679,7686,1993,8767,False
train_13177_a_2.nii.gz,199,0,2b,category_best,exp013_category_2all_focal_target100_e100,pp3_fine20_corrected_routes,0.5882442981942353,True,16453,9679,7686,1993,8767,False
train_13177_a_2.nii.gz,199,0,2b,iso07_best,exp017_cont_e050_abs_e150,raw,0.5714619609843223,True,16453,9218,7335,1883,9118,False
train_13177_a_2.nii.gz,199,0,2b,iso07_best,exp017_cont_e050_abs_e150,pp2_whole_lung20,0.5771727584066895,True,16453,8964,7335,1629,9118,False
train_13177_a_2.nii.gz,199,0,2b,iso07_best,exp017_cont_e050_abs_e150,pp3_fine20_corrected_routes,0.5771727584066895,True,16453,8964,7335,1629,9118,False
train_13177_a_2.nii.gz,199,1,1f,overall_best,exp007_cont_e050_abs_e150,raw,0.6143790855974198,True,369,243,188,55,181,True
train_13177_a_2.nii.gz,199,1,1f,overall_best,exp007_cont_e050_abs_e150,pp2_whole_lung20,0.6143790855974198,True,369,243,188,55,181,True
train_13177_a_2.nii.gz,199,1,1f,overall_best,exp007_cont_e050_abs_e150,pp3_fine20_corrected_routes,0.6143790855974198,True,369,243,188,55,181,True
train_13177_a_2.nii.gz,199,1,1f,category_best,exp007_cont_e100_abs_e200,raw,0.6108374390626643,True,369,240,186,54,183,True
train_13177_a_2.nii.gz,199,1,1f,category_best,exp007_cont_e100_abs_e200,pp2_whole_lung20,0.6108374390626643,True,369,240,186,54,183,True
train_13177_a_2.nii.gz,199,1,1f,category_best,exp007_cont_e100_abs_e200,pp3_fine20_corrected_routes,0.6108374390626643,True,369,240,186,54,183,True
train_13177_a_2.nii.gz,199,1,1f,iso07_best,exp017_cont_e050_abs_e150,raw,0.576856650126327,True,369,210,167,43,202,True
train_13177_a_2.nii.gz,199,1,1f,iso07_best,exp017_cont_e050_abs_e150,pp2_whole_lung20,0.576856650126327,True,369,210,167,43,202,True
train_13177_a_2.nii.gz,199,1,1f,iso07_best,exp017_cont_e050_abs_e150,pp3_fine20_corrected_routes,0.576856650126327,True,369,210,167,43,202,True
